tree
version=v4
num_class=1
num_tree_per_iteration=1
label_index=0
max_feature_idx=191
objective=regression
feature_names=Column_0 Column_1 Column_2 Column_3 Column_4 Column_5 Column_6 Column_7 Column_8 Column_9 Column_10 Column_11 Column_12 Column_13 Column_14 Column_15 Column_16 Column_17 Column_18 Column_19 Column_20 Column_21 Column_22 Column_23 Column_24 Column_25 Column_26 Column_27 Column_28 Column_29 Column_30 Column_31 Column_32 Column_33 Column_34 Column_35 Column_36 Column_37 Column_38 Column_39 Column_40 Column_41 Column_42 Column_43 Column_44 Column_45 Column_46 Column_47 Column_48 Column_49 Column_50 Column_51 Column_52 Column_53 Column_54 Column_55 Column_56 Column_57 Column_58 Column_59 Column_60 Column_61 Column_62 Column_63 Column_64 Column_65 Column_66 Column_67 Column_68 Column_69 Column_70 Column_71 Column_72 Column_73 Column_74 Column_75 Column_76 Column_77 Column_78 Column_79 Column_80 Column_81 Column_82 Column_83 Column_84 Column_85 Column_86 Column_87 Column_88 Column_89 Column_90 Column_91 Column_92 Column_93 Column_94 Column_95 Column_96 Column_97 Column_98 Column_99 Column_100 Column_101 Column_102 Column_103 Column_104 Column_105 Column_106 Column_107 Column_108 Column_109 Column_110 Column_111 Column_112 Column_113 Column_114 Column_115 Column_116 Column_117 Column_118 Column_119 Column_120 Column_121 Column_122 Column_123 Column_124 Column_125 Column_126 Column_127 Column_128 Column_129 Column_130 Column_131 Column_132 Column_133 Column_134 Column_135 Column_136 Column_137 Column_138 Column_139 Column_140 Column_141 Column_142 Column_143 Column_144 Column_145 Column_146 Column_147 Column_148 Column_149 Column_150 Column_151 Column_152 Column_153 Column_154 Column_155 Column_156 Column_157 Column_158 Column_159 Column_160 Column_161 Column_162 Column_163 Column_164 Column_165 Column_166 Column_167 Column_168 Column_169 Column_170 Column_171 Column_172 Column_173 Column_174 Column_175 Column_176 Column_177 Column_178 Column_179 Column_180 Column_181 Column_182 Column_183 Column_184 Column_185 Column_186 Column_187 Column_188 Column_189 Column_190 Column_191
feature_infos=[0:1] [1.6689300537109375e-06:0.0074708065949380398] [3.2544135137868579e-06:0.0041124760173261166] [4.1723251342773438e-06:0.0025176724884659052] [4.3966842895315494e-06:0.051646482199430466] [0:1] [1.6762237548828125:99.999580383300781] [-286.24609375:271.9420166015625] [-315.36013793945312:363.60232543945312] [-8.3818158600479364e-06:0.03893657773733139] [0.0068777166306972504:21.24195671081543] [0.02105877548456192:0.81548726558685303] [-4.0363707542419434:4.1135702133178711] [0.10000000149011612:1.9255849123001099] [0.10000000149011612:1.7447570562362671] [0.12463502585887909:2.9185793399810791] [-5.1930127143859863:8] [0.00014501799887511879:0.99999880790710449] [0.0055541461333632469:50.099300384521484] [-0.029210165143013:0.016503453254699707] [0.2869110107421875:99.945037841796875] [4.6491622924804688e-06:0.006483572069555521] [-8.9997072219848633:8.6436433792114258] [-9.1281642913818359:104.88381195068359] [-0.029210165143013:0.024096488952636719] [2.209259033203125:99.822830200195312] [0.00022138016356620938:0.0082964468747377396] [-6.7826237678527832:12.696244239807129] [-6.029381275177002:10.763909339904785] [-0.84095239639282227:2.9259090423583984] [0.47499999403953552:4.0300002098083496] [-1.4399000406265259:1.7858999967575073] [-0.58238095045089722:1.4936841726303101] [0.008999999612569809:4.3969998359680176] [-1.0800000429153442:2.9000000953674316] [-2.9259090423583984:0.84095239639282227] [0.47499999403953552:4.0300002098083496] [-1.7858999967575073:1.4399000406265259] [-1.4936841726303101:0.58238095045089722] [-2.2556111812591553:-0.23015454411506653] [-0.64727270603179932:2.9534347057342529] [-4.3969998359680176:-0.008999999612569809] [-0.3985714316368103:0.48033127188682556] [0:0.24516962468624115] [-0.99976199865341187:0.96592581272125244] [-1:-0.02181488461792469] [-0.95105654001235962:0.95105654001235962] [-0.80901700258255005:1] [0:1] [0.0032450358849018812:0.78600054979324341] [0.0041000368073582649:0.46614152193069458] [0.00640843715518713:0.28925526142120361] [8.8347762357443571e-05:0.068586677312850952] [0:1] [0:99.676277160644531] [-336.58505249023438:376.80148315429688] [-351.91058349609375:395.38861083984375] [1.5760495443828404e-05:0.093322508037090302] [0.16657303273677826:47.749237060546875] [0.019239716231822968:0.50744485855102539] [-3.9246389865875244:4.5987167358398438] [0.10000000149011612:1.9393829107284546] [0.10000000149011612:1.7498627901077271] [0.13222971558570862:3.2284483909606934] [-5.107551097869873:8] [0.00016771920491009951:0.99999880790710449] [0.0077564693056046963:2.2987627983093262] [-0.034263134002685547:0.035608768463134766] [0.14531707763671875:100] [0.0089639937505125999:0.67618125677108765] [-10.076188087463379:9.9408779144287109] [-9.8451633453369141:9.0574283599853516] [-0.034263134002685547:0.035608768463134766] [1.8060302734375:100] [0.019069671630859375:0.99714553356170654] [-9.1253042221069336:7.5205512046813965] [-7.8212118148803711:9.0613164901733398] [-0.84095239639282227:2.9259090423583984] [0.47499999403953552:4.0300002098083496] [-1.4399000406265259:1.7858999967575073] [-0.58238095045089722:1.4936841726303101] [0.008999999612569809:4.3969998359680176] [-1.0800000429153442:2.9000000953674316] [-2.9259090423583984:0.84095239639282227] [0.47499999403953552:4.0300002098083496] [-1.7858999967575073:1.4399000406265259] [-1.4936841726303101:0.58238095045089722] [-2.2556111812591553:-0.23015454411506653] [-0.64727270603179932:2.9534347057342529] [-4.3969998359680176:-0.008999999612569809] [-0.3985714316368103:0.48033127188682556] [0:0.24516962468624115] [-0.99976199865341187:0.96592581272125244] [-1:-0.02181488461792469] [-0.95105654001235962:0.95105654001235962] [-0.80901700258255005:1] [0:1] [7.3273979069199413e-05:0.025020817294716835] [0.00010498166375327855:0.011271256022155285] [0.000140436488436535:0.0063286623917520046] [0.00019987962150480598:0.1607879102230072] [0:1] [0.11544036865234375:99.999404907226562] [-831.280029296875:231.87071228027344] [-881.58966064453125:336.12518310546875] [1.1104270924988668e-05:0.13288982212543488] [0.3219640851020813:47.77081298828125] [0.021008225157856941:0.86117368936538696] [-4.4389419555664062:4.6449317932128906] [0.10000000149011612:1.9329853057861328] [0.16528689861297607:1.7398487329483032] [0.27483668923377991:8.7600412368774414] [-4.4932951927185059:8] [0.00047696605906821787:0.99999880790710449] [0.013368581421673298:8.6405553817749023] [-0.083681434392929077:0.01551896333694458] [0.534332275390625:99.999786376953125] [0.00026323966449126601:0.017711741849780083] [-10.682263374328613:9.245051383972168] [-10.503238677978516:8.5481958389282227] [-0.083681434392929077:0.017779901623725891] [0.3349609375:99.999908447265625] [0.00070071220397949219:0.021935343742370605] [-7.9213366508483887:6.5769400596618652] [-7.790863037109375:7.3775491714477539] [-0.84095239639282227:2.9259090423583984] [0.47499999403953552:4.0300002098083496] [-1.4399000406265259:1.7858999967575073] [-0.58238095045089722:1.4936841726303101] [0.008999999612569809:4.3969998359680176] [-1.0800000429153442:2.9000000953674316] [-2.9259090423583984:0.84095239639282227] [0.47499999403953552:4.0300002098083496] [-1.7858999967575073:1.4399000406265259] [-1.4936841726303101:0.58238095045089722] [-2.2556111812591553:-0.23015454411506653] [-0.64727270603179932:2.9534347057342529] [-4.3969998359680176:-0.008999999612569809] [-0.3985714316368103:0.48033127188682556] [0:0.24516962468624115] [-0.99976199865341187:0.96592581272125244] [-1:-0.02181488461792469] [-0.95105654001235962:0.95105654001235962] [-0.80901700258255005:1] [0:1] [2.082188984786626e-05:0.0067574777640402317] [5.9014557336922735e-05:0.0036179900635033846] [8.5512794612441212e-05:0.0026329159736633301] [0.00016230455366894603:0.043886370956897736] [0:1] [0:99.999755859375] [-236.20367431640625:241.05891418457031] [-312.33877563476562:254.68989562988281] [7.0109177613630891e-05:0.11543251574039459] [0.17402119934558868:44.995391845703125] [0.020244615152478218:0.56472659111022949] [-3.8917300701141357:4.0276756286621094] [0.10000000149011612:1.906816840171814] [0.10000000149011612:1.7380797863006592] [0.45485201478004456:10.929666519165039] [-6.7633657455444336:8] [1.0016679880209267e-05:0.99999880790710449] [0.015558860264718533:7.3024897575378418] [-0.013829398900270462:0.0213184654712677] [1.6669235229492188:99.999832153320312] [0.00014894349442329258:0.0051643168553709984] [-9.4218387603759766:8.684260368347168] [-9.760218620300293:9.3332185745239258] [-0.019947409629821777:0.0213184654712677] [0:99.086631774902344] [0.00057210243539884686:0.0096116149798035622] [-7.0655269622802734:7.2225184440612793] [-7.2990913391113281:6.6795001029968262] [-0.84095239639282227:2.9259090423583984] [0.47499999403953552:4.0300002098083496] [-1.4399000406265259:1.7858999967575073] [-0.58238095045089722:1.4936841726303101] [0.008999999612569809:4.3969998359680176] [-1.0800000429153442:2.9000000953674316] [-2.9259090423583984:0.84095239639282227] [0.47499999403953552:4.0300002098083496] [-1.7858999967575073:1.4399000406265259] [-1.4936841726303101:0.58238095045089722] [-2.2556111812591553:-0.23015454411506653] [-0.64727270603179932:2.9534347057342529] [-4.3969998359680176:-0.008999999612569809] [-0.3985714316368103:0.48033127188682556] [0:0.24516962468624115] [-0.99976199865341187:0.96592581272125244] [-1:-0.02181488461792469] [-0.95105654001235962:0.95105654001235962] [-0.80901700258255005:1]
tree_sizes=1033 1474 1049 1039 1049 1048 1470 1032 1381 776 1037 945 1494 787 955 1587 1392 867 1592 963 1219 1223 1035 951 948 1603 1216 778 777 702 1385 1210 777 1600 1220 779 873 1297 782 863 1313 1304 1587 1221 944 783 862 1387 875 1044 866 882 1315 1387 871 1498 1225 948 979 783 891 863 876 870 1601 1063 1490 777 1309 967 873 1399 780 1049 1213 1228 1496 1316 978 941 1034 1479 790 1501 1226 1507 869 782 890 949 1201 1051 1032 866 1312 953 867 944 1208 891 1138 946 1229 1329 1037 1394 1500 785 1144 1213 1033 874 789 864 946 1030 779 966 1398 1505 960 875 966 954 881 1327 1219 950 1229 1229

Tree=0
num_leaves=10
num_cat=0
split_feature=73 40 122 188 34 34 34 107 21
split_gain=97453.2 90170.9 129057 138453 125623 165177 142538 111058 83039.5
threshold=11.015457153320314 1.9506630301475527 0.0043603437952697286 -0.05451125651597976 2.5949999094009404 2.2749999761581425 2.6950000524520878 0.08422680571675302 0.0011443836265243592
decision_type=2 2 2 2 2 2 2 2 2
left_child=8 4 3 -3 5 -2 -6 -4 -1
right_child=1 2 7 -5 6 -7 -8 -9 -10
leaf_value=-0.93436748904701095 -0.92852078143252315 -0.44266920300777063 -0.6586401760279379 -0.87220735269409844 -1.4859664636519581 -0.71868649343223301 -0.97446186713321958 -1.2402552935791598 -0.06205855122437165
leaf_weight=172 38580 1352 462 1343 717 3690 1516 783 217
leaf_count=172 38580 1352 462 1343 717 3690 1516 783 217
internal_value=-0.905739 -0.909584 -0.772213 -0.655806 -0.921774 -0.910163 -1.14056 -1.02418 -0.438809
internal_weight=48832 48443 3940 2695 44503 42270 2233 1245 389
internal_count=48832 48443 3940 2695 44503 42270 2233 1245 389
is_linear=0
shrinkage=1


Tree=1
num_leaves=15
num_cat=0
split_feature=88 170 140 34 34 34 9 34 39 25 124 113 59 167
split_gain=90082 132208 136950 122076 149138 134236 123005 106475 100245 93429.8 126132 71963.7 59972.9 30508.7
threshold=1.9506630301475527 0.0031750287162140016 -0.05451125651597976 2.5949999094009404 2.2749999761581425 2.6950000524520878 0.0035505878040567045 2.1950000524520878 -0.96500238776206959 35.922214508056648 -0.75676280260086048 0.40336206555366522 0.11274792626500131 -0.52578389644622792
decision_type=2 2 2 2 2 2 2 2 2 2 2 2 2 2
left_child=3 2 11 4 7 12 -7 -1 -6 -3 -11 -2 -5 -4
right_child=1 9 13 5 8 6 -8 -9 -10 10 -12 -13 -14 -15
leaf_value=-0.010868397952216231 0.71881001098538222 0.36572434505719814 -0.11488125571204234 -0.79657575689388915 0.02211571139326134 0.69491795650012245 -0.16096712999700366 -0.35783564464701167 0.33405335448634976 -0.7996393096889286 -0.038757449763304225 0.27422661777536461 -0.23413299122094353 0.16266898391779736
leaf_weight=38114 565 257 623 411 1824 160 1356 803 1879 273 642 812 306 807
leaf_count=38114 565 257 623 411 1824 160 1356 803 1879 273 642 812 306 807
internal_value=4.53979e-06 0.136624 0.248105 -0.012143 -0.000790058 -0.22786 -0.0666743 -0.0181177 0.180874 -0.130219 -0.271965 0.460512 -0.56306 0.0417922
internal_weight=48832 3979 2807 44853 42620 2233 1516 38917 3703 1172 915 1377 717 1430
internal_count=48832 3979 2807 44853 42620 2233 1516 38917 3703 1172 915 1377 717 1430
is_linear=0
shrinkage=0.03


Tree=2
num_leaves=10
num_cat=0
split_feature=73 40 170 44 82 82 82 9 21
split_gain=92085.2 79755.8 129779 142502 111257 146489 126582 87926.9 78199.5
threshold=11.015457153320314 1.9506630301475527 0.0030311814043670897 -0.05451125651597976 2.5949999094009404 2.2749999761581425 2.6950000524520878 0.00068067878601141285 0.0011443836265243592
decision_type=2 2 2 2 2 2 2 2 2
left_child=8 4 3 -3 5 -2 -6 -4 -1
right_child=1 2 7 -5 6 -7 -8 -9 -10
leaf_value=-0.027047971839284788 -0.021558028226917811 0.47087070358063704 -0.64081467694947691 0.026966044515382318 -0.54659326102484673 0.17604994472966001 -0.064569137726359915 -0.0024665794295545061 0.81949790996339344
leaf_weight=172 38580 1293 225 1303 717 3690 1516 1119 217
leaf_count=172 38580 1293 225 1303 717 3690 1516 1119 217
internal_value=4.76438e-06 -0.00373291 0.125462 0.249022 -0.0151966 -0.00427009 -0.22109 -0.113276 0.453893
internal_weight=48832 48443 3940 2596 44503 42270 2233 1344 389
internal_count=48832 48443 3940 2596 44503 42270 2233 1344 389
is_linear=0
shrinkage=0.03


Tree=3
num_leaves=10
num_cat=0
split_feature=8 51 40 170 44 34 34 63 170
split_gain=87669.2 115759 85994.2 119994 117665 102791 131615 130906 88733.7
threshold=107.86849975585939 0.10826651379466058 1.9506630301475527 0.0031750287162140016 -0.05451125651597976 2.5949999094009404 2.2749999761581425 1.2793365716934206 0.0033803667174652223
decision_type=2 2 2 2 2 2 2 2 2
left_child=2 -2 5 4 -4 6 -1 -7 -5
right_child=1 -3 3 8 -6 7 -8 -9 -10
leaf_value=-0.021357134395531552 -0.019993747520446779 1.0150410232503535 0.43332788222489543 -0.50451767994317542 0.044076376972082193 -0.28533306758535948 0.16705961408891454 0.52241506905299639 0.053024980193825767
leaf_weight=38631 215 167 1376 366 1415 2025 3642 189 806
leaf_count=38631 215 167 1376 366 1415 2025 3642 189 806
internal_value=5.79773e-06 0.446846 -0.00360876 0.130121 0.236844 -0.0155483 -0.00508855 -0.21434 -0.123883
internal_weight=48832 382 48450 3963 2791 44487 42273 2214 1172
internal_count=48832 382 48450 3963 2791 44487 42273 2214 1172
is_linear=0
shrinkage=0.03


Tree=4
num_leaves=10
num_cat=0
split_feature=73 21 88 170 44 82 82 82 9
split_gain=86218.3 73158.7 70395.7 115820 127004 98524.5 129945 118875 82472.8
threshold=11.015457153320314 0.0011443836265243592 1.9506630301475527 0.0030311814043670897 -0.05451125651597976 2.5949999094009404 2.2749999761581425 2.6950000524520878 0.00068067878601141285
decision_type=2 2 2 2 2 2 2 2 2
left_child=1 -1 5 4 -4 6 -2 -7 -5
right_child=2 -3 3 8 -6 7 -8 -9 -10
leaf_value=-0.025986192245445735 -0.020372563140703848 0.79283023662569763 0.44393953658586061 -0.61867021466442873 0.024872972324440187 -0.52355488068735456 0.16574271467748677 -0.05649036854683747 -0.00045485078442125747
leaf_weight=172 38580 217 1293 225 1303 717 3690 1516 1119
leaf_count=172 38580 217 1293 225 1303 717 3690 1516 1119
internal_value=1.424e-05 0.439205 -0.00360241 0.117775 0.234502 -0.0143724 -0.00409009 -0.208127 -0.107756
internal_weight=48832 389 48443 3940 2596 44503 42270 2233 1344
internal_count=48832 389 48443 3940 2596 44503 42270 2233 1344
is_linear=0
shrinkage=0.03


Tree=5
num_leaves=10
num_cat=0
split_feature=8 51 29 130 30 3 169 44 122
split_gain=82130.1 108656 79013.8 151574 140603 87490.3 157598 71348 58909.3
threshold=107.86849975585939 0.10826651379466058 1.4992954730987551 1.2250000238418581 0.9715000092983247 0.0010162949911318722 34.128543853759773 -0.05451125651597976 0.0019264476723037662
decision_type=2 2 2 2 2 2 2 2 2
left_child=2 -2 3 7 -5 8 -7 -1 -4
right_child=1 -3 5 4 -6 6 -8 -9 -10
leaf_value=0.29197398451676859 -0.01976323424975077 0.98299547047938318 0.06913474137081653 -0.31762738202285207 0.019223102577870729 0.32058500456859462 -0.58663485788264069 0.067440060192949444 -0.049474944915483182
leaf_weight=2589 215 167 4577 1191 15605 231 612 2513 21132
leaf_count=2589 215 167 4577 1191 15605 231 612 2513 21132
internal_value=1.49311e-05 0.432509 -0.00348358 0.0386932 -0.00483766 -0.0382691 -0.337193 0.181728 -0.0283401
internal_weight=48832 382 48450 21898 16796 26552 843 5102 25709
internal_count=48832 382 48450 21898 16796 26552 843 5102 25709
is_linear=0
shrinkage=0.03


Tree=6
num_leaves=15
num_cat=0
split_feature=63 35 29 172 34 39 31 35 81 8 122 32 30 34
split_gain=83334.4 137499 165843 141971 86494.2 123287 109983 104866 208172 127873 84962.8 82840.4 80638.3 55856.8
threshold=1.180591940879822 0.15699999779462817 0.072640694677829756 1.5822369456291201 2.5449999570846562 -0.74680000543594349 -0.42984999716281885 -1.5076947808265684 1.0985000133514407 95.996089935302749 0.0039580166339874276 0.11910079047083856 2.0964999198913579 2.054999947547913
decision_type=2 2 2 2 2 2 2 2 2 2 2 2 2 2
left_child=4 2 13 10 7 11 -7 9 -9 -1 -3 -6 -4 -2
right_child=1 3 12 -5 5 6 -8 8 -10 -11 -12 -13 -14 -15
leaf_value=-0.039979298058771685 0.5002549736419829 0.34854185980427393 -0.32440439951116756 0.65734381770449024 -0.84216426468134797 -0.62667149925114296 0.072236776023578711 -0.15454842402420862 0.11356082760848545 0.73709649346536021 -0.37995184100724694 -0.25452614413248287 0.32566929647109255 1.256994813280319
leaf_weight=26273 195 172 226 186 264 218 1812 3223 13452 182 706 1104 628 191
leaf_count=26273 195 172 226 186 264 218 1812 3223 13452 182 706 1104 628 191
internal_value=1.92642e-05 0.175737 0.389141 -0.0742752 -0.00871789 -0.154214 -0.0055224 0.0027781 0.0616782 -0.0343568 -0.234922 -0.373219 0.151872 0.89699
internal_weight=48832 2304 1240 1064 46528 3398 2030 43130 16675 26455 878 1368 854 386
internal_count=48832 2304 1240 1064 46528 3398 2030 43130 16675 26455 878 1368 854 386
is_linear=0
shrinkage=0.03


Tree=7
num_leaves=10
num_cat=0
split_feature=73 63 35 29 155 34 34 46 15
split_gain=80266.8 73644.1 135075 162170 147657 81853.2 109492 93489.6 68459.5
threshold=11.015457153320314 1.180591940879822 0.15699999779462817 0.072640694677829756 0.15386813879013064 2.495000004768372 2.2749999761581425 0.76942089200019848 0.37062332034111029
decision_type=2 2 2 2 2 2 2 2 2
left_child=8 5 3 -3 -4 6 -2 -7 -1
right_child=1 2 4 -5 -6 7 -8 -9 -10
leaf_value=0.097908615981598932 -0.013209118080189651 0.87977054601544702 -0.28591422153301971 0.13934694218844698 0.53988404711802651 -0.23032008876913701 0.17267278744551104 0.11427095682528757 0.90445391203835601
leaf_weight=239 39320 382 798 845 247 2851 3065 935 150
leaf_count=239 39320 382 798 845 247 2851 3065 935 150
internal_value=2.72216e-05 -0.00346237 0.162902 0.375111 -0.0874583 -0.0116824 0.000270178 -0.145142 0.423789
internal_weight=48832 48443 2272 1227 1045 46171 42385 3786 389
internal_count=48832 48443 2272 1227 1045 46171 42385 3786 389
is_linear=0
shrinkage=0.03


Tree=8
num_leaves=14
num_cat=0
split_feature=63 35 155 29 122 34 122 34 153 129 30 37 34
split_gain=74106.7 121944 167358 147514 131167 77141.7 111887 104603 103748 89207.1 75918 64748 53200.8
threshold=1.180591940879822 0.15699999779462817 0.16313870996236804 0.072640694677829756 0.0039580166339874276 2.495000004768372 0.0053800386376678952 2.2749999761581425 0.0032743125921115284 1.0985000133514407 2.0964999198913579 0.43324999511241918 2.054999947547913
decision_type=2 2 2 2 2 2 2 2 2 2 2 2 2
left_child=5 3 4 12 -3 7 11 9 -9 -1 -5 -7 -2
right_child=1 2 -4 10 -6 6 -8 8 -10 -11 -12 -13 -14
leaf_value=-0.16404066148812557 0.46087376664615259 0.42561886740560384 0.6376499281211172 -0.31908793016510495 -0.46373091318902659 -0.052005762326376277 -0.76906537587506851 0.65192673593010309 0.10807779613294456 0.0033522855626937063 0.31161368628552544 -0.47185193036872197 1.1960663263077167
leaf_weight=3099 195 184 226 226 654 3214 227 348 2734 36547 628 359 191
leaf_count=3099 195 184 226 226 654 3214 227 348 2734 36547 628 359 191
internal_value=4.06463e-05 0.165744 -0.0697038 0.366715 -0.26574 -0.00819859 -0.137546 0.00333432 0.171396 -0.00977035 0.142945 -0.0953893 0.845678
internal_weight=48832 2304 1064 1240 838 46528 3800 42728 3082 39646 854 3573 386
internal_count=48832 2304 1064 1240 838 46528 3800 42728 3082 39646 854 3573 386
is_linear=0
shrinkage=0.03


Tree=9
num_leaves=7
num_cat=0
split_feature=73 50 124 15 151 116
split_gain=75745.6 67635 65000.6 64648.8 64300.6 48555.7
threshold=11.015457153320314 0.22638779133558276 -3.5659432411193843 0.37062332034111029 58.407112121582038 21.359294891357425
decision_type=2 2 2 2 2 2
left_child=3 2 5 -1 -4 -2
right_child=1 -3 4 -5 -6 -7
leaf_value=0.095027953681188174 -0.58056678259781147 0.55860614106757567 -0.0042959804186315891 0.87879785008728506 0.32894268289858747 -0.11106426648476293
leaf_weight=239 272 182 46782 150 517 690
leaf_count=239 272 182 46782 150 517 690
internal_value=4.89835e-05 -0.00334091 -0.00557539 0.411703 -0.000584767 -0.248421
internal_weight=48832 48443 48261 389 47299 962
internal_count=48832 48443 48261 389 47299 962
is_linear=0
shrinkage=0.03


Tree=10
num_leaves=10
num_cat=0
split_feature=8 51 40 170 92 25 82 82 82
split_gain=72515.6 99712.7 70323.8 106301 101073 84910.5 82984.3 116534 103123
threshold=107.86849975585939 0.10826651379466058 1.9506630301475527 0.0031750287162140016 -0.05451125651597976 35.922214508056648 2.5949999094009404 2.6950000524520878 2.2749999761581425
decision_type=2 2 2 2 2 2 2 2 2
left_child=2 -2 6 4 -4 -5 8 -8 -1
right_child=1 -3 3 5 -6 -7 7 -9 -10
leaf_value=-0.019031942418825474 -0.026471514332294461 0.93380187350814614 0.40025871157036386 0.3514015888966871 0.039506134829925078 -0.25649273555521424 -0.50750333793897029 -0.042559398852937025 0.14774805970860103
leaf_weight=38631 215 167 1376 257 1415 915 707 1507 3642
leaf_count=38631 215 167 1376 257 1415 915 707 1507 3642
internal_value=5.46707e-05 0.406446 -0.0032327 0.1177 0.218156 -0.121346 -0.0140297 -0.192645 -0.00463159
internal_weight=48832 382 48450 3963 2791 1172 44487 2214 42273
internal_count=48832 382 48450 3963 2791 1172 44487 2214 42273
is_linear=0
shrinkage=0.03


Tree=11
num_leaves=9
num_cat=0
split_feature=73 63 35 29 155 33 33 57
split_gain=71067 66654.7 118344 139082 137264 75224.3 210241 147351
threshold=8.740180969238283 1.180591940879822 0.15699999779462817 0.072640694677829756 0.16313870996236804 1.0985000133514407 1.1274999976158144 0.0052975979633629331
decision_type=2 2 2 2 2 2 2 2
left_child=-1 5 3 -3 -4 7 -7 -2
right_child=1 2 4 -5 -6 6 -8 -9
leaf_value=0.55745686371733494 -0.025619379364486251 0.81774626302899733 -0.25413619260996367 0.13533187678927686 0.57863943585779809 0.48650712927191997 -0.0086705089042471116 -0.48088426353858615
leaf_weight=195 2349 386 833 853 216 776 42354 870
leaf_count=195 2349 386 833 853 216 776 42354 870
internal_value=5.9297e-05 -0.00228961 0.15542 0.352777 -0.0788143 -0.0101067 0.000349494 -0.149772
internal_weight=48832 48637 2288 1239 1049 46349 43130 3219
internal_count=48832 48637 2288 1239 1049 46349 43130 3219
is_linear=0
shrinkage=0.03


Tree=12
num_leaves=15
num_cat=0
split_feature=76 38 191 39 30 74 39 99 172 35 8 9 30 15
split_gain=68680.6 104753 161252 295077 185720 93759 277294 128038 82131 116188 78444.6 77225.8 72465.7 49583.8
threshold=-1.0781598687171934 0.090500000864267363 1.0000000180025095e-35 -0.61354091763496388 1.6209999918937685 0.37628664076328283 -0.58684951066970814 0.0016046802629716697 0.15133592486381534 -1.4826785326004026 107.86849975585939 0.0030734569299966101 1.8125000000000002 0.25140729546546942
decision_type=2 2 2 2 2 2 2 2 2 2 2 2 2 2
left_child=8 5 4 -4 -3 7 -7 -2 10 13 12 -11 -1 -10
right_child=1 2 3 -5 -6 6 -8 -9 9 11 -12 -13 -14 -15
leaf_value=-0.15274319071208886 -0.010514341437924452 -0.323235240334039 -0.73242063527939405 0.052877667787092443 0.35572594635757393 0.075038870479458911 1.2413631041825111 -0.45142738973651053 0.15803868864022028 0.42126788177019436 0.56256086159759844 0.11528997542971663 0.043057859907323928 -0.10191033341039143
leaf_weight=2519 29325 654 951 778 789 1924 193 595 1092 1528 203 1455 5188 1638
leaf_count=2519 29325 654 951 778 789 1924 193 595 1092 1528 203 1455 5188 1638
internal_value=6.86136e-05 -0.0220626 -0.186232 -0.380787 0.0478987 -0.00575498 0.186705 -0.0194304 0.0572415 0.143809 -0.00538476 0.272907 -0.0210539 0.00226657
internal_weight=48832 35209 3172 1729 1443 32037 2117 29920 13623 5713 7910 2983 7707 2730
internal_count=48832 35209 3172 1729 1443 32037 2117 29920 13623 5713 7910 2983 7707 2730
is_linear=0
shrinkage=0.03


Tree=13
num_leaves=7
num_cat=0
split_feature=73 50 15 26 41 35
split_gain=67037.1 62027.9 59383.1 58381 88872.1 71655.3
threshold=11.015457153320314 0.22638779133558276 0.37062332034111029 0.0019242933485656979 -1.6220000386238096 -2.6292737722396846
decision_type=2 2 2 2 2 2
left_child=2 3 -1 5 -5 -2
right_child=1 -3 -4 4 -6 -7
leaf_value=0.084162286270454703 -0.24380137131317758 0.53503483315464107 0.83495742582343513 -0.080813962486332491 0.024787506165303844 0.046881277716865635
leaf_weight=239 786 182 150 15601 13262 18612
leaf_count=239 786 182 150 15601 13262 18612
internal_value=7.42509e-05 -0.00311483 0.387342 -0.0052547 -0.0323003 0.0349834
internal_weight=48832 48443 389 48261 28863 19398
internal_count=48832 48443 389 48261 28863 19398
is_linear=0
shrinkage=0.03


Tree=14
num_leaves=9
num_cat=0
split_feature=56 88 170 92 34 34 34 25
split_gain=64819.9 59196.4 100320 97917.5 84652.2 109497 98923.1 80832.9
threshold=-168.22814941406247 1.9506630301475527 0.0031750287162140016 -0.05451125651597976 2.5949999094009404 2.6950000524520878 2.2749999761581425 35.922214508056648
decision_type=2 2 2 2 2 2 2 2
left_child=-1 4 3 -3 6 -6 -2 -4
right_child=1 2 7 -5 5 -7 -8 -9
leaf_value=0.53504170726966382 -0.016718161351554 0.38577058125803459 0.33647604492273225 0.031486334499689593 -0.49627604847025036 -0.046822734288465437 0.14537947782106625 -0.25720859726903095
leaf_weight=193 38741 1373 257 1430 711 1516 3703 908
leaf_count=193 38741 1373 257 1430 711 1516 3703 908
internal_value=7.94014e-05 -0.00215288 0.108744 0.205781 -0.0120256 -0.191894 -0.00254514 -0.124492
internal_weight=48832 48639 3968 2803 44671 2227 42444 1165
internal_count=48832 48639 3968 2803 44671 2227 42444 1165
is_linear=0
shrinkage=0.03


Tree=15
num_leaves=16
num_cat=0
split_feature=76 86 28 99 40 74 39 122 172 35 170 172 124 39 39
split_gain=63692.4 99582.9 164474 171459 167491 88817.9 260101 248698 77207.4 107152 86088 130390 82025 78510.5 47268.7
threshold=-1.0781598687171934 0.090500000864267363 -2.0711002349853511 0.00071291625499725353 0.85329547524452221 0.37628664076328283 -0.58684951066970814 0.0067178437020629653 0.15133592486381534 -1.4826785326004026 0.0043930283281952151 -1.9767074584960935 -3.0406485795974727 -0.32514999806880945 -1.429899990558624
decision_type=2 2 2 2 2 2 2 2 2 2 2 2 2 2 2
left_child=8 5 4 -4 -3 7 -7 -2 10 14 13 -12 -11 -1 -10
right_child=1 2 3 -5 -6 6 -8 -9 9 12 11 -13 -14 -15 -16
leaf_value=-0.011187945139425932 -0.0098639884005752541 0.060320738982695798 -0.77726868020532858 -0.00097742417363538923 -1.05594827391792 0.073832985246814045 1.2034312555825182 -0.87092501656173682 0.22691464333647204 -0.25828079008186855 1.0520973436096135 -0.077000455787548647 0.30984661061048602 -0.60502035796786968 -0.065999069169920821
leaf_weight=7356 29625 185 277 2376 334 1924 193 295 639 242 160 198 2741 196 2091
leaf_count=7356 29625 185 277 2376 334 1924 193 295 639 242 160 198 2741 196 2091
internal_value=8.08093e-05 -0.0212315 -0.181299 -0.0846445 -0.66443 -0.0053316 0.181988 -0.0186419 0.0551383 0.139071 -0.00558133 0.442501 0.263048 -0.0273796 0.00313999
internal_weight=48832 35209 3172 2653 519 32037 2117 29920 13623 5713 7910 358 2983 7552 2730
internal_count=48832 35209 3172 2653 519 32037 2117 29920 13623 5713 7910 358 2983 7552 2730
is_linear=0
shrinkage=0.03


Tree=16
num_leaves=14
num_cat=0
split_feature=170 31 33 85 62 87 63 159 122 164 29 64 71
split_gain=62151.9 277308 236254 218689 132849 115726 68043.2 79522.7 134191 78824.6 67496.2 51024.2 34309.4
threshold=0.0034616206539794807 -0.45225000381469721 3.0770000219345097 0.51664999127388012 0.89139956235885631 -0.56481361389160145 1.1923583745956423 1.3404672145843508 0.0053800386376678952 46.965679168701179 1.5157806277275088 1.6025950312614443 0.38274930417537695
decision_type=2 2 2 2 2 2 2 2 2 2 2 2 2
left_child=6 3 4 -2 -3 -5 7 10 -9 12 -1 -11 -8
right_child=1 2 -4 5 -6 -7 9 8 -10 11 -12 -13 -14
leaf_value=0.06196298684056438 -1.1180410281361988 -0.024142992595431789 1.3348497994717428 -0.39178527840488664 0.35897741201074779 0.23039931153988974 -0.25681783226336452 -0.082010379898517852 -0.87490633021453912 0.63639486056524153 -0.026717772489754772 0.05967876631072299 0.23134170506444518
leaf_weight=11553 217 1481 160 545 1797 513 304 7990 187 406 23258 210 211
leaf_count=11553 217 1481 160 545 1797 513 304 7990 187 406 23258 210 211
internal_value=7.34358e-05 0.103507 0.243503 -0.272947 0.186337 -0.0907697 -0.0109967 -0.017062 -0.10119 0.217665 0.00272275 0.443881 -0.0562177
internal_weight=48832 4713 3438 1275 3278 1058 44119 42988 8177 1131 34811 616 515
internal_count=48832 4713 3438 1275 3278 1058 44119 42988 8177 1131 34811 616 515
is_linear=0
shrinkage=0.03


Tree=17
num_leaves=8
num_cat=0
split_feature=73 124 151 26 116 37 24
split_gain=61852.8 58587.5 62522.3 61135.5 50015.8 45976.1 22651.4
threshold=8.740180969238283 -3.5659432411193843 58.407112121582038 0.0062832024414092311 21.359294891357425 0.039350001141428954 -0.0010709539055824278
decision_type=2 2 2 2 2 2 2
left_child=-1 4 3 -3 -2 -4 -6
right_child=1 2 5 -5 6 -7 -8
leaf_value=0.52008088039406919 -0.56585947475650089 0.0016542857813193006 -0.035687521258236675 -0.42726489457775191 0.12972616028209979 0.53434008599373328 -0.22089075073566516
leaf_weight=195 276 46842 201 291 254 332 441
leaf_count=195 276 46842 201 291 254 332 441
internal_value=7.20866e-05 -0.00211926 0.00260328 -0.00108394 -0.23161 0.322678 -0.0927291
internal_weight=48832 48637 47666 47133 971 533 695
internal_count=48832 48637 47666 47133 971 533 695
is_linear=0
shrinkage=0.03


Tree=18
num_leaves=16
num_cat=0
split_feature=76 26 46 26 39 30 172 83 170 153 39 107 83 39 29
split_gain=59582.8 91915.9 92131.9 286659 137538 88627.4 72585.8 99742.3 81004.7 131454 73524.5 72692.5 67566.2 44385.6 17024.4
threshold=-1.0781598687171934 0.0019882193300873045 -0.76942089200019825 0.0039233777206391105 -0.2818454504013061 0.78550001978874218 0.15133592486381534 -1.4826785326004026 0.004505361896008254 0.0053245113231241712 -0.32514999806880945 0.076511874794960036 -2.6292737722396846 -1.429899990558624 1.1934167146682741
decision_type=2 2 2 2 2 2 2 2 2 2 2 2 2 2 2
left_child=6 5 3 -3 -4 14 8 13 10 -10 -1 -9 -7 -8 -2
right_child=1 2 4 -5 -6 12 7 11 9 -11 -12 -13 -14 -15 -16
leaf_value=-0.010027261367390449 0.59447190203495437 -0.05689513378887405 -0.045643736356076069 -0.6409378993021293 0.45949732065230486 -0.29066663490176597 0.22039533187306623 0.47168412587594621 1.0110858062562649 -0.15965158009115671 -0.57670423417439998 0.15264825013595856 0.033055458180549231 -0.06344477545226973 0.2218435811436853
leaf_weight=7377 258 3470 14435 958 492 594 639 939 168 163 202 2044 14783 2091 219
leaf_count=7377 258 3470 14435 958 492 594 639 939 168 163 202 2044 14783 2091 219
internal_value=6.95311e-05 -0.0205438 -0.0643986 -0.184413 -0.0286976 0.0330022 0.0533212 0.134703 -0.00555292 0.446785 -0.0258707 0.254316 0.0203696 0.00355442 0.431459
internal_weight=48832 35209 19355 4428 14927 15854 13623 5713 7910 331 7579 2983 15377 2730 477
internal_count=48832 35209 19355 4428 14927 15854 13623 5713 7910 331 7579 2983 15377 2730 477
is_linear=0
shrinkage=0.03


Tree=19
num_leaves=9
num_cat=0
split_feature=8 51 131 82 167 79 3 63
split_gain=60086 87503.1 58057.8 123972 134779 95523.5 73384.5 66505.4
threshold=107.86849975585939 0.10826651379466058 -1.5076947808265684 1.2250000238418581 -0.57974380254745472 -0.4221500009298324 0.00086638430366292607 0.6880197823047639
decision_type=2 2 2 2 2 2 2 2
left_child=2 -2 5 7 -5 -1 -7 -4
right_child=1 -3 3 4 -6 6 -8 -9
leaf_value=-0.75033714090305637 -0.035083621749778589 0.86403726359040045 0.11525912011274964 -0.11826725738838637 0.057911634986058787 -0.014476316228910199 -0.20948954169900419 0.41558751866820903
leaf_weight=156 215 167 4467 6163 10641 24390 1860 773
leaf_count=156 215 167 4467 6163 10641 24390 1860 773
internal_value=7.55581e-05 0.370002 -0.00291685 0.0330177 -0.00673528 -0.0329165 -0.0283689 0.16027
internal_weight=48832 382 48450 22044 16804 26406 26250 5240
internal_count=48832 382 48450 22044 16804 26406 26250 5240
is_linear=0
shrinkage=0.03


Tree=20
num_leaves=12
num_cat=0
split_feature=63 147 35 31 29 34 122 34 153 34 37
split_gain=57818 97125 79510.2 164262 120718 71569.9 110253 85284.3 97427.9 82248.5 61369.3
threshold=1.1677731275558474 0.0016956349136307838 0.15699999779462817 -0.87784999608993519 0.072640694677829756 2.495000004768372 0.0053800386376678952 2.2749999761581425 0.0032743125921115284 2.1950000524520878 0.43324999511241918
decision_type=2 2 2 2 2 2 2 2 2 2 2
left_child=5 2 4 -4 -2 7 10 9 -9 -1 -7
right_child=1 -3 3 -5 -6 6 -8 8 -10 -11 -12
leaf_value=-0.0023740329807218825 0.76606455301350729 -0.45849607565210537 0.32391822246898633 -0.46905015201642564 0.15227278173382855 -0.048709550950212767 -0.77037346634139192 0.62415651478757295 0.094405144747535905 -0.3218627078139068 -0.46259402443965275
leaf_weight=38852 413 213 543 399 928 3125 220 344 2716 729 350
leaf_count=38852 413 213 543 399 928 3125 220 344 2716 729 350
internal_value=7.52886e-05 0.14043 0.198065 -0.0133558 0.345579 -0.00751393 -0.133988 0.00347433 0.155798 -0.00833816 -0.0916035
internal_weight=48832 2496 2283 942 1341 46336 3695 42641 3060 39581 3475
internal_count=48832 2496 2283 942 1341 46336 3695 42641 3060 39581 3475
is_linear=0
shrinkage=0.03


Tree=21
num_leaves=12
num_cat=0
split_feature=170 31 155 33 169 62 170 26 170 35 40
split_gain=57850.8 254374 230108 224081 173406 124054 90160.9 71319.7 84575.4 154770 123817
threshold=0.0034616206539794807 -0.45225000381469721 0.16313870996236804 3.0770000219345097 54.011905670166023 0.89139956235885631 0.0047519761137664327 0.0050628271419554957 0.002943749888800085 -1.7031136751174925 2.034330010414124
decision_type=2 2 2 2 2 2 2 2 2 2 2
left_child=7 2 4 5 -2 -3 -4 8 10 -10 -1
right_child=1 3 6 -5 -6 -7 -8 -9 9 -11 -12
leaf_value=-0.0095151117495982911 -0.85935354414685017 -0.025103708372134676 -0.071002003771287431 1.2967699231224901 -0.05861926011189119 0.34510672941135717 0.94188604716901425 0.57879674025527805 -0.47655810094445289 -0.040519871758753351 0.28705243322816282
leaf_weight=38583 512 1481 152 160 459 1797 152 174 949 3113 1300
leaf_count=38583 512 1481 152 160 459 1797 152 174 949 3113 1300
internal_value=6.95129e-05 0.0998597 -0.260694 0.233941 -0.485296 0.178278 0.44931 -0.0106108 -0.0130757 -0.143311 0.000221141
internal_weight=48832 4713 1275 3438 971 3278 304 44119 43945 4062 39883
internal_count=48832 4713 1275 3438 971 3278 304 44119 43945 4062 39883
is_linear=0
shrinkage=0.03


Tree=22
num_leaves=10
num_cat=0
split_feature=69 40 124 152 147 74 169 9 69
split_gain=55843.5 87461.6 56356.6 61018.7 79706.1 58539.2 33522.3 50759 31315.3
threshold=0.32619531452655798 1.4702337980270388 -3.5659432411193843 95.527862548828139 0.0016956349136307838 0.31384195387363439 71.653190612792983 0.002449826337397099 0.12060601264238359
decision_type=2 2 2 2 2 2 2 2 2
left_child=2 -2 6 4 -4 -5 7 -1 -8
right_child=1 -3 3 5 -6 -7 8 -9 -10
leaf_value=-0.092961948727662322 -0.049569183948474961 0.85297604363570412 0.0014445386840162642 0.095261229518158672 -0.50354644547924132 0.80162437207311199 0.23277603583079631 -0.67651243966278984 -0.27475485323994819
leaf_weight=273 212 166 46767 309 273 153 204 261 214
leaf_count=273 212 166 46767 309 273 153 204 261 214
internal_value=7.91522e-05 0.358555 -0.0027908 0.00181261 -0.00159261 0.341214 -0.230119 -0.385373 -0.0274089
internal_weight=48832 378 48454 47502 47040 462 952 534 418
internal_count=48832 378 48454 47502 47040 462 952 534 418
is_linear=0
shrinkage=0.03


Tree=23
num_leaves=9
num_cat=0
split_feature=8 51 35 34 30 31 38 63
split_gain=55254.2 80840.5 53126 115773 116695 90298.2 71086.3 60536.4
threshold=107.86849975585939 0.10826651379466058 -1.5076947808265684 1.2250000238418581 2.4214999675750737 -0.4221500009298324 0.27047619223594671 0.6880197823047639
decision_type=2 2 2 2 2 2 2 2
left_child=2 -2 5 7 -5 -1 -7 -4
right_child=1 -3 3 4 -6 6 -8 -9
leaf_value=-0.72900879121688467 -0.034503375047445294 0.82967673386557617 0.11160747262535033 0.011956002466838448 -0.33917227182487641 -0.023144381452406708 -0.64972493136347065 0.3981546456773562
leaf_weight=156 215 167 4467 15914 890 26096 154 773
leaf_count=156 215 167 4467 15914 890 26096 154 773
internal_value=7.91539e-05 0.35482 -0.00279041 0.031584 -0.00683167 -0.0314876 -0.0270663 0.154557
internal_weight=48832 382 48450 22044 16804 26406 26250 5240
internal_count=48832 382 48450 22044 16804 26406 26250 5240
is_linear=0
shrinkage=0.03


Tree=24
num_leaves=9
num_cat=0
split_feature=73 63 35 11 29 33 33 57
split_gain=56071.9 52312.7 96895.1 120058 113701 71731.7 188066 133106
threshold=8.740180969238283 1.180591940879822 0.15699999779462817 0.14041505008935931 0.072640694677829756 1.0985000133514407 1.1274999976158144 0.0052975979633629331
decision_type=2 2 2 2 2 2 2 2
left_child=-1 5 4 -4 -3 7 -7 -2
right_child=1 2 3 -5 -6 6 -8 -9
leaf_value=0.49518642420739667 -0.027309896568734168 0.7366816650609006 0.076211883105422762 -0.74889440031549359 0.11971842365578973 0.46107756617415041 -0.0072584036011442551 -0.4600240055926525
leaf_weight=195 2349 386 865 184 853 776 42354 870
leaf_count=195 2349 386 865 184 853 776 42354 870
internal_value=7.41744e-05 -0.00201226 0.137704 -0.0742211 0.316287 -0.00893749 0.00127288 -0.145322
internal_weight=48832 48637 2288 1049 1239 46349 43130 3219
internal_count=48832 48637 2288 1049 1239 46349 43130 3219
is_linear=0
shrinkage=0.03


Tree=25
num_leaves=16
num_cat=0
split_feature=76 26 46 26 135 30 172 131 124 170 153 135 131 15 155
split_gain=53212.4 87239.1 85819.6 263898 126489 79179.8 66500.8 88113.4 74433.4 72687.2 120366 66794.4 63363.5 45484.4 26008.9
threshold=-1.0781598687171934 0.0019882193300873045 -0.76942089200019825 0.0039233777206391105 -0.46704827249050135 0.78550001978874218 0.15133592486381534 -1.4826785326004026 -3.0406485795974727 0.004505361896008254 0.0053245113231241712 -0.32514999806880945 -2.6292737722396846 0.25140729546546942 0.084010545164346709
decision_type=2 2 2 2 2 2 2 2 2 2 2 2 2 2 2
left_child=6 5 3 -3 -4 14 9 13 -9 11 -11 -1 -7 -8 -2
right_child=1 2 4 -5 -6 12 7 8 -10 10 -12 -13 -14 -15 -16
leaf_value=-0.010095070166664158 0.075323248973116277 -0.055605185282264095 -0.059855268791020051 -0.61598618145239314 0.20888258025808326 -0.28038928590494433 0.154207513897651 -0.2556870630059746 0.28531811444304128 0.96255204420411178 -0.15751191031424638 -0.5502151786943652 0.033104310047361502 -0.094764506922390829 0.5558408096090004
leaf_weight=7377 150 3470 13146 958 1781 594 1092 242 2741 168 163 202 14783 1638 327
leaf_count=7377 150 3470 13146 958 1781 594 1092 242 2741 168 163 202 14783 1638 327
internal_value=7.59119e-05 -0.0194043 -0.062129 -0.177959 -0.0276727 0.0327614 0.0504004 0.128297 0.240721 -0.00595116 0.422536 -0.0251967 0.02082 0.00502364 0.409384
internal_weight=48832 35209 19355 4428 14927 15854 13623 5713 2983 7910 331 7579 15377 2730 477
internal_count=48832 35209 19355 4428 14927 15854 13623 5713 2983 7910 331 7579 15377 2730 477
is_linear=0
shrinkage=0.03


Tree=26
num_leaves=12
num_cat=0
split_feature=170 31 155 35 41 76 121 26 170 35 40
split_gain=53207.8 233955 214628 212889 211635 162899 120477 66890.2 79663.5 143477 115279
threshold=0.0034616206539794807 -0.45225000381469721 0.15386813879013064 0.323749989271164 -3.0264999866485591 -0.84808331727981556 20.158805847167972 0.0050628271419554957 0.002943749888800085 -1.7031136751174925 1.9506630301475527
decision_type=2 2 2 2 2 2 2 2 2 2 2
left_child=7 2 5 -4 -3 -2 -6 8 10 -10 -1
right_child=1 4 3 -5 6 -7 -8 -9 9 -11 -12
leaf_value=-0.012807822602855703 -0.00093591074639668011 1.2572260490024791 -0.30424552533345006 1.1442664865025303 -0.63430416471068751 -0.80998427744974666 0.21076097561285098 0.56064274310417794 -0.45981204465280234 -0.039978550416777517 0.19796145441137897
leaf_weight=37402 372 160 189 161 150 553 3128 174 949 3113 2481
leaf_count=37402 372 160 189 161 150 553 3128 174 949 3113 2481
internal_value=7.48326e-05 0.0957768 -0.250003 0.375346 0.224364 -0.488106 0.17028 -0.0101679 -0.012555 -0.138952 0.000349829
internal_weight=48832 4713 1275 350 3438 925 3278 44119 43945 4062 39883
internal_count=48832 4713 1275 350 3438 925 3278 44119 43945 4062 39883
is_linear=0
shrinkage=0.03


Tree=27
num_leaves=7
num_cat=0
split_feature=26 33 85 35 35 31
split_gain=53614.7 77848.9 222948 85463.6 165389 142606
threshold=0.0066485491115599879 0.49099999666213995 1.0465500354766848 0.15699999779462817 -0.0083549781702458841 -0.87784999608993519
decision_type=2 2 2 2 2 2
left_child=1 2 -1 4 -3 -5
right_child=-2 3 -4 5 -6 -7
leaf_value=0.99911691947127101 -0.4976558051926574 -0.0026673569733208823 -0.23514797409556129 0.073239750622555125 0.41820361265512268 -0.53101636690877463
leaf_weight=246 184 45899 265 691 846 701
leaf_count=246 184 45899 265 691 846 701
internal_value=7.93997e-05 0.00206386 0.36681 -0.0018835 0.00503746 -0.232676
internal_weight=48832 48648 511 48137 46745 1392
internal_count=48832 48648 511 48137 46745 1392
is_linear=0
shrinkage=0.03


Tree=28
num_leaves=7
num_cat=0
split_feature=26 33 37 35 35 31
split_gain=50607.3 73428.5 210273 80482.9 155726 134295
threshold=0.0066485491115599879 0.49099999666213995 1.0465500354766848 0.15699999779462817 -0.0083549781702458841 -0.87784999608993519
decision_type=2 2 2 2 2 2
left_child=1 2 -1 4 -3 -5
right_child=-2 3 -4 5 -6 -7
leaf_value=0.97031425800552817 -0.48349569775394552 -0.0025873545058324662 -0.22835006826340476 0.0710739025576691 0.40580407025232673 -0.51530992912828033
leaf_weight=246 184 45899 265 691 846 701
leaf_count=246 184 45899 265 691 846 701
internal_value=7.83934e-05 0.00200639 0.356246 -0.00182726 0.004889 -0.225794
internal_weight=48832 48648 511 48137 46745 1392
internal_count=48832 48648 511 48137 46745 1392
is_linear=0
shrinkage=0.03


Tree=29
num_leaves=6
num_cat=0
split_feature=73 50 26 41 83
split_gain=51599.4 50712.4 52025 72391.4 59525.3
threshold=8.740180969238283 0.22638779133558276 0.0019242933485656979 -1.6220000386238096 -2.6292737722396846
decision_type=2 2 2 2 2
left_child=-1 2 4 -4 -2
right_child=1 -3 3 -5 -6
leaf_value=0.47503330614872091 -0.21958537087744295 0.47966237421812752 -0.073150207878662096 0.021955347198220839 0.04485804293626449
leaf_weight=195 789 186 15630 13346 18686
leaf_count=195 789 186 15630 13346 18686
internal_value=7.73776e-05 -0.00192412 -0.00387149 -0.0293533 0.0340373
internal_weight=48832 48637 48451 28976 19475
internal_count=48832 48637 48451 28976 19475
is_linear=0
shrinkage=0.03


Tree=30
num_leaves=14
num_cat=0
split_feature=63 172 31 122 29 33 33 57 46 34 28 34 74
split_gain=50345.8 95292.9 137537 86081.1 68852.9 66025.7 173160 128101 119186 99438.8 84867.2 70284.2 57923
threshold=1.180591940879822 1.5822369456291201 -0.46179999411106104 0.0048065907321870336 0.072640694677829756 1.0985000133514407 1.1274999976158144 0.0052975979633629331 1.0000000180025095e-35 1.685000002384186 -1.6041435599327085 2.5449999570846562 0.30062648653984075
decision_type=2 2 2 2 2 2 2 2 2 2 2 2 2
left_child=5 2 3 -2 -4 7 8 9 -7 -1 -9 -8 -3
right_child=1 12 4 -5 -6 6 11 10 -10 -11 -12 -13 -14
leaf_value=-0.2255225723263479 0.08973849241275253 0.17698519563570964 0.75206711711890895 -0.45584666004293717 0.15492722688533561 0.75196591263733281 0.0062152211910940121 -1.0488243142195175 0.0085138485903396843 0.16264706555745012 -0.29627873846956204 -0.13610204173246634 0.89426946592163026
leaf_weight=1121 506 205 233 520 637 454 39119 161 334 1241 714 3384 203
leaf_count=1121 506 205 233 520 637 454 39119 161 334 1241 714 3384 203
internal_value=7.95312e-05 0.136659 0.0460108 -0.188507 0.32158 -0.00671158 0.00307397 -0.137188 0.440903 -0.0217515 -0.445034 -0.00514513 0.546725
internal_weight=48832 2304 1896 1026 870 46528 43291 3237 788 2362 875 42503 408
internal_count=48832 2304 1896 1026 870 46528 43291 3237 788 2362 875 42503 408
is_linear=0
shrinkage=0.03


Tree=31
num_leaves=12
num_cat=0
split_feature=170 41 39 155 46 124 30 26 170 74 40
split_gain=50452.1 212216 224673 163407 175831 118794 106618 63033.9 74424.7 134411 106724
threshold=0.0034616206539794807 -2.3209999799728389 -1.3517681956291197 0.17689105868339541 -0.76942089200019825 0.58934909105300914 1.4425000548362734 0.0050628271419554957 0.002943749888800085 0.1699987128376961 1.9506630301475527
decision_type=2 2 2 2 2 2 2 2 2 2 2
left_child=7 2 5 4 -3 -2 -5 8 10 -10 -1
right_child=1 3 -4 6 -6 -7 -8 -9 9 -11 -12
leaf_value=-0.012395613971675015 -0.24027817441658539 -0.45928497655892914 1.3410071549147111 0.95576973483163352 0.045855305998829553 0.71484957825251905 0.16990521017283258 0.54422047541355301 0.22936461565692789 -0.21571759073737284 0.19040170704882925
leaf_weight=37402 254 815 222 217 2492 202 511 174 739 3323 2481
leaf_count=37402 254 815 222 217 2492 202 511 174 739 3323 2481
internal_value=8.22739e-05 0.093273 0.580274 0.0102102 -0.0796443 0.189087 0.41393 -0.00989168 -0.012209 -0.134379 0.000264356
internal_weight=48832 4713 678 4035 3307 456 728 44119 43945 4062 39883
internal_count=48832 4713 678 4035 3307 456 728 44119 43945 4062 39883
is_linear=0
shrinkage=0.03


Tree=32
num_leaves=7
num_cat=0
split_feature=153 35 95 32 8 26
split_gain=49050.7 80700.3 71363 101965 59379.2 64868
threshold=0.016308185644447807 0.49396738409996038 1.0000000180025095e-35 0.19165908545255664 129.27055358886722 0.0062832024414092311
decision_type=2 2 2 2 2 2
left_child=1 4 -2 -4 5 -1
right_child=2 -3 3 -5 -6 -7
leaf_value=0.0011198667074653001 0.090954717048904399 0.5568111300986196 -1.1030648219226686 -0.034781046822144272 0.54005947665937359 -0.49129287609384076
leaf_weight=47625 263 226 152 161 173 232
leaf_count=47625 263 226 152 161 173 232
internal_value=9.98498e-05 0.00341214 -0.272719 -0.571653 0.000692816 -0.00136938
internal_weight=48832 48256 576 313 48030 47857
internal_count=48832 48256 576 313 48030 47857
is_linear=0
shrinkage=0.03


Tree=33
num_leaves=16
num_cat=0
split_feature=76 32 74 165 122 47 30 74 57 34 34 34 32 34 21
split_gain=48520.7 89197.8 110997 287910 282659 85136.9 111667 94118.6 63410.2 87981.7 77501.5 94745.1 74221 64737.5 54960.1
threshold=0.45513078570365911 -0.042440475896000855 0.36716106534004217 0.0023455363698303704 0.0067178437020629653 1.0000000180025095e-35 1.8655000329017641 0.11815970391035081 0.0033017843961715703 2.2749999761581425 2.5849999189376835 1.5049999952316286 0.3211688250303269 2.7050000429153447 0.0011499992688186469
decision_type=2 2 2 2 2 2 2 2 2 2 2 2 2 2 2
left_child=8 5 4 -4 -3 6 -2 -7 10 14 11 -1 -11 -12 -10
right_child=1 2 3 -5 -6 7 -8 -9 9 12 13 -13 -14 -15 -16
leaf_value=0.042929723513581278 -0.20965414120808243 -0.018949763455605818 0.082099021111271972 1.4428957687552881 -1.1705721446963928 0.21735070244119498 0.45826550773674651 -0.48354407125534399 0.0046349164686161791 0.18909326583164787 -0.48041092819150749 0.22716700353964026 -0.37801316332169199 0.0070168837465238399 -0.13771431407654192
leaf_weight=11667 740 17090 1038 152 184 199 312 1075 4931 2195 398 3194 220 614 4823
leaf_count=11667 740 17090 1038 152 184 199 312 1075 4931 2195 398 3194 220 614 4823
internal_value=9.41527e-05 -0.034627 -0.0125226 0.266491 -0.0318868 -0.209289 -0.00911404 -0.373224 0.0258391 -0.0256724 0.0653217 0.082653 0.136086 -0.187504 -0.0658206
internal_weight=48832 20790 18464 1190 17274 2326 1052 1274 28042 12169 15873 14861 2415 1012 9754
internal_count=48832 20790 18464 1190 17274 2326 1052 1274 28042 12169 15873 14861 2415 1012 9754
is_linear=0
shrinkage=0.03


Tree=34
num_leaves=12
num_cat=0
split_feature=124 170 31 155 33 39 45 39 116 24 50
split_gain=49318.7 60098.8 229229 193542 189646 62980.8 152129 72104.4 45094 21324.1 18491.8
threshold=-3.5659432411193843 0.0034616206539794807 -0.45225000381469721 0.16313870996236804 3.0985000133514409 -0.40949457883834833 -0.79989895224571217 -0.50801818072795857 21.359294891357425 -0.0010709539055824278 0.050924872979521758
decision_type=2 2 2 2 2 2 2 2 2 2 2
left_child=8 5 3 -3 -4 7 -7 -2 -1 -10 -11
right_child=1 2 4 -5 -6 6 -8 -9 9 10 -12
leaf_value=-0.5261019254103303 -0.0086807808463268167 -0.44498166362003555 0.18639913425265578 0.42036052068332574 1.2466283942889422 -0.58456930440938926 0.12113480074257461 0.19188870681662645 0.13672825479366868 -0.002404583225405849 -0.38705392453771953
leaf_weight=278 40530 953 3173 298 150 538 546 1670 255 216 225
leaf_count=278 40530 953 3173 298 150 538 546 1670 255 216 225
internal_value=9.00527e-05 0.0044118 0.107706 -0.23715 0.237854 -0.00652605 -0.231255 -0.000699972 -0.210148 -0.0782835 -0.202885
internal_weight=48832 47858 4574 1251 3323 43284 1084 42200 974 696 441
internal_count=48832 47858 4574 1251 3323 43284 1084 42200 974 696 441
is_linear=0
shrinkage=0.03


Tree=35
num_leaves=7
num_cat=0
split_feature=26 33 37 83 83 31
split_gain=48058.2 68676.5 194059 75374.6 141954 124409
threshold=0.0066485491115599879 0.49099999666213995 1.0465500354766848 0.15699999779462817 -0.0083549781702458841 -0.87784999608993519
decision_type=2 2 2 2 2 2
left_child=1 2 -1 4 -3 -5
right_child=-2 3 -4 5 -6 -7
leaf_value=0.93445577512116862 -0.47114806935959253 -0.0023777354396445518 -0.21712060345628045 0.067265268335711434 0.3875371809696091 -0.49713619562046685
leaf_weight=246 184 45899 265 691 846 701
leaf_count=246 184 45899 265 691 846 701
internal_value=8.94983e-05 0.00196831 0.344554 -0.00173923 0.0047604 -0.218481
internal_weight=48832 48648 511 48137 46745 1392
internal_count=48832 48648 511 48137 46745 1392
is_linear=0
shrinkage=0.03


Tree=36
num_leaves=8
num_cat=0
split_feature=151 26 69 119 76 31 146
split_gain=48505.6 62276.6 60350.4 70051.6 52967.8 47453.6 26173.7
threshold=58.407112121582038 0.0066485491115599879 0.32619531452655798 0.50000916421413433 0.45513078570365911 -0.047650000080466264 0.0012163817882537844
decision_type=2 2 2 2 2 2 2
left_child=1 2 4 -4 -1 6 -2
right_child=5 -3 3 -5 -6 -7 -8
leaf_value=0.023285288099627297 0.17208737163618207 -0.56971841523359557 0.0092166197034888528 0.85375969587452705 -0.04055840542451733 -0.068480020259860247 0.70746157359763762
leaf_weight=27312 150 164 198 150 20439 222 197
leaf_count=27312 150 164 198 150 20439 222 197
internal_value=8.80507e-05 -0.00318585 -0.00113616 0.386923 -0.00404468 0.273042 0.487335
internal_weight=48832 48263 48099 348 47751 569 347
internal_count=48832 48263 48099 348 47751 569 347
is_linear=0
shrinkage=0.03


Tree=37
num_leaves=13
num_cat=0
split_feature=63 11 82 26 74 33 33 94 35 74 35 82
split_gain=46680 84170.7 71901.7 68562 100937 62965.3 162181 113351 80011.8 104244 84459 67512
threshold=1.180591940879822 0.1421354562044144 1.9750000238418581 0.0062832024414092311 0.38023294508457189 1.0985000133514407 1.1274999976158144 1.0000000180025095e-35 -0.0083549781702458841 0.097999844700098052 0.15699999779462817 2.5449999570846562
decision_type=2 2 2 2 2 2 2 2 2 2 2 2
left_child=5 3 -3 4 -2 8 7 -7 9 -1 -10 -8
right_child=1 2 -4 -5 -6 6 11 -9 10 -11 -12 -13
leaf_value=0.25046965086898104 0.18791623992564926 -0.63255035189885855 0.11927160529600035 -0.29812602124352389 0.86478627909456596 0.73018344942546565 0.0062886304466939665 0.0052512428201301848 0.45428124414528148 -0.34856977070586848 -0.094394588707859467 -0.13319371532489649
leaf_weight=303 1441 206 238 197 222 454 39119 334 332 1646 956 3384
leaf_count=303 1441 206 238 197 222 454 39119 334 332 1646 956 3384
internal_value=9.20857e-05 0.131605 -0.235796 0.220099 0.282903 -0.00644711 0.00310893 0.426832 -0.133864 -0.254637 0.0494445 -0.00484538
internal_weight=48832 2304 444 1860 1663 46528 43291 788 3237 1949 1288 42503
internal_count=48832 2304 444 1860 1663 46528 43291 788 3237 1949 1288 42503
is_linear=0
shrinkage=0.03


Tree=38
num_leaves=7
num_cat=0
split_feature=73 153 35 95 80 124
split_gain=46409.7 46732.5 78170.2 64365.7 95422.1 47622.8
threshold=8.740180969238283 0.016308185644447807 0.49396738409996038 1.0000000180025095e-35 0.19165908545255664 -3.5659432411193843
decision_type=2 2 2 2 2 2
left_child=-1 2 5 -3 -5 -2
right_child=1 3 -4 4 -6 -7
leaf_value=0.45053457994868112 -0.20966016691154968 0.084044303899122902 0.54606905739438738 -1.0654177852913185 -0.032079732870323618 0.0030300738967801383
leaf_weight=195 957 254 226 152 161 46887
leaf_count=195 957 254 226 152 161 46887
internal_value=9.61521e-05 -0.00180203 0.00141914 -0.270183 -0.551342 -0.00126719
internal_weight=48832 48637 48070 567 313 47844
internal_count=48832 48637 48070 567 313 47844
is_linear=0
shrinkage=0.03


Tree=39
num_leaves=8
num_cat=0
split_feature=151 26 69 104 3 31 104
split_gain=45729.8 58343 56281.6 69068.1 52747.1 44642.6 19900.2
threshold=58.407112121582038 0.0066485491115599879 0.32619531452655798 15.10433864593506 0.0017578194383531811 -0.047650000080466264 -23.05522537231445
decision_type=2 2 2 2 2 2 2
left_child=1 2 4 -4 -1 6 -2
right_child=5 -3 3 -5 -6 -7 -8
leaf_value=-0.0016709563468895578 0.24864357748244068 -0.55143581913463002 -0.017282117215543985 0.81679810077484161 -0.44754197244346139 -0.066142370832505917 0.71893175195022052
leaf_weight=47521 192 164 190 158 230 222 155
leaf_count=47521 192 164 190 158 230 222 155
internal_value=9.1893e-05 -0.00308695 -0.00110305 0.373647 -0.00391182 0.26512 0.472968
internal_weight=48832 48263 48099 348 47751 569 347
internal_count=48832 48263 48099 348 47751 569 347
is_linear=0
shrinkage=0.03


Tree=40
num_leaves=13
num_cat=0
split_feature=170 34 31 85 33 87 45 21 87 38 87 46
split_gain=45096.5 193804 144507 187380 133683 59255 146624 103017 77082.8 103968 66043.5 35136.8
threshold=0.0034616206539794807 -0.40500000119209284 -0.45225000381469721 0.51664999127388012 2.8969999551773076 -0.40949457883834833 -0.84915164113044728 0.0014393117162398996 -0.50801818072795857 -0.041659090667963021 -0.52673998475074757 -1.0000000180025095e-35
decision_type=2 2 2 2 2 2 2 2 2 2 2 2
left_child=5 -2 3 -3 -4 8 7 -7 10 -10 -1 -8
right_child=1 2 4 -5 -6 6 11 -9 9 -11 -12 -13
leaf_value=-0.0080514558081848393 0.99273805705611329 -1.0043981230416485 0.10943608525349247 -0.053904325312286026 0.99953158801607789 -1.1615453782662046 0.37194907782770142 -0.25655705322660138 0.53415752319446019 0.031342832521867488 -0.3954187519063242 -0.086811976105925157
leaf_weight=40924 194 217 3094 1058 150 181 219 297 539 1140 390 429
leaf_count=40924 194 217 3094 1058 150 181 219 297 539 1140 390 429
internal_value=9.34375e-05 0.0881992 0.0472613 -0.222232 0.153539 -0.00933629 -0.223197 -0.616021 -0.0036846 0.194966 -0.011803 0.0715287
internal_weight=48832 4713 4519 1275 3244 44119 1126 478 42993 1679 41314 648
internal_count=48832 4713 4519 1275 3244 44119 1126 478 42993 1679 41314 648
is_linear=0
shrinkage=0.03


Tree=41
num_leaves=13
num_cat=0
split_feature=63 172 31 122 121 82 122 82 82 26 30 74
split_gain=44127.2 87427.3 118273 73975.9 64602.2 59107.6 90691.5 78036.5 76449.7 74543.2 68155.8 53645.1
threshold=1.180591940879822 1.5822369456291201 -0.46179999411106104 0.0048065907321870336 39.281957626342781 2.495000004768372 0.0053800386376678952 2.2749999761581425 2.1950000524520878 0.0027159707387909298 1.9410000443458559 0.30062648653984075
decision_type=2 2 2 2 2 2 2 2 2 2 2 2
left_child=5 2 3 -2 -4 7 9 8 -1 -7 -9 -3
right_child=1 11 4 -5 -6 6 -8 10 -10 -11 -12 -13
leaf_value=-0.0017505070008123071 0.081647951559618459 0.16521845403105714 -0.24241781188074699 -0.42414322755807343 0.41711926069574362 -0.36149198063556237 -0.6880305058103573 0.38508462520902337 -0.30976591470154785 -0.01461081347066099 0.064620383869169282 0.85513180847109205
leaf_weight=38917 506 205 157 520 713 681 227 802 729 2892 2280 203
leaf_count=38917 506 205 157 520 713 681 227 802 729 2892 2280 203
internal_value=9.10805e-05 0.127957 0.0411479 -0.176318 0.296697 -0.0062668 -0.119489 0.00382822 -0.0074909 -0.0815494 0.148988 0.52073
internal_weight=48832 2304 1896 1026 870 46528 3800 42728 39646 3573 3082 408
internal_count=48832 2304 1896 1026 870 46528 3800 42728 39646 3573 3082 408
is_linear=0
shrinkage=0.03


Tree=42
num_leaves=16
num_cat=0
split_feature=73 172 35 88 33 35 26 68 84 39 84 74 128 24 155
split_gain=43541.1 99956.2 102952 170258 91340 72720.8 63730 70830.3 116370 68280.2 60628.3 61912.2 55038.2 42083.9 22463.5
threshold=34.820659637451179 0.13080032914876941 -0.19523809850215909 1.4386071562767031 1.5195000171661379 -0.39284092187881464 0.0019242933485656979 38.817394256591804 2.9824999570846562 -0.58684951066970814 0.78550001978874218 0.14660780876874926 0.062052631750702865 0.0020999424159526829 0.087440997362136855
decision_type=2 2 2 2 2 2 2 2 2 2 2 2 2 2 2
left_child=1 2 5 -4 12 -1 10 8 -8 -9 14 -12 -3 -6 -2
right_child=6 4 3 -5 13 -7 7 9 -10 -11 11 -13 -14 -15 -16
leaf_value=-0.013825355979008571 0.094766635187424536 0.22671824953997716 -1.0647277931667243 -0.063848726162635108 0.09053226965747832 0.36363111299458933 0.0039210923898653788 -0.10776544263840843 0.48707798349340714 0.035172779445234809 -0.043911713313153571 0.076533569005157287 0.61456377787250827 -0.35997464493361869 0.55888119971529504
leaf_weight=4979 154 1150 206 529 2632 496 4448 13522 489 3862 7068 8390 465 191 251
leaf_count=4979 154 1150 206 529 2632 496 4448 13522 489 3862 7068 8390 465 191 251
internal_value=8.78969e-05 0.0537033 -0.024015 -0.354894 0.162262 0.0209704 -0.0148734 -0.0475375 0.0526647 -0.0760086 0.0310896 0.0214685 0.341484 0.0588886 0.388939
internal_weight=48832 10648 6210 735 4438 5475 38184 22321 4937 17384 15863 15458 1615 2823 405
internal_count=48832 10648 6210 735 4438 5475 38184 22321 4937 17384 15863 15458 1615 2823 405
is_linear=0
shrinkage=0.03


Tree=43
num_leaves=12
num_cat=0
split_feature=124 170 31 155 32 170 76 88 116 24 63
split_gain=43696.6 53748.2 194838 180640 171750 61247 139630 96276.7 42329.4 19880 16543.5
threshold=-3.5659432411193843 0.0034616206539794807 -0.45225000381469721 0.15386813879013064 0.64372292160987865 0.0031949984841048722 -0.025232668034732338 1.9506630301475527 21.359294891357425 -0.0010709539055824278 0.54545032978057872
decision_type=2 2 2 2 2 2 2 2 2 2 2
left_child=8 5 3 -3 -4 7 -7 -2 -1 -10 -11
right_child=1 2 4 -5 -6 6 -8 -9 9 10 -12
leaf_value=-0.50388306253279247 -0.01126872347135848 -0.43693387730512256 0.11454660124427446 0.36203986275625427 0.65622472135265186 0.088688676344059039 -0.45905858177421177 0.17108787290964006 0.13734309091250288 -0.032734966701845253 -0.40160713630961253
leaf_weight=278 38841 907 2675 344 648 836 824 2783 255 259 182
leaf_count=278 38841 907 2675 344 648 836 824 2783 255 259 182
internal_value=9.07738e-05 0.00415873 0.101843 -0.216103 0.221828 -0.00618508 -0.184326 0.000961888 -0.197802 -0.0701393 -0.190497
internal_weight=48832 47858 4574 1251 3323 43284 1660 41624 974 696 441
internal_count=48832 47858 4574 1251 3323 43284 1660 41624 974 696 441
is_linear=0
shrinkage=0.03


Tree=44
num_leaves=9
num_cat=0
split_feature=28 152 26 31 34 8 9 11
split_gain=42483.3 54085.1 78738.3 67862.6 91244.4 53899 52901.6 37444.9
threshold=-4.0816290378570548 69.35425186157228 0.0066485491115599879 -0.013999999966472386 1.5149999856948855 129.27055358886722 0.0033118127612397079 0.15596335381269458
decision_type=2 2 2 2 2 2 2 2
left_child=7 2 5 6 -5 -2 -3 -1
right_child=1 3 -4 4 -6 -7 -8 -9
leaf_value=-0.04498394342668062 -0.0027128452978190019 0.6282311908675875 -0.66118510149922105 0.15294400259298355 -0.6642313291767129 0.50899123867673257 0.13725063127239007 -0.63397655521408991
leaf_weight=219 46666 364 153 501 152 176 434 167
leaf_count=219 46666 364 153 501 152 176 434 167
internal_value=8.61127e-05 0.00261518 -0.00297257 0.182373 -0.044421 -0.000681986 0.36621 -0.309382
internal_weight=48832 48446 46995 1451 653 46842 798 386
internal_count=48832 48446 46995 1451 653 46842 798 386
is_linear=0
shrinkage=0.03


Tree=45
num_leaves=7
num_cat=0
split_feature=153 35 143 32 8 26
split_gain=43855.1 73621.8 62041.5 89762.7 48764.9 53266.9
threshold=0.016308185644447807 0.49396738409996038 1.0000000180025095e-35 0.19165908545255664 129.27055358886722 0.0062832024414092311
decision_type=2 2 2 2 2 2
left_child=1 4 -2 -4 5 -1
right_child=2 -3 3 -5 -6 -7
leaf_value=0.0010015008231169893 0.081319639734350718 0.53178396728584321 -1.0352008816875793 -0.032858512208127133 0.48940276558770507 -0.44521193264006087
leaf_weight=47625 263 226 152 161 173 232
leaf_count=47625 263 226 152 161 173 232
internal_value=7.99689e-05 0.00321193 -0.257886 -0.536599 0.000614611 -0.0012542
internal_weight=48832 48256 576 313 48030 47857
internal_count=48832 48256 576 313 48030 47857
is_linear=0
shrinkage=0.03


Tree=46
num_leaves=8
num_cat=0
split_feature=151 26 69 104 3 37 119
split_gain=42228.6 50929.9 50836.5 61952 49409.8 41032.3 26433.3
threshold=58.407112121582038 0.0066485491115599879 0.32619531452655798 15.10433864593506 0.0017578194383531811 0.039350001141428954 -1.6897852420806883
decision_type=2 2 2 2 2 2 2
left_child=1 2 4 -4 -1 -2 -7
right_child=5 -3 3 -5 -6 6 -8
leaf_value=-0.0016266825245353665 -0.073113793229575647 -0.51530858297029447 -0.01526493045128882 0.77473492936364241 -0.43316202598810194 0.1567476312071085 0.68110260470509532
leaf_weight=47521 213 164 190 158 230 166 190
leaf_count=47521 213 164 190 158 230 166 190
internal_value=7.50539e-05 -0.00297968 -0.00112607 0.355035 -0.0037955 0.254756 0.447563
internal_weight=48832 48263 48099 348 47751 569 356
internal_count=48832 48263 48099 348 47751 569 356
is_linear=0
shrinkage=0.03


Tree=47
num_leaves=14
num_cat=0
split_feature=63 172 31 122 29 81 41 57 46 34 45 34 145
split_gain=41348.2 80087.8 108164 66507 61970 58955.2 150884 115443 107160 89238.2 78925.8 61463.2 48508.5
threshold=1.180591940879822 1.5822369456291201 -0.46179999411106104 0.0048065907321870336 0.072640694677829756 1.0985000133514407 -1.127499997615814 0.0052975979633629331 1.0000000180025095e-35 1.685000002384186 -0.6343555450439452 2.5449999570846562 0.00086417794227600108
decision_type=2 2 2 2 2 2 2 2 2 2 2 2 2
left_child=5 2 3 -2 -4 7 11 9 -8 -1 -9 -7 -3
right_child=1 12 4 -5 -6 6 8 10 -10 -11 -12 -13 -14
leaf_value=-0.21282925935931482 0.077381364249645979 0.099167939285548873 0.69334079687943517 -0.402198033333387 0.12741516295682287 0.0061197994189123757 0.70681786931119861 -0.67037861659303311 0.0020523506476608816 0.1548915453068912 -0.096041788216633131 -0.12696737226835408 0.76502153338372714
leaf_weight=1121 506 168 233 520 637 39119 454 490 334 1241 385 3384 240
leaf_count=1121 506 168 233 520 637 39119 454 490 334 1241 385 3384 240
internal_value=7.6328e-05 0.123851 0.0407572 -0.167216 0.285136 -0.0060781 0.00316861 -0.129371 0.411867 -0.0197894 -0.421611 -0.0045037 0.499778
internal_weight=48832 2304 1896 1026 870 46528 43291 3237 788 2362 875 42503 408
internal_count=48832 2304 1896 1026 870 46528 43291 3237 788 2362 875 42503 408
is_linear=0
shrinkage=0.03


Tree=48
num_leaves=8
num_cat=0
split_feature=73 122 35 63 30 40 33
split_gain=41557.9 43800.6 55886.5 111384 93707.7 49259.4 47668.3
threshold=8.740180969238283 0.0019264476723037662 -1.5076947808265684 0.34730952978134161 3.0049999952316289 1.9010403752326968 4.0125000476837167
decision_type=2 2 2 2 2 2 2
left_child=-1 5 3 -3 -4 6 -2
right_child=1 2 4 -5 -6 -7 -8
leaf_value=0.42632458355950142 0.038067031374293868 0.012494210286949047 0.0061444210708532856 -0.12412610122220169 0.27176463775663467 0.49973881570743273 0.47245182757723636
leaf_weight=195 6320 12487 18704 9412 1267 221 226
leaf_count=195 6320 12487 18704 9412 1267 221 226
internal_value=8.09407e-05 -0.00171528 -0.0131649 -0.0462539 0.0231235 0.0690427 0.0537619
internal_weight=48832 48637 41870 21899 19971 6767 6546
internal_count=48832 48637 41870 21899 19971 6767 6546
is_linear=0
shrinkage=0.03


Tree=49
num_leaves=10
num_cat=0
split_feature=153 41 155 117 35 35 32 47 116
split_gain=41051.1 70996 131743 93217.5 76268.6 122093 117024 57648.1 89666.2
threshold=0.016308185644447807 -0.52750000357627858 0.14276404678821566 0.0025428576627746229 0.15699999779462817 -0.0083549781702458841 -0.19017786532640454 1.0000000180025095e-35 48.165370941162116
decision_type=2 2 2 2 2 2 2 2 2
left_child=1 4 3 -3 5 -1 -6 -2 -9
right_child=7 2 -4 -5 6 -7 -8 8 -10
leaf_value=-0.0020603701753807804 0.077509409855273395 0.33318946380341469 0.84294418223492129 -0.57653962997418495 0.48509750067103991 0.36228977496009918 -0.38685650723478615 0.017490014069247991 -0.98359612390829643
leaf_weight=45729 263 248 247 157 155 833 887 150 163
leaf_count=45729 263 248 247 157 155 833 887 150 163
internal_value=8.83578e-05 0.00311854 0.311658 -0.0248656 -0.00117189 0.00453429 -0.253773 -0.249494 -0.518154
internal_weight=48832 48256 652 405 47604 46562 1042 576 313
internal_count=48832 48256 652 405 47604 46562 1042 576 313
is_linear=0
shrinkage=0.03


Tree=50
num_leaves=8
num_cat=0
split_feature=151 26 33 37 33 31 146
split_gain=39531.7 48151.8 47917.9 166723 79098.8 38576.9 23731.2
threshold=58.407112121582038 0.0066485491115599879 0.49099999666213995 1.0465500354766848 1.0985000133514407 -0.047650000080466264 0.0012163817882537844
decision_type=2 2 2 2 2 2 2
left_child=1 2 3 -1 -4 6 -2
right_child=5 -3 4 -5 -6 -7 -8
leaf_value=0.83933904306381935 0.14151198123022915 -0.50102891491661816 -0.13343607503981442 -0.25182999943017031 0.0074340337633195426 -0.061437839092365623 0.64896454802457826
leaf_weight=240 150 164 3898 247 43714 222 197
leaf_count=240 150 164 3898 247 43714 222 197
internal_value=8.67477e-05 -0.00286883 -0.0010665 0.291981 -0.00412462 0.246501 0.439713
internal_weight=48832 48263 48099 487 47612 569 347
internal_count=48832 48263 48099 487 47612 569 347
is_linear=0
shrinkage=0.03


Tree=51
num_leaves=8
num_cat=0
split_feature=147 147 74 105 81 81 122
split_gain=40928.5 41878.1 101798 105567 69125.7 114094 105648
threshold=0.00019475420413073155 0.00096948741702362906 0.13022449612617495 0.0031617556232959036 1.0985000133514407 1.1495000123977663 0.0048804241232573995
decision_type=2 2 2 2 2 2 2
left_child=-1 4 -3 -4 6 -6 -2
right_child=1 2 3 -5 5 -7 -8
leaf_value=0.42517920046677732 -0.1072862057287704 0.70726105955283203 0.20776570761015326 -0.075773383632721222 0.27269791755707284 -0.010216839646431835 -0.8832456427706139
leaf_weight=193 2732 213 2130 2631 1316 39459 158
leaf_count=193 2732 213 2130 2631 1316 39459 158
internal_value=8.83799e-05 -0.00168543 0.0807023 0.0512474 -0.0110868 -0.00102123 -0.152608
internal_weight=48832 48639 4974 4761 43665 40775 2890
internal_count=48832 48639 4974 4761 43665 40775 2890
is_linear=0
shrinkage=0.03


Tree=52
num_leaves=13
num_cat=0
split_feature=124 170 31 37 33 170 30 40 169 9 50 22
split_gain=40819.2 49300.2 178200 174125 169306 57931.5 112118 90267.6 37451.7 51402.9 22474.8 7588.17
threshold=-3.5659432411193843 0.0034616206539794807 -0.45225000381469721 0.51664999127388012 3.0985000133514409 0.0031094040023162965 1.9585000276565554 1.9506630301475527 71.002788543701186 0.002449826337397099 0.051848603412508971 0.073297049850225462
decision_type=2 2 2 2 2 2 2 2 2 2 2 2
left_child=8 5 3 -3 -4 7 -7 -2 9 -1 -10 -12
right_child=1 2 4 -5 -6 6 -8 -9 10 -11 11 -13
leaf_value=-0.069048932966665241 -0.0092762542534313049 -0.95892110252695462 0.16375135384746681 -0.040912296799862566 1.1653333083337638 0.068584885442101243 -0.34096177437196568 0.17064538852036365 0.29417643112992797 -0.66515391361816967 0.012446514763261961 -0.28107334184375676
leaf_weight=267 38208 217 3173 1034 150 1129 1271 2676 152 249 151 155
leaf_count=267 38208 217 3173 1034 150 1129 1271 2676 152 249 151 155
internal_value=8.90236e-05 0.00402077 0.0975756 -0.206493 0.212323 -0.00588581 -0.148819 0.00253909 -0.191177 -0.363881 0.00701575 -0.140422
internal_weight=48832 47858 4574 1251 3323 43284 2400 40884 974 516 458 306
internal_count=48832 47858 4574 1251 3323 43284 2400 40884 974 516 458 306
is_linear=0
shrinkage=0.03


Tree=53
num_leaves=14
num_cat=0
split_feature=63 11 130 74 107 73 130 37 74 130 33 33 57
split_gain=39636.2 77079.2 64902.5 61452.1 98049.5 71681.2 54190.9 71636.6 82673.5 77403.8 60345.6 129736 107641
threshold=1.180591940879822 0.14300487190485003 1.9750000238418581 0.38023294508457189 0.094562951475381865 57.824136734008796 2.5849999189376835 0.18989999592304233 0.19153840839862826 2.7050000429153447 1.0985000133514407 1.1274999976158144 0.0052975979633629331
decision_type=2 2 2 2 2 2 2 2 2 2 2 2 2
left_child=6 3 -3 5 -5 -2 10 8 -8 -9 12 -12 -1
right_child=1 2 -4 4 -6 -7 7 9 -10 -11 11 -13 -14
leaf_value=-0.016278951490265717 0.25977550247281167 -0.61082544385760185 0.10612809851950387 0.97940584539155062 -0.020649978248057543 -0.18189269028926633 -0.093207909384873541 -0.41876043308160255 0.68252371541336565 -0.064781277668623446 0.39106778552713695 0.0047185503033408075 -0.40427038976196517
leaf_weight=2362 1037 204 237 199 152 475 345 906 181 1426 788 39645 875
leaf_count=2362 1037 204 237 199 152 475 345 906 181 1426 788 39645 875
internal_value=8.33403e-05 0.121268 -0.231714 0.205615 0.557758 0.12074 -0.00594233 -0.132265 0.18148 -0.203506 0.00235333 0.012343 -0.12208
internal_weight=48832 2304 441 1863 351 1512 46528 2858 526 2332 43670 40433 3237
internal_count=48832 2304 441 1863 351 1512 46528 2858 526 2332 43670 40433 3237
is_linear=0
shrinkage=0.03


Tree=54
num_leaves=8
num_cat=0
split_feature=28 152 74 26 38 129 162
split_gain=39380.9 48211.2 83211.3 68130.3 57277.9 48355.3 25023.8
threshold=-4.0816290378570548 69.35425186157228 0.37628664076328283 0.0066485491115599879 -0.34777668118476862 0.49099999666213995 0.18797410279512408
decision_type=2 2 2 2 2 2 2
left_child=6 3 4 5 -3 -2 -1
right_child=1 2 -4 -5 -6 -7 -8
leaf_value=-0.5489800124516353 0.30377946357188684 -0.24093732843025897 0.73129995059402819 -0.61502632086262377 0.20565290360273364 -0.0036760066517633125 -0.067651672743329214
leaf_weight=178 455 351 196 153 904 46387 208
leaf_count=178 455 351 196 153 904 46387 208
internal_value=8.46063e-05 0.00251958 0.172236 -0.00275604 0.0798327 -0.000625336 -0.297869
internal_weight=48832 48446 1451 46995 1255 46842 386
internal_count=48832 48446 1451 46995 1255 46842 386
is_linear=0
shrinkage=0.03


Tree=55
num_leaves=15
num_cat=0
split_feature=73 124 44 29 26 68 78 87 35 51 69 35 78 25
split_gain=38477 68074.7 66069.9 79758 58051.4 65067.2 108314 63083.8 56840.1 108385 56123.7 54131 51391.9 49962.4
threshold=34.820659637451179 2.0451070070266728 1.0000000180025095e-35 1.6025649309158327 0.0019242933485656979 38.817394256591804 2.9724999666213994 -0.58684951066970814 -2.6292737722396846 0.031991895288228996 0.26904378831386572 -0.063571430742740617 0.78550001978874218 39.246917724609382
decision_type=2 2 2 2 2 2 2 2 2 2 2 2 2 2
left_child=1 2 3 -1 8 6 -6 -7 9 -2 11 -3 -10 -4
right_child=4 10 13 -5 5 7 -8 -9 12 -11 -12 -13 -14 -15
leaf_value=0.29237894017418625 -0.68183463782866138 -0.085134568370041921 0.21059033754711032 0.02930873299652877 0.003697037384428259 -0.10297167029409378 0.46859226015607908 0.034418746713058945 0.37057806480954214 0.11338480691793823 0.43193453586465397 -0.61422779478157097 0.032042212258841275 -0.048147287140351838
leaf_weight=2309 275 2029 836 1881 4445 13522 492 3862 405 331 162 181 14852 3250
leaf_count=2309 275 2029 836 1881 4445 13522 492 3862 405 331 162 181 14852 3250
internal_value=8.06203e-05 0.0504818 0.0910752 0.174631 -0.0139838 -0.0451587 0.0508801 -0.072447 0.0298836 -0.252693 -0.0909379 -0.131039 0.0412656 0.0051756
internal_weight=48832 10648 8276 4190 38184 22321 4937 17384 15863 606 2372 2210 15257 4086
internal_count=48832 10648 8276 4190 38184 22321 4937 17384 15863 606 2372 2210 15257 4086
is_linear=0
shrinkage=0.03


Tree=56
num_leaves=12
num_cat=0
split_feature=155 29 122 73 107 32 147 87 63 33 37
split_gain=38629.4 134586 92225.7 118203 75947.6 73195.7 109157 102090 57938.4 64416 49455.5
threshold=0.12750668078660968 -0.35568921267986292 0.0067178437020629653 50.215402603149421 0.1007463186979294 0.058047618716955192 0.00096948741702362906 -0.2818454504013061 1.3131417036056521 0.72949999570846569 -1.5245999693870542
decision_type=2 2 2 2 2 2 2 2 2 2 2
left_child=2 4 8 -4 -2 7 -7 -3 10 -10 -1
right_child=1 5 3 -5 -6 6 -8 -9 9 -11 -12
leaf_value=-0.27526103075111941 1.0535201075044591 -0.053155683487550655 0.051032027015235362 -0.88123244040778703 0.13479644244763908 0.033726389841422587 0.36757041195548973 -0.73296298503024238 -0.054935760293418255 0.57083903576713046 -0.013615056603082288
leaf_weight=655 169 3785 236 242 154 12610 938 200 274 308 29261
leaf_count=655 169 3785 236 242 154 12610 938 200 274 308 29261
internal_value=8.09941e-05 0.0352134 -0.0201758 -0.429337 0.632693 0.023852 0.0570942 -0.0890233 -0.0136243 0.280279 -0.0194338
internal_weight=48832 17856 30976 478 323 17533 13548 3985 30498 582 29916
internal_count=48832 17856 30976 478 323 17533 13548 3985 30498 582 29916
is_linear=0
shrinkage=0.03


Tree=57
num_leaves=9
num_cat=0
split_feature=124 56 151 26 116 32 50 45
split_gain=38388 44694.9 41024.8 49002.9 39559.1 29101.6 16761.4 19840.7
threshold=-3.5659432411193843 -168.22814941406247 58.407112121582038 0.0062832024414092311 21.359294891357425 -0.063440473750233636 0.050924872979521758 -0.69930991530418385
decision_type=2 2 2 2 2 2 2 2
left_child=4 -2 3 -3 -1 -4 -6 -8
right_child=1 2 5 -5 6 -7 7 -9
leaf_value=-0.48126785652556764 0.4643193542484253 0.0015523928523264968 0.59934290473254526 -0.38056715302463423 0.10845906303254979 0.11449281600851219 -0.34964363160904716 0.074195915231747275
leaf_weight=278 179 46855 152 294 293 378 245 158
leaf_count=278 179 46855 152 294 293 378 245 158
internal_value=7.97948e-05 0.00389265 0.00206709 -0.000910527 -0.185403 0.262068 -0.0620837 -0.1857
internal_weight=48832 47858 47679 47149 974 530 696 403
internal_count=48832 47858 47679 47149 974 530 696 403
is_linear=0
shrinkage=0.03


Tree=58
num_leaves=9
num_cat=0
split_feature=147 76 32 81 25 57 34 32
split_gain=38417.5 38980.1 64953.5 91334 82067.6 54139.5 78594.9 70647.7
threshold=0.00019475420413073155 0.45513078570365911 -0.042440475896000855 1.3084999918937685 35.922214508056648 0.0033017843961715703 2.2749999761581425 -0.16461841762065885
decision_type=2 2 2 2 2 2 2 2
left_child=-1 5 4 -4 -3 7 -7 -2
right_child=1 2 3 -5 -6 6 -8 -9
leaf_value=0.41192328271020218 0.26822516907588312 -0.43772430312707222 0.16956963259020927 -0.038265887703422846 -0.057858619251661587 -0.064221203915421035 0.1269568712722251 0.038858214354918111
leaf_weight=193 1309 751 2146 16209 1575 9723 2406 14520
leaf_count=193 1309 751 2146 16209 1575 9723 2406 14520
internal_value=7.83279e-05 -0.00164021 -0.0328576 -0.0138874 -0.181855 0.0214553 -0.0262243 0.0579834
internal_weight=48832 48639 20681 18355 2326 27958 12129 15829
internal_count=48832 48639 20681 18355 2326 27958 12129 15829
is_linear=0
shrinkage=0.03


Tree=59
num_leaves=7
num_cat=0
split_feature=153 35 47 32 8 39
split_gain=37621.5 65809.4 53544.7 84793.5 42319.2 49917.6
threshold=0.016308185644447807 0.49396738409996038 1.0000000180025095e-35 0.19165908545255664 129.27055358886722 -0.24903181195259091
decision_type=2 2 2 2 2 2
left_child=1 4 -2 -4 5 -1
right_child=2 -3 3 -5 -6 -7
leaf_value=0.0015011520054801632 0.076248537086789581 0.50272040928058903 -0.98235260488258469 -0.0095996835644830743 0.45586382542904774 -0.34644749611855191
leaf_weight=47493 263 226 152 161 173 364
leaf_count=47493 263 226 152 161 173 364
internal_value=7.85418e-05 0.00297938 -0.238851 -0.497779 0.00052375 -0.00121717
internal_weight=48832 48256 576 313 48030 47857
internal_count=48832 48256 576 313 48030 47857
is_linear=0
shrinkage=0.03


Tree=60
num_leaves=8
num_cat=0
split_feature=73 26 99 142 30 87 83
split_gain=37253.3 40445.2 63138.6 96083.1 65346.2 52712.6 54708.8
threshold=8.740180969238283 0.001902320596855134 0.00091132818488404166 -0.76942089200019825 3.1750000715255742 -0.61354091763496388 -2.6292737722396846
decision_type=2 2 2 2 2 2 2
left_child=-1 5 4 -4 -3 6 -2
right_child=1 2 3 -5 -6 -7 -8
leaf_value=0.40363941019700794 -0.20950812539266001 -0.047691816004155493 -0.12132103145532516 0.063896903953477857 -0.27885319376486029 -0.49806680930588765 0.047951619485368795
leaf_weight=195 765 14194 3252 11085 1184 157 18000
leaf_count=195 765 14194 3252 11085 1184 157 18000
internal_value=7.43309e-05 -0.00162632 -0.0234543 0.0218294 -0.0656593 0.0326465 0.0373497
internal_weight=48832 48637 29715 14337 15378 18922 18765
internal_count=48832 48637 29715 14337 15378 18922 18765
is_linear=0
shrinkage=0.03


Tree=61
num_leaves=8
num_cat=0
split_feature=124 56 14 14 28 117 88
split_gain=36040.9 43459.5 47196.1 36324.2 33323.2 27882 18574.7
threshold=-3.8886209726333614 -168.22814941406247 0.37713220715522772 0.94673058390617382 -4.0816290378570548 0.0019776863045990471 0.73277923464775097
decision_type=2 2 2 2 2 2 2
left_child=3 -2 5 6 -4 -3 -1
right_child=1 2 4 -5 -6 -7 -8
leaf_value=0.21800941680210181 0.4510407360451123 -0.1337496313095197 -0.32447323136817324 -0.47400896802796821 0.0067300396272644194 -0.57728762319278437 -0.23497104684635997
leaf_weight=156 184 561 265 278 47079 159 150
leaf_count=156 184 561 265 278 47079 159 150
internal_value=6.81701e-05 0.00292697 0.00111803 -0.232189 0.00480806 -0.238264 -0.00444875
internal_weight=48832 48248 48064 584 47344 720 306
internal_count=48832 48248 48064 584 47344 720 306
is_linear=0
shrinkage=0.03


Tree=62
num_leaves=8
num_cat=0
split_feature=147 155 35 26 32 75 8
split_gain=36168.1 37918.7 123780 85569.3 68854 54336.1 51351.3
threshold=0.00019475420413073155 0.12750668078660968 0.35568921267986303 0.0062832024414092311 1.0000000180025095e-35 -0.2904523611068725 -109.23277664184569
decision_type=2 2 2 2 2 2 2
left_child=-1 3 4 6 -3 -4 -2
right_child=1 2 5 -5 -6 -7 -8
leaf_value=0.399665549110089 -0.47127675394573548 -0.10631314142019981 0.20534088479110171 -0.6402529550168663 0.049865660691705969 0.98774492111589218 -0.014353255852449372
leaf_weight=193 213 3075 165 190 14392 158 30446
leaf_count=193 213 3075 165 190 14392 158 30446
internal_value=5.95603e-05 -0.00160791 0.0332621 -0.021721 0.0223259 0.606234 -0.0176803
internal_weight=48832 48639 17790 30849 17467 323 30659
internal_count=48832 48639 17790 30849 17467 323 30659
is_linear=0
shrinkage=0.03


Tree=63
num_leaves=8
num_cat=0
split_feature=153 35 47 32 163 70 33
split_gain=35940.7 59748.4 49833.5 80247.6 39652.3 46152.2 44747
threshold=0.016308185644447807 0.49396738409996038 1.0000000180025095e-35 0.19165908545255664 0.0017315600998699667 0.15726923197507861 1.0985000133514407
decision_type=2 2 2 2 2 2 2
left_child=1 4 -2 -4 6 -6 -1
right_child=2 -3 3 -5 5 -7 -8
leaf_value=-0.10069472221831673 0.070610021303336198 0.47906771682857896 -0.95465717065527478 -0.0083983568638040292 0.40201284231440837 -0.026327282648272304 0.0055421187326296127
leaf_weight=3879 263 226 152 161 463 432 43256
leaf_count=3879 263 226 152 161 463 432 43256
internal_value=6.02941e-05 0.0028956 -0.233471 -0.483253 0.000555765 0.197255 -0.0032202
internal_weight=48832 48256 576 313 48030 895 47135
internal_count=48832 48256 576 313 48030 895 47135
is_linear=0
shrinkage=0.03


Tree=64
num_leaves=16
num_cat=0
split_feature=83 152 36 170 87 26 172 170 26 122 29 87 26 146 32
split_gain=35517.1 98405.1 128379 95883.4 78027.1 76868 194620 126480 94406.8 81569.8 72248.1 66808.5 177125 105136 49093.5
threshold=-1.5076947808265684 -8.3477797508239728 3.0225000381469731 0.0023354333825409417 -0.25239047408103937 0.002732596243731678 -1.1977258324623106 0.003584980964660645 0.0044035613536834725 0.0045732217840850362 1.9519166946411135 -0.40949457883834833 0.0029693713877350096 0.00098936562426388285 -0.21593181788921353
decision_type=2 2 2 2 2 2 2 2 2 2 2 2 2 2 2
left_child=5 2 4 -4 -2 9 7 -7 -8 14 -11 13 -13 -3 -1
right_child=1 11 3 -5 -6 6 8 -9 -10 10 -12 12 -14 -15 -16
leaf_value=-0.41502597003621994 -0.099296444394434968 0.065243672126468241 0.11888584427518287 1.0257472399771213 0.38482597560406873 -0.024055784975096015 -0.24535292193427852 0.68006219232999354 -0.99932463271277283 -0.023984003625810144 0.85616720192374718 -0.78110665967101456 0.052907133082450507 0.32288910378253316 -0.0050365100957000435
leaf_weight=256 7724 10797 314 150 302 780 2414 315 151 152 176 279 1102 1634 22286
leaf_count=256 7724 10797 314 150 302 780 2414 315 151 152 176 279 1102 1634 22286
internal_value=5.76693e-05 0.0279561 -0.0523829 0.427508 -0.0806238 -0.0233964 -0.150848 0.18282 -0.293447 -0.00294271 0.45965 0.0773413 -0.119991 0.0993423 -0.00987455
internal_weight=48832 22302 8490 464 8026 26530 3660 1095 2565 22870 328 13812 1381 12431 22542
internal_count=48832 22302 8490 464 8026 26530 3660 1095 2565 22870 328 13812 1381 12431 22542
is_linear=0
shrinkage=0.03


Tree=65
num_leaves=10
num_cat=0
split_feature=73 21 26 41 74 167 74 84 99
split_gain=34815.7 44789.9 37308.4 57413.9 104062 92913.4 55898.6 58588.1 44309.8
threshold=11.015457153320314 0.0011150113423354926 0.001902320596855134 -1.6220000386238096 0.13924762606620791 -0.57974380254745472 0.14660780876874926 0.66250002384185802 0.0011153549421578648
decision_type=2 2 2 2 2 2 2 2 2
left_child=1 -1 6 4 -4 -5 7 -2 -8
right_child=2 -3 3 5 -6 -7 8 -9 -10
leaf_value=-0.090472322518353229 0.50911874260362344 0.54911383421770454 0.17649618100270287 -0.078828143532668066 -0.085553586552659544 0.083979218034316211 0.086763735221339525 -0.03634856002123886 -0.39513680091622683
leaf_weight=167 171 222 1494 5053 14689 8362 9983 8526 165
leaf_count=167 171 222 1494 5053 14689 8362 9983 8526 165
internal_value=6.15509e-05 0.27915 -0.00223669 -0.0232415 -0.0612673 0.0226419 0.0307484 -0.0250512 0.0785471
internal_weight=48832 389 48443 29598 16183 13415 18845 8697 10148
internal_count=48832 389 48443 29598 16183 13415 18845 8697 10148
is_linear=0
shrinkage=0.03


Tree=66
num_leaves=15
num_cat=0
split_feature=63 31 34 73 36 147 34 99 26 31 104 41 21 147
split_gain=34583.3 151440 131217 113578 87529.6 79935.5 78932.6 77150.3 135175 128074 58916.9 54601.4 44936.2 25600.3
threshold=0.35820032656192785 0.17294999957084659 1.2050000429153445 73.72568511962892 0.9715000092983247 0.0016956349136307838 1.5950000286102297 0.001206186425406486 0.003505711094476283 0.23974999785423282 -36.458074569702141 -1.127499997615814 0.0014221199671737852 0.00056591531028971087
decision_type=2 2 2 2 2 2 2 2 2 2 2 2 2 2
left_child=7 4 10 -4 6 -6 -2 8 11 -10 -3 -1 13 -9
right_child=1 2 3 -5 5 -7 -8 12 9 -11 -12 -13 -14 -15
leaf_value=0.022753652325380309 -0.03121043869940323 -0.28567365580623155 -0.50807296702590232 0.34037027847839563 0.0389145871787136 -0.46272678421078051 -0.52034320486473362 0.38862828833972279 -0.013197011646183058 -0.99939161128302401 -0.031417410344599217 0.30504919306278738 0.66929049853161859 -0.10987185373251873
leaf_weight=18533 741 999 1192 154 20353 280 487 175 251 215 4402 628 243 179
leaf_count=18533 741 999 1192 154 20353 280 487 175 251 215 4402 628 243 179
internal_value=6.41215e-05 -0.0211602 -0.145292 -0.409206 0.0171998 0.0318862 -0.227827 0.0300828 0.0197706 -0.479638 -0.0788871 0.0321602 0.363198 0.140468
internal_weight=48832 28608 6747 1346 21861 20633 1228 20224 19627 466 5401 19161 597 354
internal_count=48832 28608 6747 1346 21861 20633 1228 20224 19627 466 5401 19161 597 354
is_linear=0
shrinkage=0.03


Tree=67
num_leaves=7
num_cat=0
split_feature=50 3 121 33 59 83
split_gain=34614 40513.4 62597.6 53244.2 142560 63769.6
threshold=0.22638779133558276 0.0017578194383531811 55.383935928344734 0.49099999666213995 0.11274792626500131 0.15699999779462817
decision_type=2 2 2 2 2 2
left_child=1 3 -3 4 -1 -5
right_child=-2 2 -4 5 -6 -7
leaf_value=-0.1930815007588535 0.39490680475031309 0.021218762014123298 -0.76150306004472068 0.0035818083138802938 0.82091071525927972 -0.20483116226637843
leaf_weight=246 189 215 150 46445 237 1350
leaf_count=246 189 215 150 46445 237 1350
internal_value=5.48461e-05 -0.00156018 -0.312177 0.000852357 0.311027 -0.00234656
internal_weight=48832 48643 365 48278 483 47795
internal_count=48832 48643 365 48278 483 47795
is_linear=0
shrinkage=0.03


Tree=68
num_leaves=13
num_cat=0
split_feature=63 11 105 75 34 34 122 34 153 34 85 110
split_gain=34212.1 66663 64913.1 66578.4 59396.8 55881.1 92386.3 68404.8 87780.9 71672.6 56890.5 51848.9
threshold=1.1677731275558474 0.14300487190485003 0.0031900301109999423 0.8853946626186372 1.9750000238418581 2.495000004768372 0.0053800386376678952 2.2749999761581425 0.0032743125921115284 2.1950000524520878 0.43324999511241918 0.99912768602371227
decision_type=2 2 2 2 2 2 2 2 2 2 2 2
left_child=5 2 11 -4 -3 7 10 9 -9 -1 -7 -2
right_child=1 4 3 -5 -6 6 -8 8 -10 -11 -12 -13
leaf_value=-0.0010870223392854092 0.20416184240454674 -0.57178155309204604 -0.093461478203877943 0.50246695790029883 0.091352705427191469 -0.037492051002106064 -0.70005391760494395 0.58487460303041383 0.082102550524170759 -0.29932818452677662 -0.43592650919221337 0.6780135295479971
leaf_weight=38852 649 211 866 199 265 3125 220 344 2716 729 350 306
leaf_count=38852 649 211 866 199 265 3125 220 344 2716 729 350 306
internal_value=5.36994e-05 0.108019 0.183221 0.0215287 -0.208316 -0.00578418 -0.117539 0.00392511 0.140344 -0.00665422 -0.0787579 0.361446
internal_weight=48832 2496 2020 1065 476 46336 3695 42641 3060 39581 3475 955
internal_count=48832 2496 2020 1065 476 46336 3695 42641 3060 39581 3475 955
is_linear=0
shrinkage=0.03


Tree=69
num_leaves=9
num_cat=0
split_feature=147 76 130 40 2 170 107 117
split_gain=33928.2 35907.1 62536.2 86141.5 73797.3 51878.7 192917 78538.4
threshold=0.00019475420413073155 0.45513078570365911 2.495000004768372 1.8824999928474428 0.0015966325881890955 0.0052132138516753921 0.10512115433812143 0.0034505384974181656
decision_type=2 2 2 2 2 2 2 2
left_child=-1 5 4 -4 -3 7 -7 -2
right_child=1 2 3 -5 -6 6 -8 -9
leaf_value=0.38708622840733214 0.020327174308833209 -0.023445995049910909 -0.36912679950849742 0.04973094955548029 0.4150481170297346 0.17355643424261927 -1.0944561271630879 0.49020084685611504
leaf_weight=193 27196 18521 1077 741 342 287 161 314
leaf_count=193 27196 18521 1077 741 342 287 161 314
internal_value=5.21121e-05 -0.00156289 -0.0315245 -0.199066 -0.0152801 0.0206036 -0.296082 0.0258665
internal_weight=48832 48639 20681 1818 18863 27958 448 27510
internal_count=48832 48639 20681 1818 18863 27958 448 27510
is_linear=0
shrinkage=0.03


Tree=70
num_leaves=8
num_cat=0
split_feature=73 122 40 106 32 162 82
split_gain=33644.1 37101.1 64144.1 45867 66748.2 55116.8 36653
threshold=8.740180969238283 0.0018659702036529782 1.9010403752326968 2.6024810075759892 -0.14003247022628781 0.4123081117868424 -0.37499999999999994
decision_type=2 2 2 2 2 2 2
left_child=-1 2 6 4 -3 -5 -2
right_child=1 3 -4 5 -6 -7 -8
leaf_value=0.38356868640215319 -0.1841085885026835 -0.34620147538118889 0.62559772621037546 0.023147157287369421 -0.040535484021065257 -0.1302955291773075 0.076324727014427982
leaf_weight=195 528 665 171 26209 13683 2281 5100
leaf_count=195 528 665 171 26209 13683 2281 5100
internal_value=5.08494e-05 -0.00156532 0.069582 -0.0112106 -0.0549337 0.0108206 0.0516085
internal_weight=48832 48637 5799 42838 14348 28490 5628
internal_count=48832 48637 5799 42838 14348 28490 5628
is_linear=0
shrinkage=0.03


Tree=71
num_leaves=14
num_cat=0
split_feature=155 170 107 74 171 170 63 33 178 50 40 28 158
split_gain=33027.2 131356 190318 117955 102836 74210.5 60688.6 56788.4 56209.1 45637.4 67106.9 39483.4 37132.6
threshold=0.12686683982610705 0.0052132138516753921 0.095617569983005538 0.38023294508457189 1.0360866189002993 0.005506272893399001 1.1923583745956423 0.72949999570846569 2.5849999189376835 0.10864314809441568 1.2471753358840945 2.71381688117981 1.0116803646087649
decision_type=2 2 2 2 2 2 2 2 2 2 2 2 2
left_child=1 6 -3 9 5 -5 8 -8 -1 11 -11 -2 -6
right_child=3 2 -4 4 12 -7 7 -9 -10 10 -12 -13 -14
leaf_value=-0.0088883371085198403 0.034009881886042446 -0.0032389701847471714 -1.2592741567733134 0.035082428438002113 0.42106368733303884 0.70195728637605581 -0.056420723177820625 0.3680938731772932 -0.17806565155242643 -0.49968690257852799 0.050379178051420198 -0.15518321871615709 1.0980790378935636
leaf_weight=27298 14847 259 177 866 172 172 467 703 1880 370 417 1054 150
leaf_count=27298 14847 259 177 866 172 172 467 703 1880 370 417 1054 150
internal_value=5.1827e-05 -0.0188376 -0.529945 0.0322636 0.299865 0.151229 -0.0113225 0.199609 -0.0198461 0.0102887 -0.211254 0.0213795 0.760019
internal_weight=48832 30784 436 18048 1360 1038 30348 1170 29178 16688 787 15901 322
internal_count=48832 30784 436 18048 1360 1038 30348 1170 29178 16688 787 15901 322
is_linear=0
shrinkage=0.03


Tree=72
num_leaves=7
num_cat=0
split_feature=153 35 99 116 8 87
split_gain=32809.2 55672 47917.6 48820.4 38161.8 47211.7
threshold=0.016308185644447807 0.49396738409996038 0.00097521641873754572 47.204450607299812 129.27055358886722 -0.24903181195259091
decision_type=2 2 2 2 2 2
left_child=1 4 -2 -4 5 -1
right_child=2 -3 3 -5 -6 -7
leaf_value=0.0014944266653275837 0.15014104540289666 0.46240418707640146 -0.0086513016216769184 -0.69482619703590098 0.43289960897115409 -0.33689233411601516
leaf_weight=47493 198 226 157 221 173 364
leaf_count=47493 198 226 157 221 173 364
internal_value=5.36373e-05 0.00276261 -0.223072 -0.417396 0.00050401 -0.00114918
internal_weight=48832 48256 576 378 48030 47857
internal_count=48832 48256 576 378 48030 47857
is_linear=0
shrinkage=0.03


Tree=73
num_leaves=10
num_cat=0
split_feature=124 151 81 41 57 169 122 118 99
split_gain=32731.3 38206.5 37618.1 143158 121061 37208.4 44728.6 28404.3 24870.6
threshold=-3.8886209726333614 58.407112121582038 1.0985000133514407 -1.1495000123977659 0.0052975979633629331 73.306507110595717 0.0028896374860778455 -1.0148267745971677 0.0011976241949014368
decision_type=2 2 2 2 2 2 2 2 2
left_child=5 2 4 -4 -2 6 -1 -3 -9
right_child=1 7 3 -5 -6 -7 -8 8 -10
leaf_value=-0.039712470531463623 -0.0012269575824419888 -0.0083300404989365816 -0.0018105114094875306 0.29842246586109533 -0.38108674818319765 0.067487190230353641 -0.7175697827378883 0.16159656875421491 0.69621965449604184
leaf_weight=160 3511 226 41770 1470 952 237 187 168 151
leaf_count=160 3511 226 41770 1470 952 237 187 168 151
internal_value=5.20688e-05 0.00277646 -0.00010277 0.00846294 -0.0829255 -0.221285 -0.414881 0.250252 0.428132
internal_weight=48832 48248 47703 43240 4463 584 347 545 319
internal_count=48832 48248 47703 43240 4463 584 347 545 319
is_linear=0
shrinkage=0.03


Tree=74
num_leaves=12
num_cat=0
split_feature=170 41 135 155 46 30 30 26 170 83 40
split_gain=32605.8 167408 193836 125623 137283 100386 92399.9 61718.8 63512.2 121986 81532.4
threshold=0.0034616206539794807 -2.3209999799728389 -1.3517681956291197 0.17689105868339541 -0.76942089200019825 3.4474999904632573 1.4425000548362734 0.0050628271419554957 0.002943749888800085 -1.7031136751174925 2.034330010414124
decision_type=2 2 2 2 2 2 2 2 2 2 2
left_child=7 2 5 4 -3 -2 -5 8 10 -10 -1
right_child=1 3 -4 6 -6 -7 -8 -9 9 -11 -12
leaf_value=-0.0066392130691052247 0.54793480746185075 -0.41299828305569564 1.2139070210432441 0.85936989486430837 0.033367279233774999 -0.32662184089422225 0.12873156103157152 0.54033215880778662 -0.4189708268436641 -0.031876283065987596 0.23401823689259643
leaf_weight=38583 245 815 222 217 2492 211 511 174 949 3113 1300
leaf_count=38583 245 815 222 217 2492 211 511 174 949 3113 1300
internal_value=5.0961e-05 0.074968 0.507509 0.00121322 -0.0775516 0.144936 0.355212 -0.00796721 -0.0102606 -0.12312 0.00126179
internal_weight=48832 4713 678 4035 3307 456 728 44119 43945 4062 39883
internal_count=48832 4713 678 4035 3307 456 728 44119 43945 4062 39883
is_linear=0
shrinkage=0.03


Tree=75
num_leaves=12
num_cat=0
split_feature=163 26 73 74 131 105 28 74 70 45 32
split_gain=32274 35842 67105.4 51737.7 56331.8 45430.5 41362.2 28541.4 28383.1 29912.8 23828.3
threshold=0.0014917198568582537 0.001902320596855134 11.015457153320314 0.14660780876874926 -2.6292737722396846 0.003145540715195239 2.768736839294434 0.38023294508457189 0.84210753440856945 -0.60003554821014393 -0.028376623056828972
decision_type=2 2 2 2 2 2 2 2 2 2 2
left_child=1 3 -3 4 -1 -4 -5 8 10 -10 -2
right_child=7 2 5 6 -6 -7 -8 -9 9 -11 -12
leaf_value=-0.30398812871022718 0.43745184194251713 0.47662276989130786 0.014695941541045565 0.089207411780729814 -0.0045379109633049376 -0.061857806146534716 -0.17255662259502108 0.51437077589422819 -0.3618087879511841 0.16369428274450731 0.08198490571108237
leaf_weight=598 239 228 12150 9529 8072 16366 567 156 201 173 553
leaf_count=598 239 228 12150 9529 8072 16366 567 156 201 173 553
internal_value=6.39316e-05 -0.00401853 -0.0250694 0.0282214 -0.0255185 -0.0292463 0.0743503 0.145708 0.0924298 -0.120796 0.19337
internal_weight=48832 47510 28744 18766 8670 28516 10096 1322 1166 374 792
internal_count=48832 47510 28744 18766 8670 28516 10096 1322 1166 374 792
is_linear=0
shrinkage=0.03


Tree=76
num_leaves=15
num_cat=0
split_feature=63 31 34 73 152 78 87 26 117 31 117 41 41 122
split_gain=32171.9 142735 121389 105513 80214.9 100180 67652.4 61714.1 171943 83206.5 57952.6 45660 64833.7 42638.6
threshold=0.35820032656192785 0.17294999957084659 1.1950000524520876 73.72568511962892 0.98928809165954601 0.9715000092983247 -0.24903181195259091 0.003505711094476283 0.0018989273812621834 0.23974999785423282 0.0026679422007873659 -1.127499997615814 -1.0674999952316282 0.0046843800228089103
decision_type=2 2 2 2 2 2 2 2 2 2 2 2 2 2
left_child=7 4 10 -4 5 -2 -6 11 9 -9 -3 13 -13 -1
right_child=1 2 3 -5 6 -7 -8 8 -10 -11 -12 12 -14 -15
leaf_value=0.023735694933432427 -0.40176222488295626 -0.049544544795875375 -0.48757787039229805 0.32962263678904713 0.086318804927644974 -0.017130690423706119 -0.4454903905229135 -0.18842817851475305 0.33216328782896931 -1.1401305342880454 -0.43445512147133769 0.45347059972457937 -0.24451857010029857 0.37573324427576288
leaf_weight=18713 637 5019 1205 154 10493 10521 210 158 238 175 369 484 151 305
leaf_count=18713 637 5019 1205 154 10493 10521 210 158 238 175 369 484 151 305
internal_value=6.73773e-05 -0.0204037 -0.140916 -0.393243 0.0168376 -0.039429 0.0754783 0.0290206 -0.275738 -0.707231 -0.0766614 0.0380108 0.286274 0.0295753
internal_weight=48832 28608 6747 1359 21861 11158 10703 20224 571 333 5388 19653 635 19018
internal_count=48832 28608 6747 1359 21861 11158 10703 20224 571 333 5388 19653 635 19018
is_linear=0
shrinkage=0.03


Tree=77
num_leaves=13
num_cat=0
split_feature=45 15 39 26 33 124 31 170 170 169 25 39
split_gain=31872.9 43050.7 72521.1 266545 62051.4 47134.5 50732.4 42902.7 63816.5 57791.9 40950.9 31285
threshold=-0.58244305849075306 0.92555758357048046 -0.40119004249572748 0.0028816716512665157 1.0985000133514407 -1.0503830909729002 -1.0158500075340269 0.0052132138516753921 0.0040180513169616469 48.627235412597663 34.94844055175782 -0.36400216817855829
decision_type=2 2 2 2 2 2 2 2 2 2 2 2
left_child=1 2 4 -4 -1 10 -7 8 11 -10 -3 -2
right_child=7 5 3 -5 -6 6 -8 -9 9 -11 -12 -13
leaf_value=-0.18492961473194827 0.02135569713165739 0.19564888006076217 -1.1597082419341549 0.00021434088265560617 -0.0055089472833116182 -0.21501294166823129 0.31215412840673123 -0.33682971004315687 0.60038545511137031 0.065292342254167121 -0.4492615061542849 0.33077683819085357
leaf_weight=1839 15120 150 225 739 28100 189 996 266 330 396 192 290
leaf_count=1839 15120 150 225 739 28100 189 996 266 330 396 192 290
internal_value=5.42506e-05 -0.0171816 -0.0248815 -0.279642 -0.0165879 0.137796 0.226979 0.0341226 0.0404425 0.313369 -0.168884 0.0273894
internal_weight=48832 32430 30903 964 29939 1527 1185 16402 16136 726 342 15410
internal_count=48832 32430 30903 964 29939 1527 1185 16402 16136 726 342 15410
is_linear=0
shrinkage=0.03


Tree=78
num_leaves=9
num_cat=0
split_feature=147 76 31 40 26 37 159 76
split_gain=31611.5 33409.3 61897.6 137689 86597.7 47825.4 92906.1 73336.3
threshold=0.00019475420413073155 0.45513078570365911 -0.24790000170469281 1.8824999928474428 0.0049623677041381606 0.095449998974800124 1.4361708760261538 -2.5442628860473628
decision_type=2 2 2 2 2 2 2 2
left_child=-1 5 3 -3 -4 6 -2 -7
right_child=1 2 4 -5 -6 7 -8 -9
leaf_value=0.37363447347215467 0.0054169721948327402 -0.25534058722232933 -0.011392698231001946 0.11310740691147776 0.67726853078478078 -0.11383888438889776 -0.30139009260092958 0.10205865805212717
leaf_weight=193 16143 2766 16406 1353 156 1664 930 9221
leaf_count=193 16143 2766 16406 1353 156 1664 930 9221
internal_value=4.75535e-05 -0.00151134 -0.0304121 -0.134333 -0.00450133 0.0198702 -0.0114621 0.06898
internal_weight=48832 48639 20681 4119 16562 27958 17073 10885
internal_count=48832 48639 20681 4119 16562 27958 17073 10885
is_linear=0
shrinkage=0.03


Tree=79
num_leaves=9
num_cat=0
split_feature=28 152 74 37 35 25 38 162
split_gain=31350.2 40308.9 75283 63652.8 222499 62484 49185.3 23132
threshold=-4.0816290378570548 69.35425186157228 0.37628664076328283 1.0465500354766848 0.39852271974086767 54.713720321655281 -0.34777668118476862 0.18797410279512408
decision_type=2 2 2 2 2 2 2 2
left_child=7 3 6 4 -2 -5 -3 -1
right_child=1 2 -4 5 -6 -7 -8 -9
leaf_value=-0.50709467656910423 -0.0033109865881625466 -0.22761868458705595 0.6891347431926762 0.0081943477861892242 1.0593780152229697 -0.71597168928666688 0.186192946544883 -0.045507190411466107
leaf_weight=178 46408 351 196 207 168 212 904 208
leaf_count=178 46408 351 196 207 168 212 904 208
internal_value=4.97475e-05 0.00222231 0.157407 -0.00260159 0.000748721 -0.366358 0.0695731 -0.265794
internal_weight=48832 48446 1451 46995 46576 419 1255 386
internal_count=48832 48446 1451 46995 46576 419 1255 386
is_linear=0
shrinkage=0.03


Tree=80
num_leaves=10
num_cat=0
split_feature=30 32 30 29 147 74 33 59 102
split_gain=31236.9 70544.8 69859 55228 37319.3 94463.2 60853.9 33550.6 13852.3
threshold=3.7725000381469731 0.79274436831474315 3.6725000143051152 2.0659090280532841 0.00096948741702362906 0.13022449612617495 1.0985000133514407 0.12798991054296496 51.893396377563484
decision_type=2 2 2 2 2 2 2 2 2
left_child=2 -2 4 -3 6 -6 -1 8 -4
right_child=1 3 7 -5 5 -7 -8 -9 -10
leaf_value=-0.14022291882177493 0.72851107713094965 -0.30691460984710017 0.03233819727623273 0.42018117342889311 0.68350268902933653 0.051111489572246864 0.0020912363252526189 -0.6404124360474257 -0.34302551817040627
leaf_weight=2890 162 218 179 150 213 4617 40043 198 162
leaf_count=2890 162 218 179 150 213 4617 40043 198 162
internal_value=5.09785e-05 0.226956 -0.00248523 -0.00726863 0.00138212 0.0803541 -0.00751895 -0.33897 -0.150679
internal_weight=48832 530 48302 368 47763 4830 42933 539 341
internal_count=48832 530 48302 368 47763 4830 42933 539 341
is_linear=0
shrinkage=0.03


Tree=81
num_leaves=15
num_cat=0
split_feature=73 172 30 41 29 170 39 34 46 47 74 74 8 8
split_gain=31001.5 86196.7 91586.7 76822 75987.6 66959.1 53718.9 129413 77556.7 52360 50591.7 61276.9 41898.2 22390.2
threshold=34.820659637451179 0.13080032914876941 1.8575000166893008 -1.5034999847412107 0.20022727549076083 0.004505361896008254 -1.9924272894859312 0.39499999582767492 -1.0000000180025095e-35 1.0000000180025095e-35 0.59366387128829967 0.46189308166503912 -46.446235656738274 12.434609413146974
decision_type=2 2 2 2 2 2 2 2 2 2 2 2 2 2
left_child=1 2 4 12 -1 -4 7 13 -9 -5 11 -8 -3 -2
right_child=6 3 5 9 -6 -7 10 8 -10 -11 -12 -13 -14 -15
leaf_value=-0.55737314627878365 -0.029335713869011081 0.45190694870830678 0.031575024903670895 0.1215926653299346 -0.098988344910189374 0.63001744808840821 -0.021452246383837248 0.7770061787587107 0.1555034056363408 0.46585014202480984 -0.45286084762623696 0.30379923878952381 0.018015355502904454 -0.42700004056542218
leaf_weight=390 545 207 3870 737 1784 166 36003 331 398 878 231 519 2616 157
leaf_count=390 545 207 3870 737 1784 166 36003 331 398 878 231 519 2616 157
internal_value=5.24415e-05 0.0452934 -0.0268714 0.146105 -0.183395 0.0576852 -0.012572 0.167116 0.44439 0.310464 -0.0196118 -0.0167483 0.0513138 -0.12302
internal_weight=48832 10648 6210 4438 2174 4036 38184 1431 729 1615 36753 36522 2823 702
internal_count=48832 10648 6210 4438 2174 4036 38184 1431 729 1615 36753 36522 2823 702
is_linear=0
shrinkage=0.03


Tree=82
num_leaves=7
num_cat=0
split_feature=59 50 46 26 34 46
split_gain=30687.4 30828.5 31875.5 87743 74446.4 21084.7
threshold=0.32089363038539892 0.22638779133558276 0.76942089200019848 0.0031905259238556032 1.2450000047683718 1.0000000180025095e-35
decision_type=2 2 2 2 2 2
left_child=1 2 4 -4 -1 -2
right_child=5 -3 3 -5 -6 -7
leaf_value=0.021486345510395646 0.46817125777833124 0.37054598872086508 0.0014474002684756303 0.22292463057203835 -0.063522009843724039 0.026597602025562311
leaf_weight=20624 201 189 8848 1958 16829 183
leaf_count=20624 201 189 8848 1958 16829 183
internal_value=5.92727e-05 -0.00208474 -0.00362057 0.0417471 -0.0167178 0.26375
internal_weight=48832 48448 48259 10806 37453 384
internal_count=48832 48448 48259 10806 37453 384
is_linear=0
shrinkage=0.03


Tree=83
num_leaves=15
num_cat=0
split_feature=63 79 34 73 152 30 99 26 37 172 164 153 33 146
split_gain=30834.5 133701 113051 99146.8 73631.3 88986.2 69037.4 121753 116016 65347.9 57232.4 49148.1 46801.8 17086.2
threshold=0.35820032656192785 0.17294999957084659 1.2050000429153445 73.72568511962892 0.98928809165954601 0.9715000092983247 0.001206186425406486 0.003505711094476283 -0.23804999887943265 -0.92099800705909718 64.010261535644545 0.0042817362118512401 1.1274999976158144 0.00061852930230088543
decision_type=2 2 2 2 2 2 2 2 2 2 2 2 2 2
left_child=6 4 10 -4 5 -2 7 12 -9 -6 -3 13 -1 -8
right_child=1 2 3 -5 9 -7 11 8 -10 -11 -12 -13 -14 -15
leaf_value=0.28306104538470489 -0.37933239218819215 -0.018614048600066602 -0.47395624558996102 0.31872949424222474 -0.10971173452918917 -0.016825388918365516 0.29061998265376987 -0.94999428092737992 -0.011418729407348852 0.10236224023973108 -0.24403074156778132 0.66221569395675428 0.021703330516640626 -0.1195348581124142
leaf_weight=628 637 4059 1192 154 1516 10521 197 215 251 9187 1342 244 18533 156
leaf_count=628 637 4059 1192 154 1516 10521 197 215 251 9187 1342 244 18533 156
internal_value=6.39292e-05 -0.0199771 -0.136613 -0.381581 0.0160664 -0.0378417 0.028409 0.018654 -0.455313 0.0722492 -0.0749714 0.343523 0.0304125 0.111062
internal_weight=48832 28608 6747 1346 21861 11158 20224 19627 466 10703 5401 597 19161 353
internal_count=48832 28608 6747 1346 21861 11158 20224 19627 466 10703 5401 597 19161 353
is_linear=0
shrinkage=0.03


Tree=84
num_leaves=12
num_cat=0
split_feature=124 170 31 38 38 26 170 169 9 50 122
split_gain=30420.3 36571.9 165486 161650 151015 57313.4 64194.8 32745.6 44557.8 20201.1 6699.25
threshold=-3.5659432411193843 0.0034616206539794807 -0.45225000381469721 0.15699134021997455 -0.64261904358863819 0.0050628271419554957 0.0030902879079803829 71.002788543701186 0.002449826337397099 0.051848603412508971 0.0035071457969024782
decision_type=2 2 2 2 2 2 2 2 2 2 2
left_child=7 5 3 -3 -4 6 -2 8 -1 -9 -11
right_child=1 2 4 -5 -6 -7 -8 9 -10 10 -12
leaf_value=-0.052543890944107129 0.0017546921415110771 -0.59963471032926052 0.60191494280422864 0.085320163748001901 0.094086422183753807 0.52326508896344381 -0.15475592955417847 0.29197866334200456 -0.60700338366313999 -0.2548153791990545 0.020316435414843445
leaf_weight=267 40616 533 648 718 2675 174 2494 152 249 152 154
leaf_count=267 40616 533 648 718 2675 174 2494 152 249 152 154
internal_value=5.80519e-05 0.00345223 0.08403 -0.208952 0.194624 -0.00508019 -0.00733355 -0.165057 -0.326556 0.0199836 -0.120089
internal_weight=48832 47858 4574 1251 3323 43284 43110 974 516 458 306
internal_count=48832 47858 4574 1251 3323 43284 43110 974 516 458 306
is_linear=0
shrinkage=0.03


Tree=85
num_leaves=15
num_cat=0
split_feature=35 152 30 170 29 123 183 183 26 165 82 63 33 122
split_gain=30045.6 81153.7 116010 89772.6 68174.3 120388 68155.3 61496.5 157184 99878.9 52437.8 52301.1 95525.3 39903.3
threshold=-1.5076947808265684 -8.3477797508239728 3.0225000381469731 0.0023354333825409417 1.5265908837318423 0.43903850018978124 -0.25239047408103937 -0.40949457883834833 0.0029693713877350096 0.0014512581401504578 1.4450000524520876 0.33323584496974951 3.0644999742507939 0.0048065907321870336
decision_type=2 2 2 2 2 2 2 2 2 2 2 2 2 2
left_child=4 2 6 -4 5 10 -2 9 -9 -3 -1 13 -13 -6
right_child=1 7 3 -5 11 -7 -8 8 -10 -11 -12 12 -14 -15
leaf_value=-0.29917624242761365 -0.091543730688312966 0.046973794105372044 0.11047424025695632 0.98775965964328505 0.020725992003158538 -1.0057424396735637 0.36091169033342829 -0.74152837299094065 0.044173813428287564 0.25353071368363778 0.34921450744334021 -0.13428619466779854 0.030567108994531304 0.40645786217050395
leaf_weight=318 7724 9751 314 150 12959 162 302 279 1102 2680 161 6766 5928 236
leaf_count=318 7724 9751 314 150 12959 162 302 279 1102 2680 161 6766 5928 236
internal_value=5.60025e-05 0.0257157 -0.0472423 0.408935 -0.021516 -0.324734 -0.0740909 0.0705635 -0.118749 0.0916734 -0.0785565 -0.0138859 -0.0573375 0.0279276
internal_weight=48832 22302 8490 464 26530 641 8026 13812 1381 12431 479 25889 12694 13195
internal_count=48832 22302 8490 464 26530 641 8026 13812 1381 12431 479 25889 12694 13195
is_linear=0
shrinkage=0.03


Tree=86
num_leaves=8
num_cat=0
split_feature=153 35 47 116 59 46 46
split_gain=29826.9 50882.8 45534.6 81601.3 30670 33863 19860.9
threshold=0.016308185644447807 0.49396738409996038 1.0000000180025095e-35 48.165370941162116 0.32089363038539892 0.76942089200019848 1.0000000180025095e-35
decision_type=2 2 2 2 2 2 2
left_child=1 4 -2 -4 5 -1 -6
right_child=2 -3 3 -5 6 -7 -8
leaf_value=-0.015269348070536117 0.077650879549251484 0.4420657623698146 0.056919283178402114 -0.89560887397842948 0.47025643161114522 0.045338017057621326 0.035757503616966703
leaf_weight=36969 263 226 150 163 194 10687 180
leaf_count=36969 263 226 150 163 194 10687 180
internal_value=5.64011e-05 0.00263932 -0.212687 -0.451496 0.000480054 -0.00167131 0.267516
internal_weight=48832 48256 576 313 48030 47656 374
internal_count=48832 48256 576 313 48030 47656 374
is_linear=0
shrinkage=0.03


Tree=87
num_leaves=7
num_cat=0
split_feature=26 81 85 35 35 79
split_gain=30832.8 44767.2 153008 60331.7 114634 99568.8
threshold=0.0066485491115599879 0.49099999666213995 1.0465500354766848 0.15699999779462817 -0.0083549781702458841 -0.87784999608993519
decision_type=2 2 2 2 2 2
left_child=1 2 -1 4 -3 -5
right_child=-2 3 -4 5 -6 -7
leaf_value=0.80218123526545237 -0.37739710955148781 -0.0020320606841286756 -0.21977810446240686 0.060287352001132402 0.34835873011247226 -0.44463260316396058
leaf_weight=246 184 45899 265 691 846 701
leaf_count=246 184 45899 265 691 846 701
internal_value=5.60425e-05 0.00156094 0.278156 -0.00143243 0.00438253 -0.195344
internal_weight=48832 48648 511 48137 46745 1392
internal_count=48832 48648 511 48137 46745 1392
is_linear=0
shrinkage=0.03


Tree=88
num_leaves=8
num_cat=0
split_feature=147 45 63 135 152 170 170
split_gain=29757.2 31717.8 60471.4 89164.5 64760.3 41457.7 56783.6
threshold=0.00019475420413073155 -0.58244305849075306 1.1111042499542239 -0.40949457883834833 20.204335212707523 0.0052132138516753921 0.0040180513169616469
decision_type=2 2 2 2 2 2 2
left_child=-1 2 3 -2 -4 6 -3
right_child=1 5 4 -5 -6 -7 -8
leaf_value=0.36251921606511611 -0.019861795873797463 0.026408262406401043 0.027075100934669066 -0.28870492312425822 0.37404018788208176 -0.33213262685453115 0.29617586293618409
leaf_weight=193 28757 15398 1675 1145 672 266 726
leaf_count=193 28757 15398 1675 1145 672 266 726
internal_value=5.53872e-05 -0.00145709 -0.0187266 -0.0302493 0.127585 0.0325131 0.0387309
internal_weight=48832 48639 32249 29902 2347 16390 16124
internal_count=48832 48639 32249 29902 2347 16390 16124
is_linear=0
shrinkage=0.03


Tree=89
num_leaves=9
num_cat=0
split_feature=3 121 81 155 35 35 37 34
split_gain=29589 65616.6 44610.7 92703.5 58870.5 111621 99889.2 52243
threshold=0.0017578194383531811 55.383935928344734 0.49099999666213995 0.14020176231861117 0.15699999779462817 -0.0083549781702458841 0.87784999608993541 1.7549999952316286
decision_type=2 2 2 2 2 2 2 2
left_child=2 -2 3 7 5 -4 -6 -1
right_child=1 -3 4 -5 6 -7 -8 -9
leaf_value=0.34512173533439638 0.061926806277259251 -0.72461439698402363 -0.0013381816326919049 0.81245713484000393 -0.45063168165196466 0.34990811028727864 0.062588945880393793 -0.41104485932987456
leaf_weight=155 231 151 45794 177 675 819 676 154
leaf_count=155 231 151 45794 177 675 819 676 154
internal_value=5.64621e-05 -0.259537 0.00215634 0.285208 -0.000770562 0.00490701 -0.195258 -0.0328096
internal_weight=48832 382 48450 486 47964 46613 1351 309
internal_count=48832 382 48450 486 47964 46613 1351 309
is_linear=0
shrinkage=0.03


Tree=90
num_leaves=12
num_cat=0
split_feature=34 165 47 34 51 34 74 34 45 32 98
split_gain=29498 88631.8 70587.3 63107.4 51599 43004.2 112651 81449 38109.7 29769.6 27328.8
threshold=2.7949999570846562 0.0013907424290664496 1.0000000180025095e-35 2.745000004768372 0.039666302502155311 2.495000004768372 0.32203456759452825 2.2749999761581425 -0.77296444773674 0.27051316201686865 0.0010200053802691402
decision_type=2 2 2 2 2 2 2 2 2 2 2
left_child=3 2 9 5 -5 7 -7 -1 -6 -2 -4
right_child=1 -3 10 4 8 6 -8 -9 -10 -11 -12
leaf_value=-0.0047744333664604174 -0.32608716835516577 0.39583094561701665 0.24705739784245209 0.7238471021286903 -0.21293125562228102 -0.15167650150466985 0.64300649844110014 0.14994882973961376 0.35379442015336643 -0.93944942194681902 -0.29035908528736654
leaf_weight=41029 151 179 156 176 174 2937 160 3299 247 159 165
leaf_count=41029 151 179 156 176 174 2937 160 3299 247 159 165
internal_value=5.50405e-05 -0.178361 -0.34488 0.00310094 0.307053 -0.000789224 -0.108683 0.00677168 0.12006 -0.660209 -0.0296112
internal_weight=48832 810 631 48022 597 47425 3097 44328 421 310 321
internal_count=48832 810 631 48022 597 47425 3097 44328 421 310 321
is_linear=0
shrinkage=0.03


Tree=91
num_leaves=10
num_cat=0
split_feature=122 40 73 34 40 35 35 63 169
split_gain=29291.8 58568.6 46874.7 39469.1 74423.6 37767 36465.7 83201.8 77363.9
threshold=0.0018659702036529782 1.9010403752326968 8.740180969238283 0.21499999612569812 1.0555194616317751 -1.9361363053321836 -1.5076947808265684 0.42189344763755804 23.480598449707035
decision_type=2 2 2 2 2 2 2 2 2
left_child=1 3 -2 5 -5 -1 7 -4 -8
right_child=2 -3 6 4 -6 -7 8 -9 -10
leaf_value=-0.19104679018998308 0.47327475155667703 0.59446457385193574 0.0016286157442902242 0.049195227259477996 0.43255268749793002 0.057814332263054068 -0.18780774947194215 -0.12309296068801943 0.035343346016863682
leaf_weight=978 171 171 15656 2916 531 1227 1501 6941 18740
leaf_count=978 171 171 15656 2916 531 1227 1501 6941 18740
internal_value=5.70024e-05 0.0631436 -0.008497 0.046047 0.109331 -0.0529291 -0.0105301 -0.0367189 0.0187107
internal_weight=48832 5823 43009 5652 3447 2205 42838 22597 20241
internal_count=48832 5823 43009 5652 3447 2205 42838 22597 20241
is_linear=0
shrinkage=0.03


Tree=92
num_leaves=10
num_cat=0
split_feature=30 32 30 29 151 34 59 75 11
split_gain=29815.5 65680.4 65037.8 51649.7 33331.6 35621 31978.3 25692.6 21050
threshold=3.7725000381469731 0.79274436831474315 3.6725000143051152 2.0659090280532841 58.407112121582038 0.87500000000000011 0.12798991054296496 -0.77104723453521717 0.11043432727456094
decision_type=2 2 2 2 2 2 2 2 2
left_child=2 -2 4 -3 5 -1 8 -6 -4
right_child=1 3 6 -5 7 -7 -8 -9 -10
leaf_value=0.028101147733282487 0.70569749312258734 -0.29417716877829087 0.06603722663512869 0.40896684028068558 -0.095253122210922844 -0.024417219051930877 -0.62131958619619787 0.35353625592284049 -0.39754075879789891
leaf_weight=20661 162 218 191 150 154 26545 198 403 150
leaf_count=20661 162 218 191 150 154 26545 198 403 150
internal_value=6.23089e-05 0.221745 -0.00241553 -0.00433254 0.00131598 -0.00143003 -0.327081 0.229963 -0.143399
internal_weight=48832 530 48302 368 47763 47206 539 557 341
internal_count=48832 530 48302 368 47763 47206 539 557 341
is_linear=0
shrinkage=0.03


Tree=93
num_leaves=8
num_cat=0
split_feature=124 56 14 14 153 117 88
split_gain=29185.4 35174.8 43570.8 33668.7 30312.5 25802.1 18327.4
threshold=-3.8886209726333614 -168.22814941406247 0.37713220715522772 0.94673058390617382 0.016308185644447807 0.0019776863045990471 0.73277923464775097
decision_type=2 2 2 2 2 2 2
left_child=3 -2 5 6 -4 -3 -1
right_child=1 2 4 -5 -6 -7 -8
leaf_value=0.2303955591470003 0.40577905017536942 -0.12846239089965819 0.0072161602185320155 -0.44175875476561483 -0.21156361944353663 -0.55512768313729544 -0.21956925010029224
leaf_weight=156 184 561 46777 278 567 159 150
leaf_count=156 184 561 46777 278 567 159 150
internal_value=6.12357e-05 0.00263382 0.0010064 -0.208943 0.00455189 -0.228998 0.00985627
internal_weight=48832 48248 48064 584 47344 720 306
internal_count=48832 48248 48064 584 47344 720 306
is_linear=0
shrinkage=0.03


Tree=94
num_leaves=13
num_cat=0
split_feature=163 63 175 34 78 99 26 37 67 35 59 107
split_gain=28882.3 35190.1 108883 98165 69891.5 63964.1 106998 49042 31088.4 21103.6 21574.9 20052
threshold=0.0014917198568582537 0.35820032656192785 0.17294999957084659 1.1950000524520876 0.9715000092983247 0.001189579605124891 0.003505711094476283 -0.28409999608993525 0.00059437751770019542 -1.57860392332077 0.14050182700157168 0.12905506044626239
decision_type=2 2 2 2 2 2 2 2 2 2 2 2
left_child=1 5 4 -4 -3 6 -1 -7 9 -2 -11 -10
right_child=8 2 3 -5 -6 7 -8 -9 11 10 -12 -13
leaf_value=0.027567060625332169 -0.00049008888292771116 -0.21592799982765676 -0.073908724287767638 -0.36321994911961536 0.020854782824347093 0.16555335741944699 -0.44104046478568842 0.77230797884640867 0.083373142719601168 0.21186789946810852 0.60136509797138127 -0.33979112527022759
leaf_weight=18817 250 1179 5231 1315 19883 494 439 152 259 486 175 152
leaf_count=18817 250 1179 5231 1315 19883 494 439 152 259 486 175 152
internal_value=5.37903e-05 -0.0038082 -0.0257258 -0.132493 0.00750407 0.0265935 0.0166603 0.317916 0.137832 0.234757 0.322413 -0.0774793
internal_weight=48832 47510 27608 6546 21062 19902 19256 646 1322 911 661 411
internal_count=48832 47510 27608 6546 21062 19902 19256 646 1322 911 661 411
is_linear=0
shrinkage=0.03


Tree=95
num_leaves=9
num_cat=0
split_feature=30 46 30 74 170 155 59 102
split_gain=28510 62120.5 61224.2 31578 172137 119291 30131.8 13254.8
threshold=3.7725000381469731 -1.0000000180025095e-35 3.6725000143051152 0.37628664076328283 0.0052132138516753921 0.17821267992258075 0.12798991054296496 51.893396377563484
decision_type=2 2 2 2 2 2 2 2
left_child=2 -2 3 4 -1 -5 7 -4
right_child=1 -3 6 5 -6 -7 -8 -9
leaf_value=-0.0011515158100117236 0.55471753351288899 -0.086942940263312826 0.039553893241617413 0.0078528355924566105 -0.74605039212097046 0.45460404036606078 -0.60298631276648773 -0.32727497657262827
leaf_weight=43708 247 283 179 3145 271 639 198 162
leaf_count=43708 247 283 179 3145 271 639 198 162
internal_value=5.49312e-05 0.21683 -0.00236805 0.00125241 -0.00591016 0.0842946 -0.317371 -0.139076
internal_weight=48832 530 48302 47763 43979 3784 539 341
internal_count=48832 530 48302 47763 43979 3784 539 341
is_linear=0
shrinkage=0.03


Tree=96
num_leaves=8
num_cat=0
split_feature=3 121 33 37 83 83 31
split_gain=28300.5 61164.6 41672.1 88866.1 55433.5 105814 93738.6
threshold=0.0017578194383531811 55.383935928344734 0.49099999666213995 1.0465500354766848 0.15699999779462817 -0.0083549781702458841 -0.87784999608993519
decision_type=2 2 2 2 2 2 2
left_child=2 -2 3 -1 5 -4 -6
right_child=1 -3 4 -5 6 -7 -8
leaf_value=0.68247828464422899 0.056661945587619209 -0.70283707193706346 -0.0012975123344085601 -0.11675641278425851 0.060335290353126153 0.34069038403165425 -0.43683711471373937
leaf_weight=235 231 151 45794 251 676 819 675
leaf_count=235 231 151 45794 251 676 819 675
internal_value=4.89369e-05 -0.25383 0.00210259 0.275673 -0.000726276 0.00478307 -0.189451
internal_weight=48832 382 48450 486 47964 46613 1351
internal_count=48832 382 48450 486 47964 46613 1351
is_linear=0
shrinkage=0.03


Tree=97
num_leaves=9
num_cat=0
split_feature=63 11 37 3 33 33 169 149
split_gain=28574.7 63243.4 60779.3 45222.9 43785.4 74215.3 64386.7 27168.8
threshold=1.3131417036056521 0.14300487190485003 1.0465500354766848 0.0017578194383531811 0.49099999666213995 1.0985000133514407 49.342880249023445 0.43640898168087011
decision_type=2 2 2 2 2 2 2 2
left_child=3 2 7 4 6 -6 -1 -2
right_child=1 -3 -4 -5 5 -7 -8 -9
leaf_value=0.69757419829185197 0.17551662461846831 -0.32271051914339333 -0.2303011153139097 -0.40923926083416473 -0.14025884032006719 0.0064519355336713638 -0.10221443455900464 0.53811394916607602
leaf_weight=185 371 203 184 236 3330 43764 165 394
leaf_count=185 371 203 184 236 3330 43764 165 394
internal_value=4.67466e-05 0.147035 0.249835 -0.00353472 -0.00143082 -0.00394951 0.328165 0.3668
internal_weight=48832 1152 949 47680 47444 47094 350 765
internal_count=48832 1152 949 47680 47444 47094 350 765
is_linear=0
shrinkage=0.03


Tree=98
num_leaves=12
num_cat=0
split_feature=82 74 15 82 69 119 82 74 82 74 169
split_gain=28144.7 73659.6 66927.5 58866.4 48849.1 47788.7 41308.5 105870 75030.6 22965.3 19241.2
threshold=2.7949999570846562 0.22116906195878985 0.84805065393447887 2.745000004768372 0.084786005318164839 -0.069947119802236543 2.495000004768372 0.32203456759452825 2.2749999761581425 0.18916838616132739 46.466705322265632
decision_type=2 2 2 2 2 2 2 2 2 2 2
left_child=3 2 4 6 -2 -5 8 -8 -1 -7 -4
right_child=1 -3 10 5 -6 9 7 -9 -10 -11 -12
leaf_value=-0.0044068782346436434 -0.22525989822514311 0.3424681415652055 0.22824158574454487 0.57865476391011184 -0.97131736462486196 0.28391390279063894 -0.14815696239827278 0.62224828715885383 0.14409504462174938 -0.20880400436813246 -0.23417421964610494
leaf_weight=41029 159 183 150 276 164 164 2937 160 3299 157 154
leaf_count=41029 159 183 150 276 164 164 2937 160 3299 157 154
internal_value=4.66518e-05 -0.174229 -0.328044 0.00302187 -0.621856 0.296583 -0.000735316 -0.106481 0.00667501 0.0438995 -0.00600611
internal_weight=48832 810 627 48022 323 597 47425 3097 44328 321 304
internal_count=48832 810 627 48022 323 597 47425 3097 44328 321 304
is_linear=0
shrinkage=0.03


Tree=99
num_leaves=8
num_cat=0
split_feature=147 45 63 39 167 170 170
split_gain=27551.4 29426.4 55974.9 85583.5 59189.2 36714.4 53388.4
threshold=0.00019475420413073155 -0.58244305849075306 1.1111042499542239 -0.40949457883834833 0.12149669229984285 0.0052132138516753921 0.0040180513169616469
decision_type=2 2 2 2 2 2 2
left_child=-1 2 3 -2 -4 6 -3
right_child=1 5 4 -5 -6 -7 -8
leaf_value=0.34881889103283287 -0.018951028749299666 0.025215154118397826 -0.012162388322584528 -0.28233977441034919 0.2901675776173378 -0.31184233610862461 0.2867928703600014
leaf_weight=193 28757 15398 1305 1145 1042 266 726
leaf_count=193 28757 15398 1305 1145 1042 266 726
internal_value=4.77553e-05 -0.00140759 -0.0180416 -0.0291277 0.122725 0.0313126 0.0371634
internal_weight=48832 48639 32249 29902 2347 16390 16124
internal_count=48832 48639 32249 29902 2347 16390 16124
is_linear=0
shrinkage=0.03


Tree=100
num_leaves=11
num_cat=0
split_feature=124 169 122 170 37 41 37 170 11 40
split_gain=27386.7 31967.2 40363 31143.3 150011 150206 147949 50826.9 83594 69071.4
threshold=-3.8886209726333614 73.306507110595717 0.0028896374860778455 0.0034616206539794807 0.45485000312328344 -2.3209999799728389 0.51664999127388012 0.0031949984841048722 0.098203431814908995 1.9506630301475527
decision_type=2 2 2 2 2 2 2 2 2 2
left_child=1 2 -1 7 5 -5 -6 9 -9 -2
right_child=3 -3 -4 4 6 -7 -8 8 -10 -11
leaf_value=-0.02623348973077886 -0.0091466719177909044 0.065155410792542862 -0.66937464359466947 0.59737705537003438 -0.89561001918799688 0.084364081545979588 -0.049919330541394712 0.043677252326670843 -0.37947367392880943 0.1447299493821427
leaf_weight=160 39162 237 187 624 217 2731 1043 840 827 2804
leaf_count=160 39162 237 187 624 217 2731 1043 840 827 2804
internal_value=4.83233e-05 -0.202413 -0.381867 0.00254037 0.0765644 0.181272 -0.201471 -0.00530479 -0.167259 0.00116678
internal_weight=48832 584 347 48248 4615 3355 1260 43633 1667 41966
internal_count=48832 584 347 48248 4615 3355 1260 43633 1667 41966
is_linear=0
shrinkage=0.03


Tree=101
num_leaves=9
num_cat=0
split_feature=28 152 74 85 83 25 38 11
split_gain=27760.1 33834.7 67415 59199 192668 57892 44693.2 32650.2
threshold=-4.0816290378570548 69.35425186157228 0.37628664076328283 1.0465500354766848 0.39852271974086767 54.713720321655281 -0.34777668118476862 0.15596335381269458
decision_type=2 2 2 2 2 2 2 2
left_child=7 3 6 4 -2 -5 -3 -1
right_child=1 2 -4 5 -6 -7 -8 -9
leaf_value=-0.0049940469812227647 -0.0028819101228161679 -0.22204736361718658 0.64741190084048261 0.0074146022307707959 0.98600694191589777 -0.68965629894991176 0.17238339645689235 -0.55312714211516456
leaf_weight=219 46408 351 196 207 168 212 904 167
leaf_count=219 46408 351 196 207 168 212 904 167
internal_value=4.01507e-05 0.00208453 0.144262 -0.00233503 0.000895907 -0.353135 0.0611852 -0.250119
internal_weight=48832 48446 1451 46995 46576 419 1255 386
internal_count=48832 48446 1451 46995 46576 419 1255 386
is_linear=0
shrinkage=0.03


Tree=102
num_leaves=12
num_cat=0
split_feature=122 106 32 3 32 162 33 40 28 111 27
split_gain=27030.2 44976.9 58294.7 113151 62444.4 52316.3 39260.4 40837.1 38913.2 35928 27473.6
threshold=0.0019264476723037662 2.6024810075759892 -0.14003247022628781 0.0010252068750560286 0.55294048786163341 0.4123081117868424 4.0125000476837167 1.9010403752326968 1.5960411429405215 0.51646977663040172 0.53642141819000255
decision_type=2 2 2 2 2 2 2 2 2 2 2
left_child=6 2 3 -2 -4 8 7 9 -3 -1 -7
right_child=1 5 4 -5 -6 10 -8 -9 -10 -11 -12
leaf_value=0.33375354826134213 -0.5972873181496926 0.041957833802544614 0.010623382518750227 0.22634405514029296 -0.1255546579987849 -0.047903463690888541 0.4357790113459894 0.43364296717690182 -0.052529408232067372 0.010857063319667053 -0.26699643906809745
leaf_weight=317 443 21316 8229 218 4786 1456 226 221 4798 6030 792
leaf_count=317 443 21316 8229 218 4786 1456 226 221 4798 6030 792
internal_value=4.10382e-05 -0.00893562 -0.0536021 -0.326326 -0.0395113 0.0126136 0.0555158 0.0417886 0.024584 0.0274837 -0.125933
internal_weight=48832 42038 13676 661 13015 28362 6794 6568 26114 6347 2248
internal_count=48832 42038 13676 661 13015 28362 6794 6568 26114 6347 2248
is_linear=0
shrinkage=0.03


Tree=103
num_leaves=13
num_cat=0
split_feature=76 39 39 94 26 172 86 44 76 35 3 23
split_gain=27665.4 59708 51257.4 134752 53291.8 47270.4 64625.6 82937.1 55498.4 105077 67215.2 47879.7
threshold=-1.0781598687171934 -0.24903181195259091 -1.9924272894859312 -1.0000000180025095e-35 0.001902320596855134 0.15133592486381534 0.19513095170259478 -0.24825246632099149 -2.5828019380569454 -0.25120455026626581 0.00086638430366292607 0.5571352243423463
decision_type=2 2 2 2 2 2 2 2 2 2 2 2
left_child=5 2 3 -2 -4 8 7 -7 9 -1 -10 -8
right_child=1 -3 4 -5 -6 6 11 -9 10 -11 -12 -13
leaf_value=-0.047505381631433981 0.54071557688034988 -0.45272372619232115 0.027856095841753078 -0.075890087732265799 -0.048992644994729044 0.20550921790188112 0.64258610148375872 -0.036340984656830916 -0.021724395273631222 -0.59719299820606431 0.2159620251377353 0.067578644764113724
leaf_weight=2212 524 267 13687 787 19944 2251 317 2924 3874 355 1469 221
leaf_count=2212 524 267 13687 787 19944 2251 317 2924 3874 355 1469 221
internal_value=4.22802e-05 -0.0140038 -0.0105229 0.172792 -0.0177181 0.0363285 0.102004 0.0690515 -0.0111745 -0.125546 0.0439063 0.411928
internal_weight=48832 35209 34942 1311 33631 13623 5713 5175 7910 2567 5343 538
internal_count=48832 35209 34942 1311 33631 13623 5713 5175 7910 2567 5343 538
is_linear=0
shrinkage=0.03


Tree=104
num_leaves=10
num_cat=0
split_feature=163 70 6 3 107 152 33 122 153
split_gain=26904 34164.6 31071.4 29181.1 46501.8 29547.7 37117.2 19023 12712.5
threshold=0.0017315600998699667 0.15726923197507861 39.770013809204109 0.0017578194383531811 0.10190877318382265 -116.21471405029295 1.0985000133514407 0.0033468604087829594 0.0059294756501913079
decision_type=2 2 2 2 2 2 2 2 2
left_child=3 7 -3 5 -5 -1 -7 -2 -9
right_child=1 2 -4 4 -6 6 -8 8 -10
leaf_value=0.405876551086083 0.063409463123329943 0.15121691089593789 -0.35814672389200758 0.049100686115700572 -0.65220321145467464 -0.087781868263054133 0.0057644815043124279 0.63305393344048633 0.23791254737262019
leaf_weight=150 169 291 158 179 150 4177 43232 171 155
leaf_count=150 169 291 158 179 150 4177 43232 171 155
internal_value=4.35907e-05 0.157795 -0.0319224 -0.0030984 -0.28045 -0.00112121 -0.00249425 0.327106 0.457852
internal_weight=48832 944 449 47888 329 47559 47409 495 326
internal_count=48832 944 449 47888 329 47559 47409 495 326
is_linear=0
shrinkage=0.03


Tree=105
num_leaves=14
num_cat=0
split_feature=137 26 30 46 169 124 39 169 40 170 51 30 121
split_gain=27426.2 91082.6 226417 208456 77468.9 76363.4 111071 88721.8 73138.6 71136.3 29397.9 27304.9 22593.7
threshold=-1.6220000386238096 0.0038265245966613297 2.9824999570846562 1.0000000180025095e-35 81.577941894531264 -1.0686816573143003 -0.26469047367572779 46.61352729797364 1.994488596916199 0.0034616206539794807 0.051426570862531669 1.6035000085830691 59.559564590454109
decision_type=2 2 2 2 2 2 2 2 2 2 2 2 2
left_child=1 8 3 -3 5 6 -2 -7 9 -1 -6 -12 -10
right_child=4 2 -4 -5 10 7 -8 -9 12 -11 11 -13 -14
leaf_value=-0.01839440820333562 -0.057657131962443701 -0.62453715216909 0.80142436341887491 0.19252029762091 0.075205143614340622 -0.01567695639059636 -0.8108183131910659 0.15219471564291051 0.1708473646650033 0.21753804816175282 0.26504853507760401 0.841315088611163 0.69387436622110277
leaf_weight=30010 3774 910 156 399 167 6294 175 5141 151 1186 157 157 155
leaf_count=30010 3774 910 156 399 167 6294 175 5141 151 1186 157 157 155
internal_value=4.50359e-05 -0.015551 -0.245964 -0.375916 0.0324426 0.0205893 -0.0929972 0.0598626 -0.00476101 -0.00935796 0.403409 0.570255 0.449353
internal_weight=48832 32967 1465 1309 15865 15384 3949 11435 31502 31196 481 314 306
internal_count=48832 32967 1465 1309 15865 15384 3949 11435 31502 31196 481 314 306
is_linear=0
shrinkage=0.03


Tree=106
num_leaves=15
num_cat=0
split_feature=63 88 32 51 29 146 76 32 99 31 39 169 117 34
split_gain=26280.6 132263 83066.5 95359.4 90807.6 64374.9 66345.6 66019.1 56917.5 82216.3 46604.6 51780.7 45054.9 25953.9
threshold=0.40072686970233923 0.40481819212436682 0.56409090757370006 0.044243875890970237 1.5948809385299685 0.00048274696746375417 0.32731969654560095 -0.15158694982528684 0.001189579605124891 0.26125000417232519 -1.0496999621391294 14.08784866333008 0.00096966538694687199 0.6850000023841859
decision_type=2 2 2 2 2 2 2 2 2 2 2 2 2 2
left_child=8 2 4 -4 -2 7 -7 -3 10 -10 11 -1 -12 -11
right_child=1 5 3 -5 -6 6 -8 -9 9 13 12 -13 -14 -15
leaf_value=0.36845909378999603 -0.44025228249174042 -0.4331086608371032 -1.1419791356541893 -0.31822127333151673 0.087927723329023016 0.088837859328923463 -0.038177238021249067 -0.047408906229708489 0.77835659798586143 0.29058669560261674 0.31490184843432834 -0.018718676658895306 0.056769815139384193 -0.099234207153135204
leaf_weight=307 447 410 155 605 809 8923 6312 8259 202 286 684 16110 5011 312
leaf_count=307 447 410 155 605 809 8923 6312 8259 202 286 684 16110 5011 312
internal_value=5.525e-05 -0.020633 -0.253364 -0.498874 -0.10204 -0.000907326 0.0362238 -0.0661286 0.0234583 0.270459 0.0144037 -0.0112585 0.0882705 0.0889149
internal_weight=48832 25920 2016 760 1256 23904 15235 8669 22912 800 22112 16417 5695 598
internal_count=48832 25920 2016 760 1256 23904 15235 8669 22912 800 22112 16417 5695 598
is_linear=0
shrinkage=0.03


Tree=107
num_leaves=7
num_cat=0
split_feature=153 122 83 3 50 3
split_gain=26726.9 50190.6 47880.7 33085.5 30459.9 35999.4
threshold=0.016308185644447807 0.0043321293778717527 0.49396738409996038 0.0011145760654471817 0.22638779133558276 0.0017578194383531811
decision_type=2 2 2 2 2 2
left_child=2 3 4 -2 5 -1
right_child=1 -3 -4 -5 -6 -7
leaf_value=0.00090097774134293687 0.26475541102427702 -0.6486352399265839 0.4287617810777688 -0.25758783000911917 0.37652601938327973 -0.33668717623050026
leaf_weight=47571 185 153 226 238 183 276
leaf_count=47571 185 153 226 238 183 276
internal_value=5.02062e-05 -0.201335 0.00249522 -0.0283013 0.000400633 -0.00111631
internal_weight=48832 576 48256 423 48030 47847
internal_count=48832 576 48256 423 48030 47847
is_linear=0
shrinkage=0.03


Tree=108
num_leaves=11
num_cat=0
split_feature=155 170 107 77 107 32 170 39 31 39
split_gain=26378.7 109174 170781 98197.2 60770 59970.8 90406.5 80628.4 48935.5 54115.2
threshold=0.12750668078660968 0.0052132138516753921 0.095617569983005538 -0.35568921267986292 0.1007463186979294 0.058047618716955192 0.0047519761137664327 -0.2818454504013061 1.5975999832153323 -1.181008458137512
decision_type=2 2 2 2 2 2 2 2 2 2
left_child=1 8 -3 4 -2 7 -7 -5 9 -1
right_child=3 2 -4 5 -6 6 -8 -9 -10 -11
leaf_value=-0.051448176927775403 0.91567535333668382 0.016149732797128249 -1.167362577623599 -0.05090724097780449 0.095889021172756106 0.040731318785078248 0.73906773282931393 -0.655072099324848 -0.3983802402408142 0.029364462569298085
leaf_weight=13291 169 261 179 3785 154 13389 159 200 279 16966
leaf_count=13291 169 261 179 3785 154 13389 159 200 279 16966
internal_value=4.76441e-05 -0.0166917 -0.480567 0.0290795 0.539434 0.0193754 0.0494661 -0.082793 -0.00985245 -0.0061394
internal_weight=48832 30976 440 17856 323 17533 13548 3985 30536 30257
internal_count=48832 30976 440 17856 323 17533 13548 3985 30536 30257
is_linear=0
shrinkage=0.03


Tree=109
num_leaves=12
num_cat=0
split_feature=82 165 95 82 51 82 125 82 146 45 117
split_gain=26667.3 82564.2 66464 54132.8 47918.5 39756.6 99509 69765.3 37262.2 34895.2 34519.5
threshold=2.7949999570846562 0.0013907424290664496 1.0000000180025095e-35 2.745000004768372 0.039666302502155311 2.495000004768372 0.062619047239422812 2.2749999761581425 0.00056943000527098786 -0.77296444773674 0.0018791045877151193
decision_type=2 2 2 2 2 2 2 2 2 2 2
left_child=3 2 8 5 -5 7 -7 -1 -2 -6 -4
right_child=1 -3 10 4 9 6 -8 -9 -10 -11 -12
leaf_value=-0.0040798910567845584 -0.28415825195744365 0.38453070887881846 0.27715395802468584 0.68598765690480512 -0.21372792416616626 0.43265861519813115 -0.15766608754753272 0.13911669965135143 -0.95806765159580609 0.32837954657246515 -0.32658445266634228
leaf_weight=41029 157 179 161 176 174 273 2824 3299 153 247 160
leaf_count=41029 157 179 161 176 174 273 2824 3299 153 247 160
internal_value=4.32278e-05 -0.169597 -0.330336 0.0029393 0.28445 -0.000663662 -0.104404 0.00660613 -0.636311 0.104565 -0.0245499
internal_weight=48832 810 631 48022 597 47425 3097 44328 310 421 321
internal_count=48832 810 631 48022 597 47425 3097 44328 310 421 321
is_linear=0
shrinkage=0.03


Tree=110
num_leaves=10
num_cat=0
split_feature=30 32 30 29 151 26 30 32 79
split_gain=26284.9 60421.3 59293.1 46773.8 30240.7 34984 26977.5 22531.3 14877.7
threshold=3.7725000381469731 0.79274436831474315 3.6725000143051152 2.0659090280532841 58.407112121582038 0.0066485491115599879 3.7199999094009404 -0.063440473750233636 0.14994999766349795
decision_type=2 2 2 2 2 2 2 2 2
left_child=2 -2 4 -3 5 -1 -4 -6 -8
right_child=1 3 6 -5 7 -7 8 -9 -10
leaf_value=0.00023505092184071677 0.67236308509527254 -0.28424457836700112 -0.60280227725207802 0.38489214578457176 0.50387166578579567 -0.42593537020786054 -0.36838996032172916 0.090664643046859811 0.014533550101849767
leaf_weight=47042 162 218 180 150 164 164 153 393 206
leaf_count=47042 162 218 180 150 164 164 153 393 206
internal_value=4.37956e-05 0.208188 -0.00228271 -0.0085318 0.00128019 -0.00133542 -0.312278 0.219068 -0.154223
internal_weight=48832 530 48302 368 47763 47206 539 557 359
internal_count=48832 530 48302 368 47763 47206 539 557 359
is_linear=0
shrinkage=0.03


Tree=111
num_leaves=8
num_cat=0
split_feature=153 35 116 47 163 70 81
split_gain=25636.5 43366.8 42120.9 75461.1 28867.9 36400.4 35570.6
threshold=0.016308185644447807 0.49396738409996038 47.204450607299812 1.0000000180025095e-35 0.0017315600998699667 0.15726923197507861 1.0985000133514407
decision_type=2 2 2 2 2 2 2
left_child=1 4 -2 -4 6 -6 -1
right_child=2 -3 3 -5 5 -7 -8
leaf_value=-0.089685242278664229 0.090362234060991212 0.40811326771595718 0.051561260156865629 -0.85098918170764526 0.35012985934926705 -0.030139861073496657 0.0050341190896194899
leaf_weight=3879 254 226 158 164 463 432 43256
leaf_count=3879 254 226 158 164 463 432 43256
internal_value=4.23903e-05 0.00243701 -0.197191 -0.419909 0.000443586 0.168276 -0.00277823
internal_weight=48832 48256 576 322 48030 895 47135
internal_count=48832 48256 576 322 48030 895 47135
is_linear=0
shrinkage=0.03


Tree=112
num_leaves=7
num_cat=0
split_feature=59 73 122 40 106 142
split_gain=26017.8 26876.9 27911.7 46613.1 36674.2 18437.7
threshold=0.32089363038539892 8.740180969238283 0.0018659702036529782 1.9010403752326968 2.6024810075759892 1.0000000180025095e-35
decision_type=2 2 2 2 2 2
left_child=1 -1 3 -3 -4 -2
right_child=5 2 4 -5 -6 -7
leaf_value=0.36094819192759325 0.43399109532059083 0.043759849576663248 -0.050861599936706629 0.54682244383190803 0.0081108044236627066 0.021282249770363686
leaf_weight=173 201 5560 14273 161 28281 183
leaf_count=173 201 5560 14273 161 28281 183
internal_value=4.0716e-05 -0.00193345 -0.00330837 0.0588464 -0.0116764 0.242842
internal_weight=48832 48448 48275 5721 42554 384
internal_count=48832 48448 48275 5721 42554 384
is_linear=0
shrinkage=0.03


Tree=113
num_leaves=8
num_cat=0
split_feature=37 35 172 63 149 33 153
split_gain=26013.5 171976 89511.8 40717.1 45332.1 43532.1 29931.2
threshold=1.0465500354766848 0.39852271974086767 1.0925119519233706 1.4053084254264834 0.52407708764076244 1.0985000133514407 0.010349788237363102
decision_type=2 2 2 2 2 2 2
left_child=1 3 6 5 -5 -1 -2
right_child=2 -3 -4 4 -6 -7 -8
leaf_value=-0.10460049791329465 -0.17928341125115388 0.92787546859184888 0.31961245571706381 0.0081608873229223958 0.54191641945691627 0.0040014745277909781 -0.76208038449287419
leaf_weight=3583 154 170 177 318 251 44006 173
leaf_count=3583 154 170 177 318 251 44006 173
internal_value=4.78726e-05 0.00230531 -0.212248 -0.00115396 0.248907 -0.00419548 -0.501078
internal_weight=48832 48328 504 48158 569 47589 327
internal_count=48832 48328 504 48158 569 47589 327
is_linear=0
shrinkage=0.03


Tree=114
num_leaves=9
num_cat=0
split_feature=28 152 74 37 35 25 40 11
split_gain=25721.8 30062.1 64165 55165.8 170234 52067.2 42479.1 29753
threshold=-4.0816290378570548 69.35425186157228 0.37628664076328283 1.0465500354766848 0.39852271974086767 54.713720321655281 1.9462045431137087 0.17403595149517062
decision_type=2 2 2 2 2 2 2 2
left_child=7 3 6 4 -2 -5 -3 -1
right_child=1 2 -4 5 -6 -7 -8 -9
leaf_value=-0.025527225762787386 -0.0025791189496699777 0.13758526367816998 0.6268849444881226 0.0014139297185680282 0.92695590038187381 -0.65992737438630411 -0.30700183771957623 -0.55660565749753732
leaf_weight=236 46408 1027 196 207 168 212 228 150
leaf_count=236 46408 1027 196 207 168 212 228 150
internal_value=5.10775e-05 0.00201897 0.136035 -0.00214693 0.000971979 -0.340786 0.0550273 -0.240749
internal_weight=48832 48446 1451 46995 46576 419 1255 386
internal_count=48832 48446 1451 46995 46576 419 1255 386
is_linear=0
shrinkage=0.03


Tree=115
num_leaves=10
num_cat=0
split_feature=34 32 30 34 124 63 74 16 164
split_gain=25330.9 70594.1 144576 51323.8 29093.3 28211.7 27120 24353.2 12057.3
threshold=2.7949999570846562 0.32977274060249334 2.3985000848770146 2.7649999856948857 -3.8886209726333614 1.3131417036056521 0.18428720533847812 -0.5450049340724944 44.225111007690437
decision_type=2 2 2 2 2 2 2 2 2
left_child=3 2 8 4 7 -6 -4 -1 -2
right_child=1 -3 6 -5 5 -7 -8 -9 -10
leaf_value=-0.49280027914732538 -0.048598471651839219 0.32398066018272209 -1.0596642440751844 0.39535638600769107 -0.00061423988045941798 0.15098144564483901 -0.44857414188651951 -0.074796236499967236 0.31541190249787543
leaf_weight=177 162 193 151 288 46040 1122 153 395 151
leaf_count=177 162 193 151 288 46040 1122 153 395 151
internal_value=5.04126e-05 -0.165284 -0.321054 0.00287299 0.000422653 0.00302352 -0.77619 -0.210389 0.131339
internal_weight=48832 810 617 48022 47734 47162 304 572 313
internal_count=48832 810 617 48022 47734 47162 304 572 313
is_linear=0
shrinkage=0.03


Tree=116
num_leaves=7
num_cat=0
split_feature=26 81 37 35 35 37
split_gain=25130 33012.7 118615 47784.6 96109 76074.1
threshold=0.0066485491115599879 0.49099999666213995 1.0465500354766848 0.15699999779462817 -0.0083549781702458841 0.87784999608993541
decision_type=2 2 2 2 2 2
left_child=1 2 -1 4 -3 -5
right_child=-2 3 -4 5 -6 -7
leaf_value=0.70036114865157284 -0.34071995138449918 -0.0018671843510988406 -0.19931928051059894 -0.39163872332622607 0.31896536948205034 0.049740310450603974
leaf_weight=246 184 45899 265 701 846 691
leaf_count=246 184 45899 265 701 846 691
internal_value=4.31308e-05 0.00140175 0.238924 -0.00116878 0.00400628 -0.173743
internal_weight=48832 48648 511 48137 46745 1392
internal_count=48832 48648 511 48137 46745 1392
is_linear=0
shrinkage=0.03


Tree=117
num_leaves=9
num_cat=0
split_feature=147 73 172 35 33 39 34 39
split_gain=25544.6 26247.9 72637.9 81890.2 67342.6 46059.5 117749 42076.1
threshold=0.00019475420413073155 34.820659637451179 0.13080032914876941 -0.19523809850215909 1.5195000171661379 -1.9924272894859312 0.39499999582767492 -0.24903181195259091
decision_type=2 2 2 2 2 2 2 2
left_child=-1 2 3 -2 -4 6 -3 -7
right_child=1 5 4 -5 -6 7 -8 -9
leaf_value=0.33587180531230465 0.014247838169685351 -0.12317106477432266 0.28692089705034662 -0.32103080052619287 0.044007047303536148 -0.016696425644845185 0.41819991321779965 -0.38265799188770744
leaf_weight=193 5460 702 1613 735 2810 36316 728 275
leaf_count=193 5460 702 1613 735 2810 36316 728 275
internal_value=4.26691e-05 -0.00135867 0.0403218 -0.0259843 0.133041 -0.0130062 0.153426 -0.0195506
internal_weight=48832 48639 10618 6195 4423 38021 1430 36591
internal_count=48832 48639 10618 6195 4423 38021 1430 36591
is_linear=0
shrinkage=0.03


Tree=118
num_leaves=14
num_cat=0
split_feature=41 26 30 142 169 40 170 41 57 92 51 30 121
split_gain=24717.9 86147 210036 195893 71636.1 68038.6 66740.9 63685 79944.8 78198.6 27346.6 25272.7 21308.6
threshold=-1.6220000386238096 0.0038265245966613297 2.9824999570846562 1.0000000180025095e-35 81.577941894531264 1.994488596916199 0.0034616206539794807 -1.5710000395774839 0.003265379113145173 -0.31107263267040247 0.051426570862531669 1.6035000085830691 59.559564590454109
decision_type=2 2 2 2 2 2 2 2 2 2 2 2 2
left_child=1 5 3 -3 7 6 -1 9 -9 -2 -6 -12 -7
right_child=4 2 -4 -5 10 12 -8 8 -10 -11 11 -13 -14
leaf_value=-0.017456358486942918 0.55302473501091998 -0.60501299070048586 0.76997919842780349 0.18703480479150356 0.07108099251291003 0.16347483199934321 0.21107082085529077 0.077935181145295629 -0.064019864781048721 0.031653556369700048 0.25482626013591619 0.80921246396768054 0.67113885702734644
leaf_weight=30010 424 910 156 399 167 151 1186 6722 7593 645 157 157 155
leaf_count=30010 424 910 156 399 167 151 1186 6722 7593 645 157 157 155
internal_value=4.29596e-05 -0.014763 -0.238846 -0.363999 0.0307993 -0.00426954 -0.00870343 0.0194012 0.00264688 0.241655 0.387527 0.54844 0.433726
internal_weight=48832 32967 1465 1309 15865 31502 31196 15384 14315 1069 481 314 306
internal_count=48832 32967 1465 1309 15865 31502 31196 15384 14315 1069 481 314 306
is_linear=0
shrinkage=0.03


Tree=119
num_leaves=15
num_cat=0
split_feature=63 136 26 146 170 76 33 165 99 26 31 31 30 34
split_gain=24736.8 123255 81219.2 59834.5 63932.7 60956.8 59129.4 58340.2 52891.2 110928 96005.5 77515.2 39197.7 24479.5
threshold=0.40072686970233923 0.40481819212436682 0.0025024882052093749 0.00048274696746375417 0.0027459135744720702 0.32731969654560095 2.0389999151229863 0.0026143235154449944 0.001189579605124891 0.003505711094476283 0.23974999785423282 0.26125000417232519 2.7875000238418584 0.6850000023841859
decision_type=2 2 2 2 2 2 2 2 2 2 2 2 2 2
left_child=8 2 6 4 -3 -5 -2 -4 9 12 -11 -10 -1 -13
right_child=1 3 7 5 -6 -7 -8 -9 11 10 -12 13 -14 -15
leaf_value=0.039070960913055952 0.13789386762234573 -0.050745650577914928 -0.54648022352405845 0.085261398598297469 -0.57241874111550195 -0.036486202810576601 -0.31340151365782165 0.059921546655794529 0.7540229303797461 -0.031455571647721774 -0.80461332270855102 0.28049993814548124 -0.091724675949136789 -0.098061697005485143
leaf_weight=19240 589 8462 802 8923 207 6312 454 171 202 309 263 286 2300 312
leaf_count=19240 589 8462 802 8923 207 6312 454 171 202 309 263 286 2300 312
internal_value=6.07975e-05 -0.0200106 -0.244677 -0.000968375 -0.0638474 0.0348294 -0.059658 -0.440383 0.022766 0.0140375 -0.394663 0.26087 0.0250688 0.0846252
internal_weight=48832 25920 2016 23904 8669 15235 1043 973 22912 22112 572 800 21540 598
internal_count=48832 25920 2016 23904 8669 15235 1043 973 22912 22112 572 800 21540 598
is_linear=0
shrinkage=0.03


Tree=120
num_leaves=9
num_cat=0
split_feature=30 46 30 147 147 51 159 11
split_gain=24458.1 57332 56262.3 30068.2 28203.2 76718.6 54682.6 16503.4
threshold=3.7725000381469731 -1.0000000180025095e-35 3.6725000143051152 0.00068793096579611312 0.00096948741702362906 0.038841374218463905 2.8736276626586919 0.1040753871202469
decision_type=2 2 2 2 2 2 2 2
left_child=2 -2 4 7 6 -6 -1 -4
right_child=1 -3 3 -5 5 -7 -8 -9
leaf_value=-0.0033376740775939513 0.52547716350001128 -0.090778545299131708 0.085579676670687527 -0.62066067707407602 0.67255040616774164 0.04615104344156009 -0.37361837690335942 -0.3123369968325308
leaf_weight=42581 247 283 158 172 173 4657 352 209
leaf_count=42581 247 283 158 172 173 4657 352 209
internal_value=5.16722e-05 0.200832 -0.00219253 -0.304161 0.00127811 0.0699305 -0.00645984 -0.143301
internal_weight=48832 530 48302 539 47763 4830 42933 367
internal_count=48832 530 48302 539 47763 4830 42933 367
is_linear=0
shrinkage=0.03


Tree=121
num_leaves=8
num_cat=0
split_feature=147 74 93 73 172 87 87
split_gain=24108.5 27796.1 42326 28937.3 66891.6 42766.6 15351.7
threshold=0.00019475420413073155 0.068322319537401213 -0.89194178581237782 34.820659637451179 -0.27094832062721247 -1.9924272894859312 -1.1310222744941709
decision_type=2 2 2 2 2 2 2
left_child=-1 2 -2 4 -3 -5 -4
right_child=1 3 6 5 -6 -7 -8
leaf_value=0.32630211886660804 -0.54316869130654033 -0.031191682877457653 -0.20707052312892946 0.14913216787002359 0.12019949568339779 -0.01758088988497598 0.1951678766815339
leaf_weight=193 204 5206 155 1430 5285 36192 167
leaf_count=193 204 5206 155 1430 5285 36192 167
internal_value=4.9686e-05 -0.00131169 -0.216157 0.00108155 0.0451158 -0.0112062 0.00113879
internal_weight=48832 48639 526 48113 10491 37622 322
internal_count=48832 48639 526 48113 10491 37622 322
is_linear=0
shrinkage=0.03


Tree=122
num_leaves=9
num_cat=0
split_feature=59 63 31 29 46 117 33 46
split_gain=24351.3 25203.5 106907 86782.4 61518.5 43539.5 39993.6 17302.9
threshold=0.32089363038539892 0.35820032656192785 0.17294999957084659 1.5983332991600039 0.76942089200019848 0.0028517885366454725 1.1274999976158144 1.0000000180025095e-35
decision_type=2 2 2 2 2 2 2 2
left_child=1 5 4 -4 -3 6 -1 -2
right_child=7 2 3 -5 -6 -7 -8 -9
leaf_value=0.25406996056012421 0.42011726276710698 -0.014284983905714147 -0.33568283118270148 -0.06935035355903825 0.10835792741351695 0.43157331019000433 0.011338224271337873 0.020327669093337084
leaf_weight=621 201 16996 1383 5295 4688 223 19242 183
leaf_count=621 201 16996 1383 5295 4688 223 19242 183
internal_value=4.8145e-05 -0.00186175 -0.0200682 -0.124927 0.0122677 0.0238435 0.0190511 0.234944
internal_weight=48832 48448 28362 6678 21684 20086 19863 384
internal_count=48832 48448 28362 6678 21684 20086 19863 384
is_linear=0
shrinkage=0.03


Tree=123
num_leaves=9
num_cat=0
split_feature=124 116 152 26 30 37 24 63
split_gain=23961.9 34963.1 28152.7 48976.7 45691.6 37644.5 19194.7 14508.5
threshold=-3.5659432411193843 21.359294891357425 95.527862548828139 0.0066485491115599879 1.791499972343445 1.0465500354766848 -0.0010709539055824278 0.54545032978057872
decision_type=2 2 2 2 2 2 2 2
left_child=1 -1 3 5 -4 -2 -3 -8
right_child=2 6 4 -5 -6 -7 7 -9
leaf_value=-0.42452933111072827 0.0049974004181680279 0.17213068205694546 0.59172329418244163 -0.51365819611552965 -0.0048786507117629845 -0.29021751366783771 -0.0030417818498544975 -0.34728909309022127
leaf_weight=278 46847 255 181 156 292 382 259 182
leaf_count=278 46847 255 181 156 292 382 259 182
internal_value=5.17772e-05 -0.146491 0.00306419 0.000741231 0.230944 0.0025487 -0.0309959 -0.149662
internal_weight=48832 974 47858 47385 473 47229 696 441
internal_count=48832 974 47858 47385 473 47229 696 441
is_linear=0
shrinkage=0.03


Tree=124
num_leaves=8
num_cat=0
split_feature=69 25 37 31 170 31 159
split_gain=23947.2 26699.4 69048.9 104509 58348.2 48960.6 33997.5
threshold=0.38628414273262029 54.912963867187507 0.97375002503395092 -0.50789999961853016 0.0059966146945953378 -0.38665001094341273 2.7742022275924687
decision_type=2 2 2 2 2 2 2
left_child=1 4 3 -3 5 -1 -4
right_child=-2 2 6 -5 -6 -7 -8
leaf_value=-0.087968822109079789 0.32846950486227494 0.20664596484986703 -0.13576921466924249 -0.042947950488555937 0.53534378282495376 0.028266695077797614 -0.7736166115105152
leaf_weight=3733 189 1643 150 17432 184 25349 152
leaf_count=3733 189 1643 150 17432 184 25349 152
internal_value=4.52194e-05 -0.00129811 -0.0286048 -0.0213525 0.0167852 0.0133215 -0.471311
internal_weight=48832 48643 19377 19075 29266 29082 302
internal_count=48832 48643 19377 19075 29266 29082 302
is_linear=0
shrinkage=0.03


Tree=125
num_leaves=13
num_cat=0
split_feature=122 40 106 85 32 51 162 31 9 111 121 93
split_gain=23815.4 49010.4 35426.9 55804.5 57609.4 46510.9 44598.7 36863.8 35333.6 31793.8 23095.3 15687.7
threshold=0.0018659702036529782 1.9010403752326968 2.6024810075759892 -1.5245999693870542 -0.14003247022628781 0.031991895288228996 0.4123081117868424 -0.87784999608993519 0.0039345051627606162 0.71248647570610057 72.002109527587905 -0.86046862602233876
decision_type=2 2 2 2 2 2 2 2 2 2 2 2
left_child=1 8 3 5 -5 -2 7 -4 9 -1 -8 -10
right_child=2 -3 6 4 -6 -7 10 -9 11 -11 -12 -13
leaf_value=0.095585042229128503 -0.77980801541762168 0.54296090590855028 0.23779853263485609 -0.30639066182921326 -0.022280231418521628 -0.11937802374663373 -0.080927474874519664 0.016817349680332296 0.37781888563791577 -0.061089058758574927 -0.383106303945357 0.11772653290344684
leaf_weight=2067 156 171 688 665 13332 238 2034 25648 316 2647 248 622
leaf_count=2067 156 171 688 665 13332 238 2034 25648 316 2647 248 622
internal_value=4.42217e-05 0.0569286 -0.00766881 -0.0460475 -0.0359875 -0.393698 0.0116399 0.0226783 0.0412908 0.00766649 -0.115295 0.208409
internal_weight=48832 5823 43009 14391 13997 394 28618 26336 5652 4714 2282 938
internal_count=48832 5823 43009 14391 13997 394 28618 26336 5652 4714 2282 938
is_linear=0
shrinkage=0.03


Tree=126
num_leaves=12
num_cat=0
split_feature=34 165 47 34 8 26 34 29 34 117 170
split_gain=23402.5 76713.5 60252.7 49208.8 46360.2 41144.3 37509.3 91946.9 64186.4 32252.7 31809.3
threshold=2.7949999570846562 0.0013907424290664496 1.0000000180025095e-35 2.745000004768372 9.6252560615539569 0.0034636642085388307 2.495000004768372 0.062619047239422812 2.2749999761581425 0.0018791045877151193 0.0021303039975464348
decision_type=2 2 2 2 2 2 2 2 2 2 2
left_child=3 2 5 6 10 -2 8 -8 -1 -4 -5
right_child=1 -3 9 4 -6 -7 7 -9 -10 -11 -12
leaf_value=-0.0038700474426028347 -0.93965002549130738 0.37514525049159092 0.26887017183397949 0.76940507683077375 -0.027668009307030794 -0.23828462283923682 0.41481598622070182 -0.15264258768026312 0.13348184736343274 -0.31470479392347966 0.17636249470816562
leaf_weight=41029 154 179 161 175 263 156 273 2824 3299 160 159
leaf_count=41029 154 179 161 175 263 156 273 2824 3299 160 159
internal_value=4.06578e-05 -0.158876 -0.313855 0.00275367 0.271156 -0.605181 -0.000681514 -0.101447 0.00637982 -0.0227281 0.500422
internal_weight=48832 810 631 48022 597 310 47425 3097 44328 321 334
internal_count=48832 810 631 48022 597 310 47425 3097 44328 321 334
is_linear=0
shrinkage=0.03


Tree=127
num_leaves=9
num_cat=0
split_feature=28 11 152 74 37 35 159 88
split_gain=23689.7 27504.6 25966.6 60928.8 48237.5 155385 48926.4 40039.3
threshold=-4.0816290378570548 0.15596335381269458 69.35425186157228 0.37628664076328283 1.0465500354766848 0.39852271974086767 2.6770721673965459 1.9462045431137087
decision_type=2 2 2 2 2 2 2 2
left_child=1 -1 4 7 5 -2 -6 -4
right_child=2 -3 3 -5 6 -7 -8 -9
leaf_value=-0.0060030899312363446 -0.0024171441024510524 -0.50915910119987962 0.12778906674216017 0.60476849292522494 0.017040001578872727 0.88565149028147205 -0.62367421460227734 -0.30380642351044823
leaf_weight=219 46408 167 1027 196 204 168 215 228
leaf_count=219 46408 167 1027 196 204 168 215 228
internal_value=4.22711e-05 -0.23105 0.00193083 0.126484 -0.00194092 0.00097555 -0.318602 0.0475979
internal_weight=48832 386 48446 1451 46995 46576 419 1255
internal_count=48832 386 48446 1451 46995 46576 419 1255
is_linear=0
shrinkage=0.03


Tree=128
num_leaves=12
num_cat=0
split_feature=155 170 107 29 32 63 172 75 63 82 41
split_gain=23448.7 99498.8 183165 94843.9 57273 85606.8 81012 46485.6 46442.5 56448 51979.6
threshold=0.13153214752674106 0.0052132138516753921 0.095617569983005538 -0.35568921267986292 0.058047618716955192 0.64333927631378185 3.5310612916946416 -0.2904523611068725 1.2080750465393069 2.5849999189376835 -0.73250001668930043
decision_type=2 2 2 2 2 2 2 2 2 2 2
left_child=1 8 -3 7 5 -5 -6 -2 9 -1 -10
right_child=3 2 -4 4 6 -7 -8 -9 10 -11 -12
leaf_value=-0.0044313794866755497 0.15992006112228738 0.05816962473679866 -1.1393604922494922 0.10140506919554264 0.033045296192697166 -0.19401774638611349 0.40094006366552187 0.89935145711457276 0.36172194198879043 -0.16766667862007362 -0.059959443394228623
leaf_weight=28570 155 270 189 1401 12088 2354 554 152 617 2033 449
leaf_count=28570 155 270 189 1401 12088 2354 554 152 617 2033 449
internal_value=4.2171e-05 -0.0149468 -0.448711 0.0288631 0.0189149 -0.0838182 0.0494714 0.542845 -0.00852027 -0.0153266 0.185203
internal_weight=48832 32128 459 16704 16397 3755 12642 307 31669 30603 1066
internal_count=48832 32128 459 16704 16397 3755 12642 307 31669 30603 1066
is_linear=0
shrinkage=0.03


Tree=129
num_leaves=12
num_cat=0
split_feature=29 50 152 29 39 26 33 74 122 29 2
split_gain=23293.4 80986.6 70918.7 101129 68131.4 60651.9 106422 103135 57769.2 72945.4 49043.1
threshold=1.4992954730987551 0.17293815314769748 -8.3477797508239728 1.4763636589050295 -0.24903181195259091 0.002732596243731678 3.7569999694824223 0.14133889228105548 0.0045732217840850362 1.9519166946411135 0.00093648434267379354
decision_type=2 2 2 2 2 2 2 2 2 2 2
left_child=1 2 3 -1 -4 8 7 -7 10 -10 -2
right_child=5 -3 4 -5 -6 6 -8 -9 9 -11 -12
leaf_value=-0.067656507217975587 0.001886784318774864 0.5306792177404126 0.067785071653063161 0.653257022339372 -0.44028663518384464 0.43927822903725977 0.48266804502661259 -0.21488385187287701 -0.083682403979556896 0.78814429453784418 -0.24095818138141786
leaf_weight=8196 21843 269 13290 169 232 223 229 3282 158 176 765
leaf_count=8196 21843 269 13290 169 232 223 229 3282 158 176 765
internal_value=4.36643e-05 0.0227734 0.0162915 -0.0523291 0.058749 -0.0188362 -0.130793 -0.172133 -0.000565288 0.38528 -0.0064334
internal_weight=48832 22156 21887 8365 13522 26676 3734 3505 22942 334 22608
internal_count=48832 22156 21887 8365 13522 26676 3734 3505 22942 334 22608
is_linear=0
shrinkage=0.03


end of trees

feature_importances:
Column_34=61
Column_26=54
Column_35=52
Column_170=52
Column_33=40
Column_30=37
Column_63=37
Column_31=36
Column_74=35
Column_122=31
Column_32=30
Column_39=28
Column_73=28
Column_29=26
Column_37=26
Column_82=26
Column_40=25
Column_124=22
Column_153=19
Column_155=19
Column_46=18
Column_147=18
Column_172=18
Column_41=17
Column_8=16
Column_76=16
Column_152=15
Column_169=15
Column_3=13
Column_51=13
Column_83=13
Column_87=13
Column_11=12
Column_28=12
Column_50=12
Column_99=11
Column_107=11
Column_25=10
Column_45=10
Column_59=10
Column_81=10
Column_116=10
Column_117=10
Column_151=10
Column_9=9
Column_47=9
Column_57=9
Column_88=9
Column_38=8
Column_69=8
Column_121=8
Column_15=7
Column_21=7
Column_85=7
Column_146=7
Column_44=6
Column_165=6
Column_24=5
Column_130=5
Column_159=5
Column_162=5
Column_163=5
Column_14=4
Column_56=4
Column_70=4
Column_75=4
Column_78=4
Column_79=4
Column_104=4
Column_106=4
Column_131=4
Column_135=4
Column_167=4
Column_84=3
Column_92=3
Column_95=3
Column_105=3
Column_119=3
Column_142=3
Column_164=3
Column_2=2
Column_36=2
Column_62=2
Column_68=2
Column_86=2
Column_93=2
Column_94=2
Column_102=2
Column_111=2
Column_129=2
Column_149=2
Column_183=2
Column_6=1
Column_16=1
Column_22=1
Column_23=1
Column_27=1
Column_64=1
Column_67=1
Column_71=1
Column_77=1
Column_80=1
Column_98=1
Column_110=1
Column_113=1
Column_118=1
Column_123=1
Column_125=1
Column_128=1
Column_136=1
Column_137=1
Column_140=1
Column_143=1
Column_145=1
Column_158=1
Column_171=1
Column_175=1
Column_178=1
Column_188=1
Column_191=1

parameters:
[boosting: gbdt]
[objective: regression]
[metric: l2]
[tree_learner: serial]
[device_type: cpu]
[data_sample_strategy: bagging]
[data: ]
[valid: ]
[num_iterations: 130]
[learning_rate: 0.03]
[num_leaves: 31]
[num_threads: 4]
[seed: 42]
[deterministic: 0]
[force_col_wise: 0]
[force_row_wise: 0]
[histogram_pool_size: -1]
[max_depth: 4]
[min_data_in_leaf: 150]
[min_sum_hessian_in_leaf: 0.001]
[bagging_fraction: 0.8]
[pos_bagging_fraction: 1]
[neg_bagging_fraction: 1]
[bagging_freq: 0]
[bagging_seed: 400]
[bagging_by_query: 0]
[feature_fraction: 0.7]
[feature_fraction_bynode: 1]
[feature_fraction_seed: 30056]
[extra_trees: 0]
[extra_seed: 12879]
[early_stopping_round: 0]
[early_stopping_min_delta: 0]
[first_metric_only: 0]
[max_delta_step: 0]
[lambda_l1: 0]
[lambda_l2: 10]
[linear_lambda: 0]
[min_gain_to_split: 0]
[drop_rate: 0.1]
[max_drop: 50]
[skip_drop: 0.5]
[xgboost_dart_mode: 0]
[uniform_drop: 0]
[drop_seed: 17869]
[top_rate: 0.2]
[other_rate: 0.1]
[min_data_per_group: 100]
[max_cat_threshold: 32]
[cat_l2: 10]
[cat_smooth: 10]
[max_cat_to_onehot: 4]
[top_k: 20]
[monotone_constraints: ]
[monotone_constraints_method: basic]
[monotone_penalty: 0]
[feature_contri: ]
[forcedsplits_filename: ]
[refit_decay_rate: 0.9]
[cegb_tradeoff: 1]
[cegb_penalty_split: 0]
[cegb_penalty_feature_lazy: ]
[cegb_penalty_feature_coupled: ]
[path_smooth: 0]
[interaction_constraints: ]
[verbosity: -1]
[saved_feature_importance_type: 0]
[use_quantized_grad: 0]
[num_grad_quant_bins: 4]
[quant_train_renew_leaf: 0]
[stochastic_rounding: 1]
[linear_tree: 0]
[max_bin: 255]
[max_bin_by_feature: ]
[min_data_in_bin: 3]
[bin_construct_sample_cnt: 200000]
[data_random_seed: 175]
[is_enable_sparse: 1]
[enable_bundle: 1]
[use_missing: 1]
[zero_as_missing: 0]
[feature_pre_filter: 1]
[pre_partition: 0]
[two_round: 0]
[header: 0]
[label_column: ]
[weight_column: ]
[group_column: ]
[ignore_column: ]
[categorical_feature: ]
[forcedbins_filename: ]
[precise_float_parser: 0]
[parser_config_file: ]
[objective_seed: 16083]
[num_class: 1]
[is_unbalance: 0]
[scale_pos_weight: 1]
[sigmoid: 1]
[boost_from_average: 1]
[reg_sqrt: 0]
[alpha: 0.9]
[fair_c: 1]
[poisson_max_delta_step: 0.7]
[tweedie_variance_power: 1.5]
[lambdarank_truncation_level: 30]
[lambdarank_norm: 1]
[label_gain: ]
[lambdarank_position_bias_regularization: 0]
[eval_at: ]
[multi_error_top_k: 1]
[auc_mu_weights: ]
[num_machines: 1]
[local_listen_port: 12400]
[time_out: 120]
[machine_list_filename: ]
[machines: ]
[gpu_platform_id: -1]
[gpu_device_id: -1]
[gpu_device_id_list: ]
[gpu_use_dp: 0]
[num_gpu: 1]

end of parameters

pandas_categorical:null
