tree
version=v4
num_class=1
num_tree_per_iteration=1
label_index=0
max_feature_idx=191
objective=regression
feature_names=Column_0 Column_1 Column_2 Column_3 Column_4 Column_5 Column_6 Column_7 Column_8 Column_9 Column_10 Column_11 Column_12 Column_13 Column_14 Column_15 Column_16 Column_17 Column_18 Column_19 Column_20 Column_21 Column_22 Column_23 Column_24 Column_25 Column_26 Column_27 Column_28 Column_29 Column_30 Column_31 Column_32 Column_33 Column_34 Column_35 Column_36 Column_37 Column_38 Column_39 Column_40 Column_41 Column_42 Column_43 Column_44 Column_45 Column_46 Column_47 Column_48 Column_49 Column_50 Column_51 Column_52 Column_53 Column_54 Column_55 Column_56 Column_57 Column_58 Column_59 Column_60 Column_61 Column_62 Column_63 Column_64 Column_65 Column_66 Column_67 Column_68 Column_69 Column_70 Column_71 Column_72 Column_73 Column_74 Column_75 Column_76 Column_77 Column_78 Column_79 Column_80 Column_81 Column_82 Column_83 Column_84 Column_85 Column_86 Column_87 Column_88 Column_89 Column_90 Column_91 Column_92 Column_93 Column_94 Column_95 Column_96 Column_97 Column_98 Column_99 Column_100 Column_101 Column_102 Column_103 Column_104 Column_105 Column_106 Column_107 Column_108 Column_109 Column_110 Column_111 Column_112 Column_113 Column_114 Column_115 Column_116 Column_117 Column_118 Column_119 Column_120 Column_121 Column_122 Column_123 Column_124 Column_125 Column_126 Column_127 Column_128 Column_129 Column_130 Column_131 Column_132 Column_133 Column_134 Column_135 Column_136 Column_137 Column_138 Column_139 Column_140 Column_141 Column_142 Column_143 Column_144 Column_145 Column_146 Column_147 Column_148 Column_149 Column_150 Column_151 Column_152 Column_153 Column_154 Column_155 Column_156 Column_157 Column_158 Column_159 Column_160 Column_161 Column_162 Column_163 Column_164 Column_165 Column_166 Column_167 Column_168 Column_169 Column_170 Column_171 Column_172 Column_173 Column_174 Column_175 Column_176 Column_177 Column_178 Column_179 Column_180 Column_181 Column_182 Column_183 Column_184 Column_185 Column_186 Column_187 Column_188 Column_189 Column_190 Column_191
feature_infos=[0:1] [1.6689300537109375e-06:0.0074708065949380398] [3.2544135137868579e-06:0.0041124760173261166] [4.1723251342773438e-06:0.0025176724884659052] [4.3966842895315494e-06:0.051646482199430466] [0:1] [1.6762237548828125:99.999580383300781] [-286.24609375:271.9420166015625] [-315.36013793945312:363.60232543945312] [-8.3818158600479364e-06:0.03893657773733139] [0.0068777166306972504:21.24195671081543] [0.02105877548456192:0.81548726558685303] [-4.0363707542419434:4.1135702133178711] [0.10000000149011612:1.9255849123001099] [0.10000000149011612:1.7447570562362671] [0.12463502585887909:2.9185793399810791] [-5.1930127143859863:8] [0.00014501799887511879:0.99999880790710449] [0.0055541461333632469:50.099300384521484] [-0.029210165143013:0.016503453254699707] [0.2869110107421875:99.945037841796875] [4.6491622924804688e-06:0.006483572069555521] [-8.9997072219848633:8.6436433792114258] [-9.1281642913818359:104.88381195068359] [-0.029210165143013:0.024096488952636719] [2.209259033203125:99.822830200195312] [0.00022138016356620938:0.0082964468747377396] [-6.7826237678527832:12.696244239807129] [-6.029381275177002:10.763909339904785] [-0.84095239639282227:2.9259090423583984] [0.47499999403953552:4.0300002098083496] [-1.4399000406265259:1.7858999967575073] [-0.58238095045089722:1.4936841726303101] [0.008999999612569809:4.3969998359680176] [-1.0800000429153442:2.9000000953674316] [-2.9259090423583984:0.84095239639282227] [0.47499999403953552:4.0300002098083496] [-1.7858999967575073:1.4399000406265259] [-1.4936841726303101:0.58238095045089722] [-2.2556111812591553:-0.23015454411506653] [-0.64727270603179932:2.9534347057342529] [-4.3969998359680176:-0.008999999612569809] [-0.3985714316368103:0.48033127188682556] [0:0.24516962468624115] [-0.99976199865341187:0.96592581272125244] [-1:-0.02181488461792469] [-0.95105654001235962:0.95105654001235962] [-0.80901700258255005:1] [0:1] [0.0032450358849018812:0.78600054979324341] [0.0041000368073582649:0.46614152193069458] [0.00640843715518713:0.28925526142120361] [8.8347762357443571e-05:0.068586677312850952] [0:1] [0:99.676277160644531] [-336.58505249023438:376.80148315429688] [-351.91058349609375:395.38861083984375] [1.5760495443828404e-05:0.093322508037090302] [0.16657303273677826:47.749237060546875] [0.019239716231822968:0.50744485855102539] [-3.9246389865875244:4.5987167358398438] [0.10000000149011612:1.9393829107284546] [0.10000000149011612:1.7498627901077271] [0.13222971558570862:3.2284483909606934] [-5.107551097869873:8] [0.00016771920491009951:0.99999880790710449] [0.0077564693056046963:2.2987627983093262] [-0.034263134002685547:0.035608768463134766] [0.14531707763671875:100] [0.0089639937505125999:0.67618125677108765] [-10.076188087463379:9.9408779144287109] [-9.8451633453369141:9.0574283599853516] [-0.034263134002685547:0.035608768463134766] [1.8060302734375:100] [0.019069671630859375:0.99714553356170654] [-9.1253042221069336:7.5205512046813965] [-7.8212118148803711:9.0613164901733398] [-0.84095239639282227:2.9259090423583984] [0.47499999403953552:4.0300002098083496] [-1.4399000406265259:1.7858999967575073] [-0.58238095045089722:1.4936841726303101] [0.008999999612569809:4.3969998359680176] [-1.0800000429153442:2.9000000953674316] [-2.9259090423583984:0.84095239639282227] [0.47499999403953552:4.0300002098083496] [-1.7858999967575073:1.4399000406265259] [-1.4936841726303101:0.58238095045089722] [-2.2556111812591553:-0.23015454411506653] [-0.64727270603179932:2.9534347057342529] [-4.3969998359680176:-0.008999999612569809] [-0.3985714316368103:0.48033127188682556] [0:0.24516962468624115] [-0.99976199865341187:0.96592581272125244] [-1:-0.02181488461792469] [-0.95105654001235962:0.95105654001235962] [-0.80901700258255005:1] [0:1] [7.3273979069199413e-05:0.025020817294716835] [0.00010498166375327855:0.011271256022155285] [0.000140436488436535:0.0063286623917520046] [0.00019987962150480598:0.1607879102230072] [0:1] [0.11544036865234375:99.999404907226562] [-831.280029296875:231.87071228027344] [-881.58966064453125:336.12518310546875] [1.1104270924988668e-05:0.13288982212543488] [0.3219640851020813:47.77081298828125] [0.021008225157856941:0.86117368936538696] [-4.4389419555664062:4.6449317932128906] [0.10000000149011612:1.9329853057861328] [0.16528689861297607:1.7398487329483032] [0.27483668923377991:8.7600412368774414] [-4.4932951927185059:8] [0.00047696605906821787:0.99999880790710449] [0.013368581421673298:8.6405553817749023] [-0.083681434392929077:0.01551896333694458] [0.534332275390625:99.999786376953125] [0.00026323966449126601:0.017711741849780083] [-10.682263374328613:9.245051383972168] [-10.503238677978516:8.5481958389282227] [-0.083681434392929077:0.017779901623725891] [0.3349609375:99.999908447265625] [0.00070071220397949219:0.021935343742370605] [-7.9213366508483887:6.5769400596618652] [-7.790863037109375:7.3775491714477539] [-0.84095239639282227:2.9259090423583984] [0.47499999403953552:4.0300002098083496] [-1.4399000406265259:1.7858999967575073] [-0.58238095045089722:1.4936841726303101] [0.008999999612569809:4.3969998359680176] [-1.0800000429153442:2.9000000953674316] [-2.9259090423583984:0.84095239639282227] [0.47499999403953552:4.0300002098083496] [-1.7858999967575073:1.4399000406265259] [-1.4936841726303101:0.58238095045089722] [-2.2556111812591553:-0.23015454411506653] [-0.64727270603179932:2.9534347057342529] [-4.3969998359680176:-0.008999999612569809] [-0.3985714316368103:0.48033127188682556] [0:0.24516962468624115] [-0.99976199865341187:0.96592581272125244] [-1:-0.02181488461792469] [-0.95105654001235962:0.95105654001235962] [-0.80901700258255005:1] [0:1] [2.082188984786626e-05:0.0067574777640402317] [5.9014557336922735e-05:0.0036179900635033846] [8.5512794612441212e-05:0.0026329159736633301] [0.00016230455366894603:0.043886370956897736] [0:1] [0:99.999755859375] [-236.20367431640625:241.05891418457031] [-312.33877563476562:254.68989562988281] [7.0109177613630891e-05:0.11543251574039459] [0.17402119934558868:44.995391845703125] [0.020244615152478218:0.56472659111022949] [-3.8917300701141357:4.0276756286621094] [0.10000000149011612:1.906816840171814] [0.10000000149011612:1.7380797863006592] [0.45485201478004456:10.929666519165039] [-6.7633657455444336:8] [1.0016679880209267e-05:0.99999880790710449] [0.015558860264718533:7.3024897575378418] [-0.013829398900270462:0.0213184654712677] [1.6669235229492188:99.999832153320312] [0.00014894349442329258:0.0051643168553709984] [-9.4218387603759766:8.684260368347168] [-9.760218620300293:9.3332185745239258] [-0.019947409629821777:0.0213184654712677] [0:99.086631774902344] [0.00057210243539884686:0.0096116149798035622] [-7.0655269622802734:7.2225184440612793] [-7.2990913391113281:6.6795001029968262] [-0.84095239639282227:2.9259090423583984] [0.47499999403953552:4.0300002098083496] [-1.4399000406265259:1.7858999967575073] [-0.58238095045089722:1.4936841726303101] [0.008999999612569809:4.3969998359680176] [-1.0800000429153442:2.9000000953674316] [-2.9259090423583984:0.84095239639282227] [0.47499999403953552:4.0300002098083496] [-1.7858999967575073:1.4399000406265259] [-1.4936841726303101:0.58238095045089722] [-2.2556111812591553:-0.23015454411506653] [-0.64727270603179932:2.9534347057342529] [-4.3969998359680176:-0.008999999612569809] [-0.3985714316368103:0.48033127188682556] [0:0.24516962468624115] [-0.99976199865341187:0.96592581272125244] [-1:-0.02181488461792469] [-0.95105654001235962:0.95105654001235962] [-0.80901700258255005:1]
tree_sizes=996 1219 1211 1213 1213 1130 1558 1469 1127 1571 1569 1025 1216 1574 1569 1489 1573 1129 1126 1301 777 1573 1217 1308 1133 1135 1219 963 956 1047 1488 953 1298 1404 874 1031 1036 1575 954 1514 879 1215 1234 1299 1033 953 1028 1418 1038 878 1210 1573 961 951 1039 953 1304 1501 1237 956 949 953 1517 949 954 1495 1597 784 1312 872 878 884 1509 958 951 1139 1038 1423 1059 894 704 1410 864 699 1041 1324 1038 869 704 869 1045 980 1491 1315 1059 1346 1571 868 1318 972 1063 1051 1321 1500 967 865 1229 1508 967 1414 1393 1045 882 705 1224 967 1342 1048 1319 1340 962 1474 1237 881 783 1392 1217 780 1592 1411

Tree=0
num_leaves=10
num_cat=0
split_feature=29 37 169 35 59 31 188 76 171
split_gain=151062 96265.3 176455 149808 117360 114484 56377.1 45871.4 18179.1
threshold=2.6819251775741582 1.07574999332428 56.913265228271491 0.39852271974086767 0.1110430844128132 -0.73655000329017628 -0.076279435306787477 -0.12353092059493063 0.16442920267581942
decision_type=2 2 2 2 2 2 2 2 2
left_child=1 3 -3 5 -5 -1 7 -2 -8
right_child=6 2 -4 4 -6 -7 8 -9 -10
leaf_value=1.0728454482268552 0.99964010878206466 1.8140721871765249 0.48227665665880642 0.6708092958374765 -0.46108649843423755 0.75620805626694587 1.1602216201873006 1.6816494297957125 0.75120105281943295
leaf_weight=1041 151 200 150 174 150 46334 156 240 236
leaf_count=1041 151 200 150 174 150 46334 156 240 236
internal_value=0.769226 0.76245 1.25119 0.758763 0.125637 0.763228 1.17991 1.43058 0.919652
internal_weight=48832 48049 350 47699 324 47375 783 391 392
internal_count=48832 48049 350 47699 324 47375 783 391 392
is_linear=0
shrinkage=1


Tree=1
num_leaves=12
num_cat=0
split_feature=29 170 26 169 29 45 83 124 140 76 171
split_gain=142539 130515 190825 525278 131407 135015 131678 129679 53167.8 43244.4 17205.5
threshold=2.6819251775741582 0.0035398049512878065 0.0053451871499419221 56.113079071044929 0.17699134349823001 -0.77296444773674 -0.36284092068672175 -0.49047778546810145 -0.076279435306787477 -0.12353092059493063 0.26175671815872198
decision_type=2 2 2 2 2 2 2 2 2 2 2
left_child=1 4 7 -4 5 -1 -6 -3 9 -2 -10
right_child=8 2 3 -5 6 -7 -8 -9 10 -11 -12
leaf_value=0.36404791321240282 0.22393060271043955 -0.034967958188890008 0.88571648723658092 -0.61816534943655332 0.0069987061459116278 0.0047969964422684688 -0.21922836360048406 -0.40817101769995401 0.36312659604361702 0.88614522076249125 -0.030117720503892213
leaf_weight=1811 151 1389 477 357 37497 1950 2458 2110 171 240 221
leaf_count=1811 151 1389 477 357 37497 1950 2458 2110 171 240 221
internal_value=7.58775e-06 -0.00657499 -0.163427 0.242272 0.00900559 0.17829 -0.00696998 -0.260542 0.398938 0.642367 0.146191
internal_weight=48832 48049 4333 834 43716 3761 39955 3499 783 391 392
internal_count=48832 48049 4333 834 43716 3761 39955 3499 783 391 392
is_linear=0
shrinkage=0.03


Tree=2
num_leaves=12
num_cat=0
split_feature=29 170 30 33 26 29 26 35 44 76 164
split_gain=134487 122821 183715 329992 198683 123683 128889 123926 50146 40767.8 15442.3
threshold=2.6819251775741582 0.0035398049512878065 1.6774999499320986 1.2084999680519106 0.0045752737205475577 0.17699134349823001 0.0047871724236756572 -0.36284092068672175 -0.076279435306787477 -0.12353092059493063 55.085422515869148
decision_type=2 2 2 2 2 2 2 2 2 2 2
left_child=1 5 4 -4 -3 6 -1 -7 9 -2 -10
right_child=8 2 3 -5 -6 7 -8 -9 10 -11 -12
leaf_value=0.21439671011265002 0.21762995201469579 -0.26191999706529873 -0.91960913822633028 -0.12743037671992646 0.3751389147269702 0.0067888053834224893 -0.56187736897784124 -0.21267816195798797 0.35385332008429937 0.86062422615051271 -0.020332362628247166
leaf_weight=3567 151 816 615 1967 935 37497 194 2458 165 240 227
leaf_count=3567 151 816 615 1967 935 37497 194 2458 165 240 227
internal_value=1.61111e-05 -0.00637785 -0.158537 -0.318937 0.0784556 0.0087365 0.172971 -0.00676247 0.387516 0.623926 0.142054
internal_weight=48832 48049 4333 2582 1751 43716 3761 39955 783 391 392
internal_count=48832 48049 4333 2582 1751 43716 3761 39955 783 391 392
is_linear=0
shrinkage=0.03


Tree=3
num_leaves=12
num_cat=0
split_feature=29 170 36 41 26 29 45 131 44 34 107
split_gain=126899 115649 172984 310831 187071 116339 126246 116631 47294.3 39432.3 16418.2
threshold=2.6819251775741582 0.0035398049512878065 1.6774999499320986 -1.2084999680519102 0.0045752737205475577 0.17699134349823001 -0.77296444773674 -0.36284092068672175 -0.076279435306787477 0.2650000005960465 0.094562951475381865
decision_type=2 2 2 2 2 2 2 2 2 2 2
left_child=1 5 4 -4 -3 6 -1 -7 9 -2 -10
right_child=8 2 3 -5 -6 7 -8 -9 10 -11 -12
leaf_value=0.3473781433931814 0.88854390917739401 -0.25415752425050187 -0.12362679551331515 -0.89246227290630342 0.36400384268933345 0.0065851923420415038 1.3233633198756344e-05 -0.20632367148129735 -0.061511565634980801 0.27147610034850056 0.31978662193875834
leaf_weight=1811 203 816 1967 615 935 37497 1950 2458 190 188 202
leaf_count=1811 203 816 1967 615 935 37497 1950 2458 190 188 202
internal_value=1.51615e-05 -0.0061958 -0.153845 -0.30949 0.0761212 0.0084706 0.167754 -0.00656114 0.376424 0.606015 0.138041
internal_weight=48832 48049 4333 2582 1751 43716 3761 39955 783 391 392
internal_count=48832 48049 4333 2582 1751 43716 3761 39955 783 391 392
is_linear=0
shrinkage=0.03


Tree=4
num_leaves=12
num_cat=0
split_feature=29 170 30 33 74 29 45 33 3 44 152
split_gain=119748 108902 162879 292783 175989 109501 119287 111698 46103.4 42976.6 29437.3
threshold=2.6819251775741582 0.0035398049512878065 1.6774999499320986 1.2084999680519106 0.26595552265644079 0.17699134349823001 -0.71473535895347584 1.6110000014305117 0.00056239464902319025 -0.3317298144102096 5.9907326698303232
decision_type=2 2 2 2 2 2 2 2 2 2 2
left_child=1 5 4 -4 -3 6 -1 -7 9 -2 -11
right_child=8 2 3 -5 -6 7 -8 -9 -10 10 -12
leaf_value=0.31710284022141666 0.81940235756493507 -0.30542775220106533 -0.86611677897477146 -0.1199367538581663 0.30958005815717082 -0.097522717518297733 -0.021576630340358761 0.02122275770420087 0.0042798187555391576 0.56775143898609615 0.0062038295358620779
leaf_weight=2043 229 670 615 1967 1081 9277 1718 30678 227 152 175
leaf_count=2043 229 670 615 1967 1081 9277 1718 30678 227 152 175
internal_value=1.87578e-05 -0.00601466 -0.149292 -0.300323 0.0738563 0.0082175 0.162749 -0.00636581 0.365668 0.510531 0.276331
internal_weight=48832 48049 4333 2582 1751 43716 3761 39955 783 556 327
internal_count=48832 48049 4333 2582 1751 43716 3761 39955 783 556 327
is_linear=0
shrinkage=0.03


Tree=5
num_leaves=11
num_cat=0
split_feature=29 169 122 74 122 38 39 3 44 152
split_gain=113005 84485.6 206057 246979 169556 80470.9 61640.2 43508.3 40513.4 27803.6
threshold=2.6819251775741582 55.515132904052741 0.0067178437020629653 0.38521385192871099 0.0070748373400419959 0.24704545736312869 -0.50801818072795857 0.00056239464902319025 -0.3317298144102096 5.9907326698303232
decision_type=2 2 2 2 2 2 2 2 2 2
left_child=1 2 6 -4 5 -3 -1 8 -2 -10
right_child=7 4 3 -5 -6 -7 -8 -9 9 -11
leaf_value=0.027642081647287993 0.79584882156120673 -0.056009973607319331 1.0951596436593574 -0.16062336059058177 -0.76200018011850368 0.28566286220474524 -0.13312107510021121 0.0041568409547775602 0.5517702844021497 0.0060277749424850618
leaf_weight=26465 229 17764 336 234 291 633 2326 227 152 175
leaf_count=26465 229 17764 336 234 291 633 2326 227 152 175
internal_value=2.20973e-05 -0.00583898 0.0258958 0.585747 -0.0556852 -0.044105 0.0146125 0.355227 0.495954 0.268552
internal_weight=48832 48049 29361 570 18688 18397 28791 783 556 327
internal_count=48832 48049 29361 570 18688 18397 28791 783 556 327
is_linear=0
shrinkage=0.03


Tree=6
num_leaves=16
num_cat=0
split_feature=170 26 74 63 106 121 39 122 122 29 121 170 57 172 44
split_gain=110995 158224 498821 441124 271756 132674 127457 118051 105129 121031 85960.4 161783 72732.6 68358.1 47188.4
threshold=0.0035398049512878065 0.0053451871499419221 0.38023294508457189 1.1569075584411623 5.2520997524261483 44.121097564697273 -0.2818454504013061 0.0058178687468171128 0.0041745346970856198 2.7434090375900273 51.32231521606446 0.0031339058186858897 0.0020065545104444031 -1.40213006734848 0.24825246632099154
decision_type=2 2 2 2 2 2 2 2 2 2 2 2 2 2 2
left_child=8 5 4 -4 -3 7 -7 -2 9 13 12 -12 -10 -1 -11
right_child=1 2 3 -5 -6 6 -8 -9 10 14 11 -13 -14 -15 -16
leaf_value=0.070608034998069294 -0.1498071112612748 0.062388535895281365 0.54931127397910406 -1.2582143652416193 1.7130829642582182 -0.25127024875064952 -0.80256097720072761 0.51891481331251199 0.23559266224520606 0.80532450669399969 0.13520228129436562 0.82894020716259986 -0.1489037471783658 -0.023885160822379382 0.14116447438395791
leaf_weight=8755 1018 152 220 250 212 1700 482 299 862 217 961 435 890 32203 176
leaf_count=8755 1018 152 220 250 212 1700 482 299 862 217 961 435 890 32203 176
internal_value=3.15977e-05 -0.144732 0.224665 -0.418321 1.04388 -0.233169 -0.376155 0.00477993 0.014157 0.00141515 0.180995 0.355732 0.0405354 -0.00367441 0.518772
internal_weight=48832 4333 834 470 364 3499 2182 1317 44499 41351 3148 1396 1752 40958 393
internal_count=48832 4333 834 470 364 3499 2182 1317 44499 41351 3148 1396 1752 40958 393
is_linear=0
shrinkage=0.03


Tree=7
num_leaves=15
num_cat=0
split_feature=170 26 74 63 106 121 39 29 129 80 26 75 123 29
split_gain=104418 149167 470577 416440 256398 124987 120125 94244 121176 135515 118864 104439 91230.6 86743
threshold=0.0035398049512878065 0.0053451871499419221 0.38023294508457189 1.0745877027511599 5.2520997524261483 44.121097564697273 -0.2818454504013061 0.17699134349823001 1.6110000014305117 -0.31859648227691645 0.0047871724236756572 0.11010399833321573 0.11492158100008966 2.7434090375900273
decision_type=2 2 2 2 2 2 2 2 2 2 2 2 2 2
left_child=7 5 4 -4 -3 12 -7 10 9 -9 11 -1 -2 -10
right_child=1 2 3 -5 -6 6 -8 8 13 -11 -12 -13 -14 -15
leaf_value=0.053690166641764049 0.15998112765885888 0.060632413538793721 0.71774238120585199 -1.0864713432242759 1.6640055042585811 -0.24377622413749625 -0.77897351752103461 0.59319567918421257 0.022673907208305824 -0.11374253994233775 -0.54834861558259407 0.38075383696255499 -0.39076518178539504 0.45026109410385334
leaf_weight=2011 950 152 177 293 212 1700 482 241 31038 9036 194 1556 367 423
leaf_count=2011 950 152 177 293 212 1700 482 241 31038 9036 194 1556 367 423
internal_value=4.55472e-05 -0.140364 0.218304 -0.406215 1.01399 -0.226232 -0.365015 0.0137461 0.000464308 -0.0947586 0.157228 0.197028 0.00471998 0.0285642
internal_weight=48832 4333 834 470 364 3499 2182 44499 40738 9277 3761 3567 1317 31461
internal_count=48832 4333 834 470 364 3499 2182 44499 40738 9277 3761 3567 1317 31461
is_linear=0
shrinkage=0.03


Tree=8
num_leaves=11
num_cat=0
split_feature=29 169 99 155 122 34 87 32 169 44
split_gain=97571 78688.1 196160 173823 162123 79200.8 64748.2 43423.8 22497.4 23937.6
threshold=2.6819251775741582 55.515132904052741 0.0019331495277583601 0.11184572800993921 0.0070748373400419959 2.6750000715255742 -0.50801818072795857 0.83224311470985424 71.350646972656264 -0.49049438536167139
decision_type=2 2 2 2 2 2 2 2 2 2
left_child=1 2 6 -4 5 -3 -1 8 9 -2
right_child=7 4 3 -5 -6 -7 -8 -9 -10 -11
leaf_value=0.028716089240163514 0.60371460819682654 -0.029788313386920815 1.2297675328243047 0.079638328196910704 -0.74415962292902493 -0.35517928011720734 -0.13450495792285622 0.74503822533141695 -0.067600996700616992 0.14182172143715432
leaf_weight=26520 160 17707 217 250 291 690 2374 168 185 270
leaf_count=26520 160 17707 217 250 291 690 2374 168 185 270
internal_value=4.99633e-05 -0.0053962 0.0252304 0.628644 -0.0535018 -0.0421788 0.0152636 0.330109 0.206655 0.323504
internal_weight=48832 48049 29361 467 18688 18397 28894 783 615 430
internal_count=48832 48049 29361 467 18688 18397 28894 783 615 430
is_linear=0
shrinkage=0.03


Tree=9
num_leaves=16
num_cat=0
split_feature=170 84 89 89 122 84 147 122 124 170 124 77 15 38 44
split_gain=97885.3 143629 265496 271822 172448 150909 106793 98771.1 129429 152066 124519 105160 87955.9 64493.4 43453.8
threshold=0.0035398049512878065 1.6774999499320986 -1.2084999680519102 -1.3684999942779539 0.0060233941767364749 1.5825000405311587 0.0010294129606336357 0.0041745346970856198 -0.34836512804031367 0.0031094040023162965 -2.6574252843856807 2.7434090375900273 0.78553426265716564 -0.76046535372734059 0.24825246632099154
decision_type=2 2 2 2 2 2 2 2 2 2 2 2 2 2 2
left_child=7 4 3 -3 12 -6 -4 11 10 -10 -9 13 -2 -1 -13
right_child=1 2 6 -5 5 -7 -8 8 9 -11 -12 14 -14 -15 -16
leaf_value=0.074302132837074528 0.019128890843398902 -0.26520199855370841 -0.15424525110135701 0.66562701998688178 0.18713255744754728 1.2133485604617409 -1.0526202005147933 0.5712832464313703 0.15076256259953136 0.75884426765912782 -0.15132843090698467 0.75806842786231221 -0.56894605547398447 -0.021913822855224505 0.12180474599342672
leaf_weight=7717 667 1636 166 331 589 157 449 249 1104 552 1243 217 338 33241 176
leaf_count=7717 667 1636 166 331 589 157 449 249 1104 552 1243 217 338 33241 176
internal_value=5.76597e-05 -0.135889 -0.277717 -0.105991 0.0736392 0.416298 -0.81648 0.0133227 0.175037 0.356795 -0.0277311 0.000972251 -0.182308 -0.00377182 0.483219
internal_weight=48832 4333 2582 1967 1751 746 615 44499 3148 1656 1492 41351 1005 40958 393
internal_count=48832 4333 2582 1967 1751 746 615 44499 3148 1656 1492 41351 1005 40958 393
is_linear=0
shrinkage=0.03


Tree=10
num_leaves=16
num_cat=0
split_feature=170 106 31 35 172 170 82 32 33 77 87 32 171 63 86
split_gain=92115.8 138238 151853 184427 92447.8 99602.9 90331 86839.9 100745 82072.9 77893.7 115602 84986.7 65724.8 49053.4
threshold=0.0035398049512878065 5.7679951190948495 0.08585000038146974 0.19169047474861148 -1.40213006734848 0.002943749888800085 0.54500001668930065 0.52973681688308727 1.0904999971389773 1.3819318413734438 -0.2818454504013061 -0.27180124819278711 -0.20037385821342465 0.3251189142465592 0.19513095170259478
decision_type=2 2 2 2 2 2 2 2 2 2 2 2 2 2 2
left_child=4 10 3 -3 5 14 -4 8 -6 -9 11 -2 -12 -7 -1
right_child=1 2 6 -5 7 13 -8 9 -10 -11 12 -13 -14 -15 -16
leaf_value=0.052261848112115629 0.58278545588572939 -0.4312347157564832 0.22107448802984711 0.34645277097220378 0.14673932334373876 -0.069112186882698878 1.134874866442247 -0.29330591657281369 -0.068713692238034946 0.065974482983749125 -1.0819267629325389 -0.24323640134726712 -0.21316155589332705 0.55361035602657416 0.45130673665618232
leaf_weight=8389 154 605 253 486 2163 197 155 589 19353 12895 190 2272 218 636 277
leaf_count=8389 154 605 253 486 2163 197 155 589 19353 12895 190 2272 218 636 277
internal_value=7.00929e-05 -0.131809 0.100748 -0.0848036 0.0129383 0.0958879 0.587074 -0.00959521 -0.0469961 0.0500749 -0.254738 -0.188624 -0.633938 0.407267 0.0655224
internal_weight=48832 4333 1499 1091 44499 9499 408 35000 21516 13484 2834 2426 408 833 8666
internal_count=48832 4333 1499 1091 44499 9499 408 35000 21516 13484 2834 2426 408 833 8666
is_linear=0
shrinkage=0.03


Tree=11
num_leaves=10
num_cat=0
split_feature=29 85 155 35 59 35 32 172 28
split_gain=86917.2 69925.3 163183 139768 109903 87359.7 41090.6 19098.5 14538.8
threshold=2.6819251775741582 1.07574999332428 0.14187322556972506 0.39852271974086767 0.1110430844128132 0.19169047474861148 0.83224311470985424 1.1132298111915591 -0.38349120318889612
decision_type=2 2 2 2 2 2 2 2 2
left_child=1 3 -3 5 -5 -1 7 8 -2
right_child=6 2 -4 4 -6 -7 -8 -9 -10
leaf_value=-0.010345509855215066 0.52922649049708115 0.97498591088896314 -0.29815085963753168 -0.092362641869517773 -1.1875114311771466 0.25324464562432819 0.71502098252850299 -0.0052266854884234501 0.14041035590507089
leaf_weight=46225 166 193 157 174 150 1150 168 259 190
leaf_count=46225 166 193 157 174 150 1150 168 259 190
internal_value=7.50834e-05 -0.00506516 0.411475 -0.0082072 -0.61975 -0.00389492 0.311594 0.191712 0.331218
internal_weight=48832 48049 350 47699 324 47375 783 615 356
internal_count=48832 48049 350 47699 324 47375 783 615 356
is_linear=0
shrinkage=0.03


Tree=12
num_leaves=12
num_cat=0
split_feature=125 172 82 73 25 35 39 11 3 107 44
split_gain=82059.8 68495.5 104930 88619.6 71850.7 57851.4 84328.3 45104.2 39241.1 39094.7 20270.2
threshold=2.6819251775741582 -1.40213006734848 2.6650000810623173 47.699300765991218 82.69675445556642 -1.8141883611679075 -0.50801818072795857 0.050849389284849174 0.00056239464902319025 0.1110564097762108 -0.16288578510284421
decision_type=2 2 2 2 2 2 2 2 2 2 2
left_child=1 5 4 -4 -3 7 -7 -1 9 10 -2
right_child=8 2 3 -5 -6 6 -8 -9 -10 -11 -12
leaf_value=-0.42392049741924259 0.45446796684013679 -0.017971693864777767 -0.035061310391347002 -0.46260219176668804 0.32573536932374608 0.14635928396261827 -0.14692683893540207 -0.013585671878312425 -0.02922218617381929 0.72472239352762702 -0.013883355162874029
leaf_weight=256 150 35395 868 871 546 6518 1012 2583 227 234 172
leaf_count=256 150 35395 868 871 546 6518 1012 2583 227 234 172
internal_value=7.90932e-05 -0.00491545 -0.023707 -0.250621 -0.0126611 0.0633282 0.1068 -0.0519447 0.302768 0.436432 0.21141
internal_weight=48832 48049 37680 1739 35941 10369 7530 2839 783 556 322
internal_count=48832 48049 37680 1739 35941 10369 7530 2839 783 556 322
is_linear=0
shrinkage=0.03


Tree=13
num_leaves=16
num_cat=0
split_feature=170 106 37 74 62 153 122 35 34 35 32 9 38 44 121
split_gain=86139.7 130263 143361 256481 98092.4 100088 91350.9 91965.3 85298.8 76867.4 124776 63613.1 58012.3 39887.3 37179.9
threshold=0.0035398049512878065 5.7679951190948495 -0.057699998840689652 0.38023294508457189 0.88027927279472362 0.0056055751629173764 0.0041745346970856198 -2.7434090375900264 0.54500001668930065 -1.8383657932281492 0.53824999928474437 0.0018168666865676644 -0.76046535372734059 0.16288578510284427 49.151418685913093
decision_type=2 2 2 2 2 2 2 2 2 2 2 2 2 2 2
left_child=6 4 8 -4 11 -6 7 13 -3 14 -11 -2 -9 -1 -8
right_child=1 2 3 -5 5 -7 9 12 -10 10 -12 -13 -14 -15 -16
leaf_value=0.73276731287207553 -0.3594963290050126 0.21515307474215675 0.25403241710383417 -0.70111155431173167 -0.57852115659850656 -0.072024829496358814 -0.57888877139328432 0.070257031297967995 1.103156396822496 0.15314916508583784 0.81090512750689514 0.092633868186908247 -0.020996472318351864 0.12659365802928432 0.019090386071274505
leaf_weight=204 400 253 711 380 1022 537 151 7717 155 2494 281 875 33241 189 222
leaf_count=204 400 253 711 380 1022 537 151 7717 155 2494 281 875 33241 189 222
internal_value=7.9839e-05 -0.12745 0.0982968 -0.0819947 -0.246781 -0.405629 0.0125236 0.000646182 0.570828 0.168045 0.222427 -0.0509047 -0.00379022 0.451624 -0.231781
internal_weight=48832 4333 1499 1091 2834 1559 44499 41351 408 3148 2775 1275 40958 393 373
internal_count=48832 4333 1499 1091 2834 1559 44499 41351 408 3148 2775 1275 40958 393 373
is_linear=0
shrinkage=0.03


Tree=14
num_leaves=16
num_cat=0
split_feature=170 26 169 74 155 33 41 32 122 124 170 124 29 34 172
split_gain=81063.2 130850 441955 278376 215676 104340 273541 167703 85985.7 118147 140026 118771 86780.8 57331.4 41383.6
threshold=0.0035398049512878065 0.0053451871499419221 56.113079071044929 0.35885620117187506 0.089886229485273375 1.2084999680519106 -1.4665000438690183 -0.0059523808304220429 0.0041745346970856198 -0.34836512804031367 0.0031094040023162965 -2.6574252843856807 2.7434090375900273 2.6350001096725468 0.71182748675346386
decision_type=2 2 2 2 2 2 2 2 2 2 2 2 2 2 2
left_child=8 5 3 -3 -4 7 -7 -2 12 11 -11 -10 13 -1 -14
right_child=1 2 4 -5 -6 6 -8 -9 9 10 -12 -13 14 -15 -16
leaf_value=0.0045676880691041593 -0.14296118517348988 1.7702036811023778 0.28104901181906461 0.26109065994758296 -1.182800373767378 -0.25225376790191884 0.57960822441343618 -0.79242415257312104 0.55439184172647105 0.13905541337594721 0.72247937428251285 -0.15134970004729875 0.78348792587296434 -0.15643292440625317 0.16154516377344222
leaf_weight=38870 949 163 150 314 207 1527 453 570 249 1104 552 1243 167 2088 226
leaf_count=38870 949 163 150 314 207 1527 453 570 249 1104 552 1243 167 2088 226
internal_value=8.5223e-05 -0.123629 0.21225 0.802543 -0.576839 -0.204064 -0.0599776 -0.390259 0.0121568 0.163042 0.336699 -0.0306616 0.000633386 -0.00367615 0.438715
internal_weight=48832 4333 834 477 357 3499 1980 1519 44499 3148 1656 1492 41351 40958 393
internal_count=48832 4333 834 477 357 3499 1980 1519 44499 3148 1656 1492 41351 40958 393
is_linear=0
shrinkage=0.03


Tree=15
num_leaves=15
num_cat=0
split_feature=170 78 33 33 122 74 147 29 122 51 35 86 59 122
split_gain=76246.7 125421 233681 241122 153594 194232 98683 84517.4 130370 116094 108494 105561 81111.3 78031.8
threshold=0.0035398049512878065 1.6774999499320986 1.2084999680519106 1.3804999589920046 0.0060233941767364749 0.38023294508457189 0.0010294129606336357 0.17699134349823001 0.0025115269236266617 0.086166571825742735 -0.36284092068672175 0.32795454561710363 0.074888151139020934 0.0039374742191284904
decision_type=2 2 2 2 2 2 2 2 2 2 2 2 2 2
left_child=7 4 6 -4 12 -6 -3 8 -1 -10 13 -12 -2 -9
right_child=1 2 3 -5 5 -7 -8 10 9 -11 11 -13 -14 -15
leaf_value=-0.60883945570083753 0.23006548953522285 -0.1230434835600582 0.63530536690415518 -0.241350692259657 0.86029746477827795 -0.099813203359803843 -0.98476318626305437 -0.00049642072724950586 0.26168096040677058 -0.20717649891024764 -0.24449749069702584 0.55147743459883491 -0.34545597142659312 0.16259079004774019
leaf_weight=185 313 166 331 1636 384 362 449 35437 3020 556 2307 151 692 2843
leaf_count=185 313 166 331 1636 384 362 449 35437 3020 556 2307 151 692 2843
internal_value=9.85112e-05 -0.119884 -0.252425 -0.0913627 0.0758817 0.399242 -0.757859 0.0118059 0.147682 0.188408 -0.000771521 -0.193563 -0.165713 0.0116551
internal_weight=48832 4333 2582 1967 1751 746 615 44499 3761 3576 40738 2458 1005 38280
internal_count=48832 4333 2582 1967 1751 746 615 44499 3761 3576 40738 2458 1005 38280
is_linear=0
shrinkage=0.03


Tree=16
num_leaves=16
num_cat=0
split_feature=170 106 31 74 62 153 172 165 58 33 32 33 29 29 121
split_gain=71745.2 120123 136241 233288 90876.4 92367.1 83127.4 92391.4 90271.4 78908.2 77247.2 89088.2 76271 55834.6 42039.5
threshold=0.0035398049512878065 5.7679951190948495 0.08585000038146974 0.38023294508457189 0.88027927279472362 0.0056055751629173764 -1.40213006734848 0.0016303446027450266 3.0027722120285039 1.9359999895095827 0.52973681688308727 1.0904999971389773 1.3819318413734438 0.01621541474014521 44.121097564697273
decision_type=2 2 2 2 2 2 2 2 2 2 2 2 2 2 2
left_child=6 4 3 -3 14 -6 7 13 -9 -4 11 -8 -12 -1 -2
right_child=1 2 9 -5 5 -7 10 8 -10 -11 12 -13 -14 -15 -16
leaf_value=0.5356818012592115 0.17958879847750531 0.24511153227020566 0.9304123130562747 -0.66581269368987817 -0.5498617839237111 -0.063424031836350175 0.13699351675867574 0.83285336107249264 0.15103238945664582 0.095317247319890525 -0.28465324128668162 -0.065612753967296392 0.061690735817342975 0.050383616969538039 -0.17394898505707093
leaf_weight=209 473 711 222 380 1022 537 2163 273 472 186 589 19353 12895 8545 802
leaf_count=209 473 711 222 380 1022 537 2163 273 472 186 589 19353 12895 8545 802
internal_value=9.46089e-05 -0.116293 0.100461 -0.0753329 -0.230892 -0.38378 0.0114512 0.0901085 0.408603 0.561095 -0.00991606 -0.0451906 0.0463622 0.062568 -0.0424165
internal_weight=48832 4333 1499 1091 2834 1559 44499 9499 745 408 35000 21516 13484 8754 1275
internal_count=48832 4333 1499 1091 2834 1559 44499 9499 745 408 35000 21516 13484 8754 1275
is_linear=0
shrinkage=0.03


Tree=17
num_leaves=11
num_cat=0
split_feature=77 169 26 170 74 170 3 32 169 92
split_gain=69619.8 69182.9 297004 272168 193742 148028 75214.5 38286.6 19032 21237.2
threshold=2.6819251775741582 55.515132904052741 0.0053451871499419221 0.005506272893399001 0.35885620117187506 0.003584980964660645 0.00086005032062530528 0.83224311470985424 71.350646972656264 -0.49049438536167139
decision_type=2 2 2 2 2 2 2 2 2 2
left_child=1 2 5 6 -4 -1 -3 8 9 -2
right_child=7 3 4 -5 -6 -7 -8 -9 -10 -11
leaf_value=0.029819092372951647 0.53465247326168941 -0.074173269099595318 1.4591763492005652 -1.185348412842351 0.26366013389554893 -0.23870685250097942 0.063066527841990558 0.66789813939105258 -0.087522799517099681 0.10164435510144436
leaf_weight=26874 160 13640 193 178 320 1974 4870 168 185 270
leaf_count=26874 160 13640 193 178 320 1974 4870 168 185 270
internal_value=0.000100467 -0.00449995 0.0242172 -0.0496067 0.732735 0.0113682 -0.0380508 0.278903 0.163655 0.271253
internal_weight=48832 48049 29361 18688 513 28848 18510 783 615 430
internal_count=48832 48049 29361 18688 513 28848 18510 783 615 430
is_linear=0
shrinkage=0.03


Tree=18
num_leaves=11
num_cat=0
split_feature=29 169 26 170 74 170 38 107 69 44
split_gain=65723.8 65157.2 280243 256954 182898 139319 73778.9 35034.1 28035.8 21197.3
threshold=2.6819251775741582 55.515132904052741 0.0053451871499419221 0.005506272893399001 0.35885620117187506 0.003584980964660645 0.24704545736312869 0.10693467408418657 0.061216082423925407 -0.3317298144102096
decision_type=2 2 2 2 2 2 2 2 2 2
left_child=1 2 5 6 -4 -1 -3 9 -9 -2
right_child=7 3 4 -5 -6 -7 -8 8 -10 -11
leaf_value=0.028924849936394395 0.3439013115695167 -0.048212977038064743 1.4175574563689566 -1.1516794767912397 0.25599003512649376 -0.2315817423650221 0.27963650573417542 0.78664158866172873 0.22313004834517355 -0.068212180054691401
leaf_weight=26874 176 17880 193 178 320 1974 630 154 176 277
leaf_count=26874 176 17880 193 178 320 1974 630 154 176 277
internal_value=0.000106875 -0.00436297 0.0235061 -0.0481377 0.711742 0.0110249 -0.0369094 0.270996 0.501504 0.095872
internal_weight=48832 48049 29361 18688 513 28848 18510 783 330 453
internal_count=48832 48049 29361 18688 513 28848 18510 783 330 453
is_linear=0
shrinkage=0.03


Tree=19
num_leaves=13
num_cat=0
split_feature=63 74 147 122 85 99 107 94 82 29 29 131
split_gain=64936.3 178632 227420 213702 125846 98500.6 146384 87692.1 79356.6 78365.9 118555 90299.5
threshold=1.1478602886199953 0.38521385192871099 0.0012550890096463265 0.0064647495746612558 0.75984999537467968 0.0016046802629716697 0.065381355583667769 -0.76942089200019825 1.6449999809265139 0.17699134349823001 0.13188311457633975 -0.36284092068672175
decision_type=2 2 2 2 2 2 2 2 2 2 2 2
left_child=5 3 -3 8 -5 9 -7 -8 -2 10 -1 -11
right_child=1 2 -4 4 -6 6 7 -9 -10 11 -12 -13
leaf_value=0.043666552033270946 0.20570142007182377 0.030119920367039893 -1.2628140272245607 0.00029482202716620568 1.1310326507091522 -0.31093402290061528 1.0501526227252824 0.30603610215772326 -0.24611488732861148 0.002265597460027038 0.4692357947932822 -0.18672570163795946
leaf_weight=2519 438 229 252 156 195 243 200 487 1610 39338 760 2405
leaf_count=2519 438 229 252 156 195 243 200 487 1610 39338 760 2405
internal_value=0.000114947 -0.13782 -0.659183 -0.0309843 0.642412 0.008788 0.312729 0.534623 -0.148956 0.00244156 0.143431 -0.00866515
internal_weight=48832 2880 481 2399 351 45952 930 687 2048 45022 3279 41743
internal_count=48832 2880 481 2399 351 45952 930 687 2048 45022 3279 41743
is_linear=0
shrinkage=0.03


Tree=20
num_leaves=7
num_cat=0
split_feature=29 56 106 155 29 44
split_gain=62149.1 59018.1 65555.3 222667 82994.7 24146.6
threshold=2.7434090375900273 -168.22814941406247 8.3250026702880877 0.1184937283396721 -0.54023811221122731 0.33172981441020971
decision_type=2 2 2 2 2 2
left_child=1 -1 4 -4 -3 -2
right_child=5 2 3 -5 -6 -7
leaf_value=-0.51353104571550345 0.53132134669944919 0.67683878436125811 0.75071575901705057 -0.29535214455964576 -0.0075763574251544131 0.063944234549132895
leaf_weight=193 261 150 396 326 47344 162
leaf_count=193 261 150 396 326 47344 162
internal_value=0.000119064 -0.00308084 -0.000931538 0.280809 -0.00527275 0.357936
internal_weight=48832 48409 48216 722 47494 423
internal_count=48832 48409 48216 722 47494 423
is_linear=0
shrinkage=0.03


Tree=21
num_leaves=16
num_cat=0
split_feature=170 26 169 74 155 121 122 39 172 170 74 80 26 33 86
split_gain=63251 107834 369287 220846 193905 100832 98175.1 94677.3 75656.1 85875.7 107555 72339.2 124436 80636.8 44841.8
threshold=0.0035398049512878065 0.0053451871499419221 56.113079071044929 0.35885620117187506 0.089886229485273375 44.121097564697273 0.0058178687468171128 -0.2818454504013061 -1.40213006734848 0.002943749888800085 0.25833921134471899 0.52973681688308727 0.0032314105192199354 1.0904999971389773 0.19513095170259478
decision_type=2 2 2 2 2 2 2 2 2 2 2 2 2 2 2
left_child=8 5 3 -3 -4 6 -2 -7 9 14 -11 13 -13 -10 -1
right_child=1 2 4 -5 -6 7 -8 -9 11 10 -12 12 -14 -15 -16
leaf_value=0.044962362342047396 -0.11602830427115808 1.5974126302765284 0.28677308012545111 0.25229288717662846 -1.1003558513055198 -0.19934942124012792 0.49382750827855276 -0.67418971041331022 0.12959450685796567 0.65424857734580089 -0.035196597623423885 0.025974319495766743 0.48475028059410086 -0.063163003993653405 0.42646395850290608
leaf_weight=8389 1018 163 150 314 207 1700 299 482 2163 492 341 12939 545 19353 277
leaf_count=8389 1018 163 150 314 207 1700 299 482 2163 492 341 12939 545 19353 277
internal_value=0.000122903 -0.109158 0.195737 0.735309 -0.525595 -0.182181 0.025106 -0.306838 0.010786 0.0858253 0.374945 -0.00959836 0.0448627 -0.0437339 0.0576342
internal_weight=48832 4333 834 477 357 3499 1317 2182 44499 9499 833 35000 13484 21516 8666
internal_count=48832 4333 834 477 357 3499 1317 2182 44499 9499 833 35000 13484 21516 8666
is_linear=0
shrinkage=0.03


Tree=22
num_leaves=12
num_cat=0
split_feature=34 172 33 34 95 31 86 26 169 170 124
split_gain=60244.8 107389 81238.1 81096.6 140771 269849 134087 100207 253253 145750 51562.6
threshold=2.6650000810623173 2.0631543397903447 1.3495000004768374 2.4650000333786015 1.0000000180025095e-35 -0.1052500009536743 -0.218023806810379 0.0053451871499419221 57.765571594238288 0.003584980964660645 -0.12072163075208663
decision_type=2 2 2 2 2 2 2 2 2 2 2
left_child=3 2 -2 7 6 -6 -5 9 -9 -1 -4
right_child=1 -3 10 4 5 -7 -8 8 -10 -11 -12
leaf_value=0.0071899707472448168 -0.66712056350782512 -0.86052331676142546 -0.19936481172346496 -0.28684182340994074 -0.29509004189513133 0.62320497434025679 0.61569933622211914 0.75832620150299734 -0.35884815104154716 -0.21620548735258419 0.096926900623693829
leaf_weight=40469 190 165 939 175 947 402 801 473 286 2801 1184
leaf_count=40469 190 165 939 175 947 402 801 473 286 2801 1184
internal_value=0.00013278 -0.143683 -0.0890618 0.00785022 0.180139 -0.0188673 0.452603 -0.00128655 0.33817 -0.00731772 -0.0344428
internal_weight=48832 2478 2313 46354 2325 1349 976 44029 759 43270 2123
internal_count=48832 2478 2313 46354 2325 1349 976 44029 759 43270 2123
is_linear=0
shrinkage=0.03


Tree=23
num_leaves=13
num_cat=0
split_feature=63 169 37 38 122 117 107 51 35 29 33 161
split_gain=61306.6 179873 154448 101846 88201.3 86147.9 118531 113083 73473.4 105191 78727.3 19252.6
threshold=1.1111042499542239 70.612583160400405 1.07574999332428 0.15049999952316287 0.0056475019082427034 0.0027207945240661506 0.065837357193231597 0.052459144964814193 -0.17627705633640287 0.13188311457633975 1.6110000014305117 0.48057489097118383
decision_type=2 2 2 2 2 2 2 2 2 2 2 2
left_child=5 2 3 -2 -3 8 11 -8 10 -10 -1 -7
right_child=1 4 -4 -5 -6 6 7 -9 9 -11 -12 -13
leaf_value=-0.08553209126949414 -0.015261145446704231 -0.33152717186924779 0.71280578640657222 -0.46946794029943839 -1.221284242280174 -0.51487308318167924 -0.37330404655466554 0.49133665262491427 0.046681913265487325 0.47573328731578823 0.014274003801594333 -0.04049368162811906
leaf_weight=9153 2469 267 218 532 162 150 150 994 2131 669 31785 152
leaf_count=9153 2469 267 218 532 162 150 150 994 2131 669 31785 152
internal_value=0.000123987 -0.118004 -0.0401871 -0.0970721 -0.687685 0.00968522 0.236699 0.375713 0.00212765 0.150523 -0.00805628 -0.285063
internal_weight=48832 3648 3219 3001 429 45184 1446 1144 43738 2800 40938 302
internal_count=48832 3648 3219 3001 429 45184 1446 1144 43738 2800 40938 302
is_linear=0
shrinkage=0.03


Tree=24
num_leaves=11
num_cat=0
split_feature=29 169 26 170 74 170 3 80 119 46
split_gain=58581.2 58694.7 228947 226628 156645 119701 70822.4 35820.4 17786.2 21641.8
threshold=2.6819251775741582 55.515132904052741 0.0053451871499419221 0.005506272893399001 0.35885620117187506 0.003584980964660645 0.00084047814016230415 0.83224311470985424 -1.2147220969200132 1.0000000180025095e-35
decision_type=2 2 2 2 2 2 2 2 2 2
left_child=1 2 5 6 -4 -1 -3 8 -2 -10
right_child=7 3 4 -5 -6 -7 -8 -9 9 -11
leaf_value=0.027653101796468956 -0.10492878897145469 -0.071427452814773681 1.2974599890873351 -1.082031632817172 0.22315971315939995 -0.21381650900071103 0.059593424174675835 0.63187417311614813 0.036362459584753565 0.45515260935280755
leaf_weight=26874 177 13381 193 178 320 1974 5129 168 225 213
leaf_count=26874 177 13381 193 178 320 1974 5129 168 225 213
internal_value=0.000112217 -0.00410777 0.0223432 -0.045655 0.644411 0.0110615 -0.0351098 0.255859 0.144676 0.245634
internal_weight=48832 48049 29361 18688 513 28848 18510 783 615 438
internal_count=48832 48049 29361 18688 513 28848 18510 783 615 438
is_linear=0
shrinkage=0.03


Tree=25
num_leaves=11
num_cat=0
split_feature=63 74 170 170 26 34 92 167 29 131
split_gain=58597.3 162587 311633 221608 136424 72170.7 70427.7 58755.1 75169.2 72019.6
threshold=1.1478602886199953 0.38521385192871099 0.0052132138516753921 0.0047519761137664327 0.0055435982067137965 1.7050000429153445 -0.14132478833198545 -1.3640434741973875 0.17699134349823001 -0.038675889372825616
decision_type=2 2 2 2 2 2 2 2 2 2
left_child=4 2 5 -3 7 -2 -6 8 -1 -9
right_child=1 3 -4 -5 6 -7 -8 9 -10 -11
leaf_value=0.35165313877770199 0.20234597588881201 0.04326831603961543 1.0813117650738702 -1.2315471540201586 1.0663921091953912 -0.22023327421835659 0.16245024029187813 -0.0063468157812676109 0.044243200452187444 -0.24943571307488438
leaf_weight=766 450 232 198 249 152 1751 157 34440 9314 1123
leaf_count=766 450 232 198 249 152 1751 157 34440 9314 1123
internal_value=0.000116582 -0.130913 -0.0289908 -0.628309 0.00835544 -0.133311 0.626598 0.00403364 0.0679293 -0.014091
internal_weight=48832 2880 2399 481 45952 2201 309 45643 10080 35563
internal_count=48832 2880 2399 481 45952 2201 309 45643 10080 35563
is_linear=0
shrinkage=0.03


Tree=26
num_leaves=12
num_cat=0
split_feature=82 172 82 107 40 25 26 172 170 147 38
split_gain=56304.1 100796 76834 141547 139653 118624 90158.5 203658 131551 76070 89099.9
threshold=2.6650000810623173 2.0631543397903447 2.4650000333786015 0.070474158972501769 1.9863008856773379 48.129407882690437 0.0053451871499419221 1.2222062945365908 0.003584980964660645 0.00090625087614171218 -0.072368424385786043
decision_type=2 2 2 2 2 2 2 2 2 2 2
left_child=2 9 6 5 -5 -4 8 -8 -1 10 -2
right_child=1 -3 3 4 -6 -7 7 -9 -10 -11 -12
leaf_value=0.0067503140246364069 0.031829117085339066 -0.83340005672872064 -0.61708608394153186 0.19867870269210386 0.96431033840491642 0.23169197256922291 0.64700873336134435 -0.39941871442809335 -0.20548523824097412 -0.62776041002715677 -0.62753058935214268
leaf_weight=40469 1917 165 312 1504 242 267 523 236 2801 202 194
leaf_count=40469 1917 165 312 1504 242 267 523 236 2801 202 194
internal_value=0.000120728 -0.138911 0.00758149 0.175282 0.309684 -0.228392 -0.00131189 0.320674 -0.00703265 -0.0859952 -0.0314387
internal_weight=48832 2478 46354 2325 1746 579 44029 759 43270 2313 2111
internal_count=48832 2478 46354 2325 1746 579 44029 759 43270 2313 2111
is_linear=0
shrinkage=0.03


Tree=27
num_leaves=9
num_cat=0
split_feature=35 172 170 26 35 122 122 7
split_gain=55649.9 53933 108777 124356 52926.4 85387 44695.3 32878.6
threshold=-2.7434090375900264 -1.40213006734848 0.0059966146945953378 0.0055435982067137965 -1.8141883611679075 0.0029440309153869752 0.0023932243930175905 -2.6917085647583003
decision_type=2 2 2 2 2 2 2 2
left_child=7 4 3 -3 5 -2 -6 -1
right_child=1 2 -4 -5 6 -7 -8 -9
leaf_value=0.043458171867498077 0.049496512280709282 -0.020748133169067977 -0.59433665406947234 0.5033290823285006 -0.022955084054015834 -0.31277468369132233 0.14295156783825355 0.57211243003977785
leaf_weight=192 2099 37293 284 402 1979 801 5551 231
leaf_count=192 2099 37293 284 402 1979 801 5551 231
internal_value=0.000109548 -0.00291842 -0.0195144 -0.0150271 0.0574736 -0.0512963 0.0993761 0.338701
internal_weight=48832 48409 37979 37695 10430 2900 7530 423
internal_count=48832 48409 37979 37695 10430 2900 7530 423
is_linear=0
shrinkage=0.03


Tree=28
num_leaves=9
num_cat=0
split_feature=56 172 34 26 28 38 3 25
split_gain=55548.1 61637.5 86557.6 101240 69195.2 65490.2 88682.7 38941.2
threshold=-168.22814941406247 -1.40213006734848 2.6650000810623173 0.0044487542472779759 2.8308341503143315 0.19513095170259478 0.0012520561576820912 28.385910034179691
decision_type=2 2 2 2 2 2 2 2
left_child=-1 5 4 -4 -3 7 -7 -2
right_child=1 2 3 -5 -6 6 -8 -9
leaf_value=-0.49511797104911698 0.42727885354402634 -0.012343849441790844 -0.13980140093868823 -0.86666994113188522 0.24709075949192047 0.085711064227612696 0.98130767857415901 0.041909256846722948
leaf_weight=193 232 35523 1554 185 940 261 153 9791
leaf_count=193 232 35523 1554 185 940 261 153 9791
internal_value=0.000108476 0.00217491 -0.0154802 -0.221641 -0.00558983 0.0667498 0.43203 0.0512463
internal_weight=48832 48639 38202 1739 36463 10437 414 10023
internal_count=48832 48639 38202 1739 36463 10437 414 10023
is_linear=0
shrinkage=0.03


Tree=29
num_leaves=10
num_cat=0
split_feature=63 169 37 26 26 32 83 170 135
split_gain=54991.7 161915 136341 131792 128817 98406.8 55334.8 159110 111889
threshold=1.1111042499542239 70.612583160400405 1.07574999332428 0.0047010013367980727 0.0055435982067137965 -0.15158694982528684 -0.17627705633640287 0.0043930283281952151 -0.40949457883834833
decision_type=2 2 2 2 2 2 2 2 2
left_child=4 2 5 -3 6 -2 8 -8 -1
right_child=1 3 -4 -5 -6 -7 7 -9 -10
leaf_value=-0.0091991351552884581 -0.45743998832973165 -0.20201441913168386 0.66953802663636841 -1.2652802325655585 0.65295509884897751 -0.010987517541006424 0.19767007868156553 -0.51562076261106393 0.45291269741718121
leaf_weight=41332 532 255 218 174 268 2469 2814 303 467
leaf_count=41332 532 255 218 174 268 2469 2814 303 467
internal_value=0.000106875 -0.111772 -0.0379424 -0.652267 0.00916231 -0.0913884 0.00517651 0.126905 -0.00392909
internal_weight=48832 3648 3219 429 45184 3001 44916 3117 41799
internal_count=48832 3648 3219 429 45184 3001 44916 3117 41799
is_linear=0
shrinkage=0.03


Tree=30
num_leaves=15
num_cat=0
split_feature=32 36 31 172 28 74 34 35 39 34 122 46 29 76
split_gain=54458.8 64402.1 77318.1 62371.1 92074.6 74638.3 66446.7 62558.6 73571.4 61706.7 45485.6 44402.6 42952.4 35716.3
threshold=0.7677569091320039 2.2029999494552617 0.34665000438690191 -1.40213006734848 2.8308341503143315 0.21292795240879062 2.6650000810623173 -1.8141883611679075 -0.50801818072795857 0.49500000476837164 0.0036928568733856086 1.0000000180025095e-35 2.716220617294312 -1.938222289085388
decision_type=2 2 2 2 2 2 2 2 2 2 2 2 2 2
left_child=3 2 11 7 6 -6 -5 13 -9 12 -11 -2 -3 -1
right_child=1 9 -4 4 5 -7 -8 8 -10 10 -12 -13 -14 -15
leaf_value=0.16342661661682306 0.46866568941995496 0.085690428707252506 0.92290438538789743 -0.031762835484911385 -0.013194243088344266 0.52853837786505109 -0.22676891803156857 0.14050768379085826 -0.13556075622877126 -0.044975627096452073 -0.56442072893761419 -0.05211216419160021 0.51156100623675493 -0.15148382886029085
leaf_weight=395 250 4664 150 29390 448 457 1652 5844 1012 2233 153 336 214 1634
leaf_count=395 250 4664 150 29390 448 457 1652 5844 1012 2233 153 336 214 1634
internal_value=0.000100676 0.0716246 0.337114 -0.0139267 -0.0334804 0.263152 -0.0422104 0.0563392 0.0996197 0.0442983 -0.0805012 0.174198 0.105382 -0.0896771
internal_weight=48832 8000 736 40832 31947 905 31042 8885 6856 7264 2386 586 4878 2029
internal_count=48832 8000 736 40832 31947 905 31042 8885 6856 7264 2386 586 4878 2029
is_linear=0
shrinkage=0.03


Tree=31
num_leaves=9
num_cat=0
split_feature=56 106 155 1 170 30 152 117
split_gain=52407.3 58352.4 202911 87881.2 84510.1 89537.1 69836.1 62125.1
threshold=-168.22814941406247 8.3250026702880877 0.1184937283396721 0.0013899703626520934 0.0035398049512878065 1.1514999866485598 -19.020205497741696 0.0036226724041625862
decision_type=2 2 2 2 2 2 2 2
left_child=-1 4 7 -4 6 -6 -2 -3
right_child=1 2 3 -5 5 -7 -8 -9
leaf_value=-0.48091464084944696 0.081294355956815778 0.32749350396098098 0.17428824107419397 -0.78891800578336535 0.21457322617403313 -0.19928458124448017 -0.010197397707571295 1.0931876715929201
leaf_weight=193 9579 204 175 151 543 3194 34601 192
leaf_count=193 9579 204 175 151 543 3194 34601 192
internal_value=0.00010749 0.00211465 0.267944 -0.282061 -0.00194586 -0.138737 0.00965353 0.716521
internal_weight=48832 48639 722 326 47917 3737 44180 396
internal_count=48832 48639 722 326 47917 3737 44180 396
is_linear=0
shrinkage=0.03


Tree=32
num_leaves=13
num_cat=0
split_feature=30 82 87 32 26 82 26 26 40 44 26 11
split_gain=52464 52263.6 113852 135763 107247 88434.9 190485 80143.4 50220.2 51162.1 23802.3 26665.3
threshold=0.66250002384185802 2.6350001096725468 -0.99384397268295277 0.11333333328366281 0.0043614380992949018 2.4650000333786015 0.0050628271419554957 0.0053451871499419221 -0.52477174997329701 0.076279435306787505 0.0019810838857665662 0.14398907124996188
decision_type=2 2 2 2 2 2 2 2 2 2 2 2
left_child=8 5 3 -3 -4 7 -7 -2 10 -10 -1 -12
right_child=1 2 4 -5 -6 6 -8 -9 9 -11 11 -13
leaf_value=-0.34346239379048343 -0.0024924035997131258 1.0081231984198094 -0.14070731422162605 -0.11046666669571886 -0.89755466242061288 0.3043808382387177 -0.6490777056067476 0.30653234888095848 -0.90847578246400962 -0.13092235009427425 0.27521327912807464 -0.22071114449705703
leaf_weight=170 42413 155 2232 235 173 1807 201 759 151 152 228 156
leaf_count=170 42413 155 2232 235 173 1807 201 759 151 152 228 156
internal_value=0.000106791 0.00428572 -0.12137 0.34819 -0.198641 0.0120844 0.206197 0.00301024 -0.231182 -0.535061 -0.0584406 0.0732556
internal_weight=48832 47975 2795 390 2405 45180 2008 43172 857 303 554 384
internal_count=48832 47975 2795 390 2405 45180 2008 43172 857 303 554 384
is_linear=0
shrinkage=0.03


Tree=33
num_leaves=14
num_cat=0
split_feature=32 30 31 34 38 122 122 147 63 11 122 46 29
split_gain=51412.3 61035.1 72938.2 58228.1 49696.6 95379.1 91033.8 57943.5 58300.9 50444.9 42989.3 42047.9 40515
threshold=0.7677569091320039 2.2029999494552617 0.34665000438690191 0.49500000476837164 -0.73574998974800099 0.0029560710536316042 0.0025780244031921033 0.0018653671140782537 1.1478602886199953 0.11982122436165811 0.0036928568733856086 1.0000000180025095e-35 2.716220617294312
decision_type=2 2 2 2 2 2 2 2 2 2 2 2 2
left_child=4 2 11 12 5 6 -1 8 -6 -7 -5 -2 -3
right_child=1 3 -4 10 7 9 -8 -9 -10 -11 -12 -13 -14
leaf_value=-0.17581609753052188 0.45635006081886015 0.083199130734484053 0.89701035511773075 -0.043707081432840647 0.00027488999522835177 -0.27876479847225505 0.50645588646985984 0.52390953196718804 -0.14359698659990655 -0.94221319759524735 -0.54869697969201148 -0.050437422151854962 0.49680962912917098
leaf_weight=762 250 4664 150 2233 36521 274 218 174 2714 169 153 336 214
leaf_count=762 250 4664 150 2233 36521 274 218 174 2714 169 153 336 214
internal_value=9.43153e-05 0.0695889 0.328045 0.0429867 -0.0135351 -0.187078 -0.0204627 -0.00722283 -0.0097112 -0.547076 -0.078244 0.169798 0.102324
internal_weight=48832 8000 736 7264 40832 1423 980 39409 39235 443 2386 586 4878
internal_count=48832 8000 736 7264 40832 1423 980 39409 39235 443 2386 586 4878
is_linear=0
shrinkage=0.03


Tree=34
num_leaves=8
num_cat=0
split_feature=56 172 170 122 38 3 170
split_gain=49813.8 54718.5 105378 101052 60477.8 82451.5 70653.5
threshold=-168.22814941406247 -1.40213006734848 0.0059966146945953378 0.0075855127070099124 0.19513095170259478 0.0012520561576820912 0.003584980964660645
decision_type=2 2 2 2 2 2 2
left_child=-1 4 3 -3 6 -6 -2
right_child=1 2 -4 -5 5 -7 -8
leaf_value=-0.4688722452829624 0.071995197757898449 -0.014152907353467383 -0.58036080196499829 0.59463443559552975 0.080092005177686248 0.94352885629501804 -0.21547574615231133
leaf_weight=193 9193 37681 284 237 261 153 830
leaf_count=193 9193 37681 284 237 261 153 830
internal_value=9.62829e-05 0.00205315 -0.0145815 -0.010192 0.0628958 0.413915 0.0479988
internal_weight=48832 48639 38202 37918 10437 414 10023
internal_count=48832 48639 38202 37918 10437 414 10023
is_linear=0
shrinkage=0.03


Tree=35
num_leaves=10
num_cat=0
split_feature=29 36 63 172 26 62 40 7 26
split_gain=49707.9 48358.1 48375.9 134986 118138 47913.2 66842.1 30787.7 12956.8
threshold=2.7434090375900273 0.66250002384185802 1.1111042499542239 1.8088165521621706 0.0055435982067137965 0.85589656233787548 -0.52477174997329701 -2.6917085647583003 0.002048394526354969
decision_type=2 2 2 2 2 2 2 2 2
left_child=1 5 4 -4 -3 8 -7 -2 -1
right_child=7 2 3 -5 -6 6 -8 -9 -10
leaf_value=-0.14240188531268982 0.034807206178360646 0.0060843724861033201 -0.02983710190178546 -0.55478046664543312 0.62648916797404242 -0.15348006244306847 -0.87029848448195291 0.545944768041836 0.21817352222210501
leaf_weight=159 192 43636 3145 503 268 344 172 231 182
leaf_count=159 192 43636 3145 503 268 344 172 231 182
internal_value=9.59205e-05 -0.00276583 0.0012822 -0.103537 0.0100133 -0.224801 -0.404423 0.320101 0.0507789
internal_weight=48832 48409 47552 3648 43904 857 516 423 341
internal_count=48832 48409 47552 3648 43904 857 516 423 341
is_linear=0
shrinkage=0.03


Tree=36
num_leaves=10
num_cat=0
split_feature=169 26 37 35 26 111 39 39 31
split_gain=48275.1 192040 141983 146143 192385 121950 97206 111305 67315.3
threshold=70.254688262939467 0.0047010013367980727 1.07574999332428 0.39852271974086767 0.0055435982067137965 1.5815452337265017 -1.2921538352966306 -1.371864318847656 -0.65720000863075245
decision_type=2 2 2 2 2 2 2 2 2
left_child=2 6 3 4 -1 -3 7 -2 -8
right_child=1 5 -4 -5 -6 -7 8 -9 -10
leaf_value=0.0060929704844592328 -0.09521993101577074 -0.12547821926601815 0.66133265820155507 -0.65123216401779416 0.69602566600495519 -1.2216714884221986 -0.4761594719461032 -0.64577641519267082 0.074723306002805134
leaf_weight=41080 1785 168 291 291 357 197 200 397 4066
leaf_count=41080 1785 168 291 291 357 197 200 397 4066
internal_value=9.10821e-05 -0.0739254 0.0121069 0.00742203 0.0122036 -0.733923 -0.0354865 -0.197879 0.0478435
internal_weight=48832 6813 42019 41728 41437 365 6448 2182 4266
internal_count=48832 6813 42019 41728 41437 365 6448 2182 4266
is_linear=0
shrinkage=0.03


Tree=37
num_leaves=16
num_cat=0
split_feature=32 30 122 169 82 152 155 170 37 30 111 37 99 125 113
split_gain=47989 58280.5 70524.2 92883.1 54963.9 51699.4 71297.1 132754 95238.5 59063.5 57866.1 56525.1 44852.4 36920.3 11757.5
threshold=0.7677569091320039 2.2029999494552617 0.0026514445198699836 56.505109786987312 0.49500000476837164 -20.193756103515621 0.14020176231861117 0.003584980964660645 0.6131500005722047 0.66250002384185802 2.0299847126007085 -0.38684999942779535 0.00092212259187363099 2.716220617294312 0.58286195993423473
decision_type=2 2 2 2 2 2 2 2 2 2 2 2 2 2 2
left_child=5 2 14 -4 13 6 8 -8 -1 11 -11 -7 -6 -3 -2
right_child=1 4 3 -5 12 9 7 -9 -10 10 -12 -13 -14 -15 -16
leaf_value=0.072424695451569737 -0.18253684484675609 0.080615575952575402 1.112486423423817 0.19884311841354624 -0.034707994480364664 0.0036402274686459105 0.020017012966886901 -0.4904724243160633 0.50077758267633932 -0.01869883032805816 -0.26665097579336511 -0.56262413861168614 -0.48079974810027387 0.47546489265082137 0.17025612786929639
leaf_weight=5765 169 4664 162 253 2172 281 2751 540 499 29780 862 354 214 214 152
leaf_count=5765 169 4664 162 253 2172 281 2751 540 499 29780 862 354 214 214 152
internal_value=7.74336e-05 0.0672185 0.319773 0.573279 0.0412248 -0.0130904 0.0479514 -0.0649781 0.107292 -0.0317478 -0.0257588 -0.31587 -0.0765576 0.0988751 -0.0153855
internal_weight=48832 8000 736 415 7264 40832 9555 3291 6264 31277 30642 635 2386 4878 321
internal_count=48832 8000 736 415 7264 40832 9555 3291 6264 31277 30642 635 2386 4878 321
is_linear=0
shrinkage=0.03


Tree=38
num_leaves=9
num_cat=0
split_feature=56 106 155 63 125 170 26 56
split_gain=45852.6 55311.7 205141 171994 118414 84041.4 94654.6 70482.4
threshold=-168.22814941406247 7.1062304973602304 0.12614850699901584 1.1569075584411623 -0.18627272546291349 0.0035398049512878065 0.0046403792221099147 -81.684589385986314
decision_type=2 2 2 2 2 2 2 2
left_child=-1 5 4 -4 -3 7 -7 -2
right_child=1 2 3 -5 -6 6 -8 -9
leaf_value=-0.44985770121877444 0.27088759954871477 1.0890884244226222 0.096663044251048755 -1.0821760468792032 0.26350351786737963 -0.24796097211108664 0.097183386806749941 0.0023481607781085461
leaf_weight=193 888 211 352 152 569 2414 1008 43045
leaf_count=193 888 211 352 152 569 2414 1008 43045
internal_value=7.87823e-05 0.00195624 0.195469 -0.272997 0.497794 -0.00333089 -0.146307 0.00783645
internal_weight=48832 48639 1284 504 780 47355 3422 43933
internal_count=48832 48639 1284 504 780 47355 3422 43933
is_linear=0
shrinkage=0.03


Tree=39
num_leaves=15
num_cat=0
split_feature=167 38 121 170 117 111 74 45 35 15 28 136 30 154
split_gain=46068.3 74414.5 99749.2 102683 94648.1 74894.2 66754.8 51097.6 129220 100982 54724.1 47582.6 59206.3 46883.5
threshold=-0.83067736029624928 -0.32547727227210993 72.810146331787124 0.0026749798562377696 0.0032946510473266248 2.0723295211791997 0.32949884235858923 -0.8253108263015746 -0.17627705633640287 0.91544064879417431 0.18348323553800586 1.6996363997459414 2.0004999637603764 4.7201652526855478
decision_type=2 2 2 2 2 2 2 2 2 2 2 2 2 2
left_child=7 4 5 -4 6 -3 -2 8 10 -10 -1 13 -13 -9
right_child=1 2 3 -5 -6 -7 -8 11 9 -11 -12 12 -14 -15
leaf_value=-0.047281003195188333 0.046026204035887919 -0.073535158612740931 -0.0080668739850351771 0.50595426777771535 0.73407023827944484 -0.40525458338891623 -0.11503655545972687 0.0063481164856711821 0.71096742153856796 -0.041340426889197951 0.14363405849234578 -0.49571821027888663 -0.057148431042503132 0.24925729157798923
leaf_weight=2432 13438 14665 1047 515 158 630 2788 6745 509 231 3020 329 1535 790
leaf_count=2432 13438 14665 1047 515 158 630 2788 6745 509 231 3020 329 1535 790
internal_value=7.66641e-05 -0.0198785 -0.0641129 0.163549 0.0256443 -0.0874545 0.0182981 0.0426078 0.109445 0.478705 0.058541 -0.00149383 -0.136789 0.0321123
internal_weight=48832 33241 16857 1562 16384 15295 16226 15591 6192 740 5452 9399 1864 7535
internal_count=48832 33241 16857 1562 16384 15295 16226 15591 6192 740 5452 9399 1864 7535
is_linear=0
shrinkage=0.03


Tree=40
num_leaves=8
num_cat=0
split_feature=35 169 170 147 3 77 7
split_gain=45054.5 43180.9 190601 131152 71215.5 66178.5 29028.5
threshold=-2.7434090375900264 55.515132904052741 0.005506272893399001 0.0016956349136307838 0.00086005032062530528 -0.33292856812477106 -6.0941278934478751
decision_type=2 2 2 2 2 2 2
left_child=6 3 4 5 -3 -2 -1
right_child=1 2 -4 -5 -6 -7 -8
leaf_value=-0.025906699512816645 -0.33256429881469424 -0.063237442858054715 -0.9885518879934827 0.71409728975391673 0.070059142260666216 0.020098417746802367 0.48633957268518857
leaf_weight=153 477 13828 178 233 4870 28823 270
leaf_count=153 477 13828 178 233 4870 28823 270
internal_value=8.14447e-05 -0.00264306 -0.0380726 0.0200069 -0.0285007 0.0142456 0.30474
internal_weight=48832 48409 18876 29533 18698 29300 423
internal_count=48832 48409 18876 29533 18698 29300 423
is_linear=0
shrinkage=0.03


Tree=41
num_leaves=12
num_cat=0
split_feature=82 183 32 26 121 82 26 30 26 169 170
split_gain=44808.3 106052 127115 99902.7 104421 90304.4 173715 110589 72935.8 194936 104424
threshold=2.6350001096725468 -0.99384397268295277 0.11333333328366281 0.0043614380992949018 40.408620834350593 2.4650000333786015 0.0050628271419554957 2.307000041007996 0.0053451871499419221 57.765571594238288 0.003584980964660645
decision_type=2 2 2 2 2 2 2 2 2 2 2
left_child=5 2 -2 4 -3 8 7 -7 10 -10 -1
right_child=1 3 -4 -5 -6 6 -8 -9 9 -11 -12
leaf_value=0.0053104627441652322 0.97541844182664694 -0.46913289040254025 -0.10695636167848596 -0.86546270515586499 -0.0094901443957521505 0.19620587777550794 -0.6134512329897821 0.84889398016571571 0.65646009410482753 -0.32353873643923448 -0.18378030162965611
leaf_weight=40469 155 602 235 173 1630 1539 201 268 473 286 2801
leaf_count=40469 155 602 235 173 1630 1539 201 268 473 286 2801
internal_value=7.8266e-05 -0.116333 0.336849 -0.190912 -0.135001 0.00716954 0.203408 0.297147 -0.00182432 0.28778 -0.0069696
internal_weight=48832 2795 390 2405 2232 46037 2008 1807 44029 759 43270
internal_count=48832 2795 390 2405 2232 46037 2008 1807 44029 759 43270
is_linear=0
shrinkage=0.03


Tree=42
num_leaves=12
num_cat=0
split_feature=128 38 172 170 106 35 170 39 74 26 73
split_gain=44436.1 57853.7 50787.6 89420.5 84489.9 60064.9 69411.7 67480.4 47291 54846.2 44026.7
threshold=0.7677569091320039 -0.7773684263229369 -1.40213006734848 0.0059966146945953378 7.1062304973602304 -1.8141883611679075 0.0027976888231933121 -0.50801818072795857 0.32428632676601415 0.0025914119323715572 51.315963745117195
decision_type=2 2 2 2 2 2 2 2 2 2 2
left_child=2 8 5 4 -4 6 -1 -7 9 -2 -10
right_child=1 -3 3 -5 -6 7 -8 -9 10 -11 -12
leaf_value=-0.14402152312441954 0.067542979666415551 0.49481739360291294 -0.033317880006561509 -0.55104576146952344 0.27726991227440012 0.13238474208364109 0.49285288414352435 -0.13199990454529015 0.036976849932203897 0.44612156685454385 -0.25878896278021424
leaf_weight=1871 5508 262 30864 284 799 5844 158 1012 1127 358 745
leaf_count=1871 5508 262 30864 284 799 5844 158 1012 1127 358 745
internal_value=7.65959e-05 0.0646844 -0.0125944 -0.0302391 -0.0253953 0.0508118 -0.0922537 0.0932241 0.0495008 0.0913674 -0.0814787
internal_weight=48832 8000 40832 31947 31663 8885 2029 6856 7738 5866 1872
internal_count=48832 8000 40832 31947 31663 8885 2029 6856 7738 5866 1872
is_linear=0
shrinkage=0.03


Tree=43
num_leaves=13
num_cat=0
split_feature=30 82 39 32 170 82 26 26 26 33 172 44
split_gain=43841.2 45432.6 99717 119878 97169 81897.9 163230 67802.6 43819.7 43549.2 54218.6 22285
threshold=0.66250002384185802 2.6350001096725468 -0.99384397268295277 0.11333333328366281 0.0027589328819885854 2.4650000333786015 0.0050628271419554957 0.0053451871499419221 0.0020125125302001838 1.1274999976158144 -0.22305013984441754 0.16288578510284427
decision_type=2 2 2 2 2 2 2 2 2 2 2 2
left_child=8 5 3 -3 -4 7 -7 -2 11 10 -10 -1
right_child=1 2 4 -5 -6 6 -8 -9 9 -11 -12 -13
leaf_value=-0.67514433880377867 -0.0026227408561033034 0.94631534261595107 -0.078125159272030592 -0.10476630204383816 -0.52417016831939589 0.28883344564079444 -0.59386404479284416 0.28161555440667702 0.15148187723804693 0.35503741722873278 -0.58039924118969888 -0.17804112151091606
leaf_weight=193 42413 155 1835 235 570 1807 201 759 173 165 175 151
leaf_count=193 42413 155 1835 235 570 1807 201 759 173 165 175 151
internal_value=7.93887e-05 0.0038995 -0.113257 0.326186 -0.185573 0.0111707 0.197971 0.00243847 -0.21135 -0.0335012 -0.222494 -0.468133
internal_weight=48832 47975 2795 390 2405 45180 2008 43172 857 513 348 344
internal_count=48832 47975 2795 390 2405 45180 2008 43172 857 513 348 344
is_linear=0
shrinkage=0.03


Tree=44
num_leaves=10
num_cat=0
split_feature=29 37 155 131 51 131 3 44 152
split_gain=43096.1 40384 123426 109330 92335.5 71679.3 34366.2 30340.6 20367.1
threshold=2.6819251775741582 1.07574999332428 0.14187322556972506 0.39852271974086767 0.087447546422481551 0.19169047474861148 0.00056239464902319025 -0.3317298144102096 5.9907326698303232
decision_type=2 2 2 2 2 2 2 2 2
left_child=1 3 -3 5 -5 -1 7 -2 -9
right_child=6 2 -4 4 -6 -7 -8 8 -10
leaf_value=-0.0079644704416737249 0.60269711698043049 0.80364709269237045 -0.30214843577967432 -0.039540655311942098 -1.0397217291981511 0.23080030452916075 -0.088920099652266188 0.39417856759219255 -0.069299787686483275
leaf_weight=46225 229 193 157 165 159 1150 227 152 175
leaf_count=46225 229 193 157 165 159 1150 227 152 175
internal_value=7.26232e-05 -0.00354689 0.313004 -0.00593476 -0.546804 -0.00212111 0.219429 0.344666 0.151444
internal_weight=48832 48049 350 47699 324 47375 783 556 327
internal_count=48832 48049 350 47699 324 47375 783 556 327
is_linear=0
shrinkage=0.03


Tree=45
num_leaves=9
num_cat=0
split_feature=56 14 106 154 40 59 56 169
split_gain=44014.2 50039.4 51130.6 71139.2 46751.4 45281.8 40469.2 10924.3
threshold=-168.22814941406247 0.49060600996017462 9.9927392005920428 10.27739191055298 0.21873376518487933 0.098879110068082823 -60.169696807861321 54.195774078369148
decision_type=2 2 2 2 2 2 2 2
left_child=-1 4 3 -3 7 -4 -6 -2
right_child=1 2 5 -5 6 -7 -8 -9
leaf_value=-0.44075076689347253 -0.20714515148563553 -0.0047896297717773271 0.66957510848108082 -0.50148674425037432 0.61628820434459208 -0.0031587425977485611 0.16309640111158483 0.053558627820370353
leaf_weight=193 321 45776 180 251 194 171 1495 251
leaf_count=193 321 45776 180 251 194 171 1495 251
internal_value=7.3415e-05 0.00191285 -0.00481889 -0.00760662 0.139408 0.350824 0.218471 -0.0937908
internal_weight=48832 48639 46378 46027 2261 351 1689 572
internal_count=48832 48639 46378 46027 2261 351 1689 572
is_linear=0
shrinkage=0.03


Tree=46
num_leaves=10
num_cat=0
split_feature=63 74 79 172 26 18 36 40 33
split_gain=42456.4 169800 127610 177592 71435.1 76682.3 67137 52006 59484.8
threshold=1.180591940879822 0.42466953396797186 -0.60785001516342152 1.5349301695823672 0.0055435982067137965 0.054044190794229514 2.2919999361038212 2.5391653776168828 0.49099999666213995
decision_type=2 2 2 2 2 2 2 2 2
left_child=4 2 3 -2 7 -6 -4 8 -1
right_child=1 -3 6 -5 5 -7 -8 -9 -10
leaf_value=-0.54809408949656502 0.4701449666488034 -0.84612130059593027 -0.34617201865522651 -0.59699285255138124 0.85788279991719074 -0.01698308525875928 0.1847768009698359 0.46109014321017905 0.0029355032107701131
leaf_weight=167 666 251 950 168 173 177 269 212 45799
leaf_count=167 666 251 950 168 173 177 269 212 45799
internal_value=7.33332e-05 -0.125349 -0.0335527 0.250656 0.00630965 0.427269 -0.228456 0.00302723 0.000814769
internal_weight=48832 2304 2053 834 46528 350 1219 46178 45966
internal_count=48832 2304 2053 834 46528 350 1219 46178 45966
is_linear=0
shrinkage=0.03


Tree=47
num_leaves=14
num_cat=0
split_feature=167 80 99 121 124 170 45 35 15 170 41 29 136
split_gain=42990.2 69145.8 105583 91956.6 96331.2 93131.7 47881.2 119737 95627.6 45606.1 44874.2 62031.4 42819.1
threshold=-0.83067736029624928 0.3211688250303269 0.0016541630029678347 72.810146331787124 -3.0406485795974727 0.0026749798562377696 -0.8253108263015746 -0.17627705633640287 0.8681490719318391 0.0036278538173064594 -0.5649999976158141 -0.1519999951124191 2.034330010414124
decision_type=2 2 2 2 2 2 2 2 2 2 2 2 2
left_child=6 3 12 4 -2 -5 7 9 -9 -1 11 -8 -3
right_child=1 2 -4 5 -6 -7 10 8 -10 -11 -12 -13 -14
leaf_value=0.076371884670489679 0.19758694902762966 0.021506911477524895 0.68332486210183963 -0.0073065009692921956 -0.1047873465262455 0.4826193082145282 0.52576649910710715 0.74024730137630601 0.048211307266649725 -0.32579868064167788 -0.49652314140564857 -0.0044958423748593908 -0.38726889375024115
leaf_weight=5195 1007 16058 206 1042 14189 515 193 437 303 257 152 9054 224
leaf_count=5195 1007 16058 206 1042 14189 515 193 437 303 257 152 9054 224
internal_value=6.88142e-05 -0.0192082 0.0243999 -0.0621154 -0.084633 0.156789 0.0411545 0.105854 0.461308 0.0568523 -0.00153645 0.00712761 0.0156489
internal_weight=48832 33241 16488 16753 15196 1557 15591 6192 740 5452 9399 9247 16282
internal_count=48832 33241 16488 16753 15196 1557 15591 6192 740 5452 9399 9247 16282
is_linear=0
shrinkage=0.03


Tree=48
num_leaves=10
num_cat=0
split_feature=169 26 85 35 26 111 87 87 79
split_gain=42442.8 173126 123280 127446 166548 109403 93322.3 103887 61926.1
threshold=70.254688262939467 0.0047010013367980727 1.07574999332428 0.39852271974086767 0.0055435982067137965 1.5815452337265017 -1.2921538352966306 -1.371864318847656 -0.65720000863075245
decision_type=2 2 2 2 2 2 2 2 2
left_child=2 6 3 4 -1 -3 7 -2 -8
right_child=1 5 -4 -5 -6 -7 8 -9 -10
leaf_value=0.0057565299009951975 -0.092763294517807141 -0.11963055392162183 0.61629993962390073 -0.6081031057466304 0.64769114618892565 -1.1579582481410193 -0.45379483326418057 -0.62466554333668667 0.074589506537209999
leaf_weight=41080 1785 168 291 291 357 197 200 397 4066
leaf_count=41080 1785 168 291 291 357 197 200 397 4066
internal_value=7.56529e-05 -0.0693259 0.0113423 0.00697684 0.011442 -0.695978 -0.0328305 -0.191948 0.0488143
internal_weight=48832 6813 42019 41728 41437 365 6448 2182 4266
internal_count=48832 6813 42019 41728 41437 365 6448 2182 4266
is_linear=0
shrinkage=0.03


Tree=49
num_leaves=8
num_cat=0
split_feature=56 25 2 167 30 76 38
split_gain=41681.6 49009.1 96409.5 45233.8 79501.2 48437.7 38799
threshold=-168.22814941406247 82.69675445556642 0.0011449932935647669 -0.83067736029624928 2.3934999704360966 -0.48803688585758204 -0.097619049251079545
decision_type=2 2 2 2 2 2 2
left_child=-1 3 6 5 -5 -2 -3
right_child=1 2 -4 4 -6 -7 -8
leaf_value=-0.42892136684027066 0.10783777012158702 -0.039319507438649509 0.70814494389892213 -0.056950018903251846 0.042490158570231591 -0.003263439042774386 0.34410821461876545
leaf_weight=193 5762 899 241 21408 10919 9098 312
leaf_count=193 5762 899 241 21408 10919 9098 312
internal_value=6.28639e-05 0.00185289 0.172918 -0.0034465 -0.0233596 0.0398599 0.0614754
internal_weight=48832 48639 1452 47187 32327 14860 1211
internal_count=48832 48639 1452 47187 32327 14860 1211
is_linear=0
shrinkage=0.03


Tree=50
num_leaves=12
num_cat=0
split_feature=30 62 40 63 169 34 26 26 122 11 26
split_gain=40690 44858.5 61548.4 43577.5 123199 109624 107311 94416.7 51675.2 19931.5 12101.6
threshold=0.66250002384185802 0.85589656233787548 -0.52477174997329701 1.1111042499542239 71.002788543701186 1.7050000429153445 0.0047010013367980727 0.0055435982067137965 0.0067178437020629653 0.13445266336202624 0.002048394526354969
decision_type=2 2 2 2 2 2 2 2 2 2 2
left_child=1 10 9 7 5 -5 -6 8 -2 -3 -1
right_child=3 2 -4 4 6 -7 -8 -9 -10 -11 -12
leaf_value=-0.12451789145528741 0.0057988510592973559 0.06544755371700367 -0.82438487534994598 0.29587087139121671 -0.16118954629783172 -0.12515777489925603 -1.1454427127878775 0.56309211506313983 0.40285840619694102 -0.38379362267181738 0.22419129258138129
leaf_weight=159 43772 193 172 702 239 2541 166 268 287 151 182
leaf_count=159 43772 193 172 702 239 2541 166 268 287 151 182
internal_value=6.51192e-05 -0.203624 -0.377458 0.00374539 -0.0957768 -0.0333899 -0.582492 0.0119556 0.00847612 -0.13702 0.0626815
internal_weight=48832 857 516 47975 3648 3243 405 44327 44059 344 341
internal_count=48832 857 516 47975 3648 3243 405 44327 44059 344 341
is_linear=0
shrinkage=0.03


Tree=51
num_leaves=16
num_cat=0
split_feature=170 30 81 81 74 75 147 108 122 124 170 124 29 38 44
split_gain=40220.6 90698.2 190277 201061 117542 127483 84800.3 79568.1 66337 96865.6 121100 105856 52182.2 39605 32715.7
threshold=0.0035398049512878065 1.6774999499320986 1.2084999680519106 1.3804999589920046 0.26595552265644079 0.82702621817588817 0.0010294129606336357 0.22691480815410617 0.0041745346970856198 -0.34836512804031367 0.0031094040023162965 -2.6574252843856807 2.7434090375900273 -0.76046535372734059 1.0000000180025095e-35
decision_type=2 2 2 2 2 2 2 2 2 2 2 2 2 2 2
left_child=8 4 6 -4 7 -6 -3 -2 12 11 -11 -10 13 -1 -14
right_child=1 2 3 -5 5 -7 -8 -9 9 10 -12 -13 14 -15 -16
leaf_value=0.056279112008410265 -0.52119829059001943 -0.07033462548120456 0.6087129106243685 -0.19172558455509592 0.446759498850272 -0.3219528963281883 -0.86606790790322175 0.12844953916966917 0.51810882229717548 0.11469269999060477 0.6570378841539295 -0.1481695403104257 0.62609521252886646 -0.019119852225397388 0.080091455331629341
leaf_weight=7717 368 166 331 1636 837 244 449 302 249 1104 552 1243 179 33241 214
leaf_count=7717 368 166 331 1636 837 244 449 302 249 1104 552 1243 179 33241 214
internal_value=5.57506e-05 -0.0870874 -0.199812 -0.0546329 0.0793257 0.271887 -0.655847 -0.230789 0.0085588 0.141088 0.298333 -0.0342651 -0.00156217 -0.00490347 0.338145
internal_weight=48832 4333 2582 1967 1751 1081 615 670 44499 3148 1656 1492 41351 40958 393
internal_count=48832 4333 2582 1967 1751 1081 615 670 44499 3148 1656 1492 41351 40958 393
is_linear=0
shrinkage=0.03


Tree=52
num_leaves=9
num_cat=0
split_feature=170 169 106 29 159 170 33 122
split_gain=39789.9 157527 66540.4 68187.8 84752.9 64890.7 87432 58633.1
threshold=0.0059966146945953378 49.169349670410163 7.1062304973602304 -0.18627272546291349 2.2094017267227177 0.0035398049512878065 1.2084999680519106 0.0042045286390930423
decision_type=2 2 2 2 2 2 2 2
left_child=2 -2 5 -4 -5 7 -7 -1
right_child=1 -3 3 4 -6 6 -8 -9
leaf_value=-0.0023372538324392608 0.27320643200822498 -0.93531239538740463 0.68948084430191015 0.26758837189845591 -0.42160596778482623 -0.31167215079417632 -0.00020542365117323655 0.13898871389004885
leaf_weight=41215 197 175 222 688 199 1385 1938 2813
leaf_count=41215 197 175 222 688 199 1385 1938 2813
internal_value=6.08199e-05 -0.304919 0.0024644 0.231118 0.10999 -0.00293851 -0.130568 0.00672174
internal_weight=48832 372 48460 1109 887 47351 3323 44028
internal_count=48832 372 48460 1109 887 47351 3323 44028
is_linear=0
shrinkage=0.03


Tree=53
num_leaves=9
num_cat=0
split_feature=56 25 74 169 130 130 26 107
split_gain=39644.9 46044.1 131080 96119.7 43500.5 95818.4 95635 38531.1
threshold=-168.22814941406247 82.69675445556642 0.20314189046621325 42.755180358886726 2.6350001096725468 2.4650000333786015 0.0027005311567336325 0.16177360713481906
decision_type=2 2 2 2 2 2 2 2
left_child=-1 4 7 -4 5 -2 -6 -3
right_child=1 2 3 -5 6 -7 -8 -9
leaf_value=-0.41831469460477677 -0.0056492147824350452 -0.0029864244023451812 0.21221854990509645 0.93754828756650288 0.34113947408179102 0.20909614250232447 -0.18780567899311118 -0.51074245037345833
leaf_weight=193 42528 399 645 215 344 1946 2369 193
leaf_count=193 42528 399 645 215 344 1946 2369 193
internal_value=5.71411e-05 0.00180289 0.167612 0.402243 -0.0033337 0.00379205 -0.119731 -0.174256
internal_weight=48832 48639 1452 860 47187 44474 2713 592
internal_count=48832 48639 1452 860 47187 44474 2713 592
is_linear=0
shrinkage=0.03


Tree=54
num_leaves=10
num_cat=0
split_feature=169 26 37 35 26 111 39 39 31
split_gain=39371 153350 111354 121368 152540 99617.7 87936.1 97246.6 57832.6
threshold=70.254688262939467 0.0047010013367980727 1.07574999332428 0.39852271974086767 0.0055435982067137965 1.5815452337265017 -1.2921538352966306 -1.371864318847656 -0.65720000863075245
decision_type=2 2 2 2 2 2 2 2 2
left_child=2 6 3 4 -1 -3 7 -2 -8
right_child=1 5 -4 -5 -6 -7 8 -9 -10
leaf_value=0.0056774981223888391 -0.090920446167697386 -0.10706635351512539 0.58586177370674974 -0.59347243347523915 0.62002320669083888 -1.0973582816426306 -0.43888985531244956 -0.60555455893044718 0.071730645941977103
leaf_weight=41080 1785 168 291 291 357 197 200 397 4066
leaf_count=41080 1785 168 291 291 357 197 200 397 4066
internal_value=5.89547e-05 -0.0667839 0.0109102 0.00676127 0.0111187 -0.656563 -0.0324335 -0.18689 0.0468212
internal_weight=48832 6813 42019 41728 41437 365 6448 2182 4266
internal_count=48832 6813 42019 41728 41437 365 6448 2182 4266
is_linear=0
shrinkage=0.03


Tree=55
num_leaves=9
num_cat=0
split_feature=90 170 169 26 169 170 106 50
split_gain=38353.2 48346.1 159718 83641.9 176561 61398.2 13922.3 11595.1
threshold=-0.089546065777540193 0.0059966146945953378 49.169349670410163 0.0055435982067137965 57.765571594238288 0.0035398049512878065 4.4485604763031015 0.060787390917539603
decision_type=2 2 2 2 2 2 2 2
left_child=6 3 -3 5 -5 -2 7 -1
right_child=1 2 -4 4 -6 -7 -8 -9
leaf_value=0.29803544711467272 0.0056966136711024329 0.23967401797646903 -1.0087945987585651 1.0581040730049334 -0.12222406262595617 -0.12449135484100363 0.46795647437534021 -0.056376116082072256
leaf_weight=169 44024 191 163 195 253 3511 176 150
leaf_count=169 44024 191 163 195 253 3511 176 150
internal_value=4.7052e-05 -0.00266966 -0.347107 -5.67368e-05 0.40342 -0.00394341 0.260135 0.134736
internal_weight=48832 48337 354 47983 448 47535 495 319
internal_count=48832 48337 354 47983 448 47535 495 319
is_linear=0
shrinkage=0.03


Tree=56
num_leaves=13
num_cat=0
split_feature=78 62 40 63 74 122 147 99 107 29 172 23
split_gain=37731.9 42450.1 57444.9 39468.4 130102 183358 169759 89576.5 110565 56260.9 19286.7 8786.61
threshold=0.66250002384185802 0.85589656233787548 -0.52477174997329701 1.1111042499542239 0.38023294508457189 0.0064647495746612558 0.0012550890096463265 0.0016046802629716697 0.068145260214805617 0.17699134349823001 -0.33839650452136988 -0.38013809919357294
decision_type=2 2 2 2 2 2 2 2 2 2 2 2
left_child=1 11 10 7 5 -5 -6 9 -9 -2 -3 -1
right_child=3 2 -4 4 6 -7 -8 8 -10 -11 -12 -13
leaf_value=-0.1014369809268633 0.13176086845394019 0.069472471460653468 -0.79698123998530612 -0.097182867222261271 0.0441717159716596 0.61968564984317009 -0.97613149157636292 -0.22827587199302352 0.52945499398081675 -0.0037629355330285274 -0.37159254072915487 0.19654141184037105
leaf_weight=154 2948 190 172 2716 274 354 304 235 603 40541 154 187
leaf_count=154 2948 190 172 2716 274 354 304 235 603 40541 154 187
internal_value=5.0294e-05 -0.196095 -0.365204 0.00359426 -0.0911196 -0.0127776 -0.499933 0.0114078 0.316779 0.00545203 -0.1329 0.0629145
internal_weight=48832 857 516 47975 3648 3070 578 44327 838 43489 344 341
internal_count=48832 857 516 47975 3648 3070 578 44327 838 43489 344 341
is_linear=0
shrinkage=0.03


Tree=57
num_leaves=15
num_cat=0
split_feature=167 32 99 121 103 124 45 35 30 28 40 146 30 40
split_gain=38178.3 62529.8 97595.3 82918.5 102076 90921.1 44644.7 111761 82886.2 49100.8 42644.4 56583.4 53953 40220.9
threshold=-0.83067736029624928 0.3211688250303269 0.0016541630029678347 72.810146331787124 19.754246711730961 -3.0406485795974727 -0.8253108263015746 -0.17627705633640287 1.1514999866485598 0.18348323553800586 1.6996363997459414 0.0010685056331567468 2.0004999637603764 2.034330010414124
decision_type=2 2 2 2 2 2 2 2 2 2 2 2 2 2
left_child=6 3 13 5 -5 -2 7 9 -9 -1 11 -8 -12 -3
right_child=1 2 -4 4 -6 -7 10 8 -10 -11 12 -13 -14 -15
leaf_value=-0.046336712551300924 0.19386523662942701 0.020610157495980292 0.65685458963711019 0.061528963646231935 0.82332491209054115 -0.099889831711060001 0.0051558011371679547 0.98276305760454785 0.25363234650994104 0.13450006918341731 -0.47317786167944426 0.30836004359802333 -0.054517307986622875 -0.37556949118677624
leaf_weight=2432 1007 16058 206 1388 169 14189 6943 183 557 3020 329 592 1535 224
leaf_count=2432 1007 16058 206 1388 169 14189 6943 183 557 3020 329 592 1535 224
internal_value=4.27395e-05 -0.0181234 0.0233459 -0.0589263 0.148942 -0.0803087 0.0387609 0.101236 0.444644 0.0538962 -0.002461 0.0293547 -0.130542 0.0149325
internal_weight=48832 33241 16488 16753 1557 15196 15591 6192 740 5452 9399 7535 1864 16282
internal_count=48832 33241 16488 16753 1557 15196 15591 6192 740 5452 9399 7535 1864 16282
is_linear=0
shrinkage=0.03


Tree=58
num_leaves=12
num_cat=0
split_feature=29 62 170 122 30 26 107 32 51 169 117
split_gain=37136.6 37907.7 65805.2 99792.7 59565.1 49606.6 65415.5 38397.4 32082.7 19018.9 16793.3
threshold=2.6819251775741582 0.87289169430732738 0.0035398049512878065 0.0058178687468171128 0.66250002384185802 0.0026244904147461061 0.053129021078348167 -0.19017786532640454 0.028792127035558227 71.350646972656264 0.0013550051371566953
decision_type=2 2 2 2 2 2 2 2 2 2 2
left_child=1 5 4 -4 -3 7 -7 -1 -2 10 -10
right_child=8 2 3 -5 -6 6 -8 -9 9 -11 -12
leaf_value=0.40225184362106425 0.55264744050190096 -0.34658873850872901 -0.3037289648844641 0.10049422217799736 -0.0052657524845023899 -0.16432996858289375 0.12114312955769742 -0.013522169273876273 0.37335168692773701 -0.13623468101521038 -0.012046616357354234
leaf_weight=193 173 459 1687 807 24419 803 6555 13126 235 202 173
leaf_count=193 173 459 1687 807 24419 803 6555 13126 235 202 173
internal_value=5.61441e-05 -0.0033038 -0.0264594 -0.173053 -0.0116999 0.0273473 0.0898079 -0.0072001 0.203681 0.097395 0.213557
internal_weight=48832 48049 27372 2494 24878 20677 7358 13319 783 610 408
internal_count=48832 48049 27372 2494 24878 20677 7358 13319 783 610 408
is_linear=0
shrinkage=0.03


Tree=59
num_leaves=9
num_cat=0
split_feature=154 106 155 63 29 170 39 107
split_gain=36828.1 44332.5 142158 145023 104543 70295.9 72344.7 64468.3
threshold=12.437215805053713 7.1062304973602304 0.11715849116444589 1.1478602886199953 -0.18627272546291349 0.0033803667174652223 -0.40949457883834833 0.072794560343027129
decision_type=2 2 2 2 2 2 2 2
left_child=1 5 4 -4 -3 6 -1 -7
right_child=-2 2 3 -5 -6 7 -8 -9
leaf_value=0.0021546355578318513 -0.40417866025322879 1.0986902109146117 0.12626673807352781 -0.94138050254642591 0.2444104520189628 -0.31642315413712202 0.24947597158906445 -0.049052016704530257
leaf_weight=42203 192 165 390 151 524 1102 1082 3023
leaf_count=42203 192 165 390 151 524 1102 1082 3023
internal_value=5.79499e-05 0.00173637 0.178815 -0.183404 0.461783 -0.00289447 0.00839315 -0.121073
internal_weight=48832 48640 1230 541 689 47410 43285 4125
internal_count=48832 48640 1230 541 689 47410 43285 4125
is_linear=0
shrinkage=0.03


Tree=60
num_leaves=9
num_cat=0
split_feature=90 170 169 26 169 3 2 4
split_gain=36326.7 43233 146317 78332.9 164138 57879.1 9353.36 15220.7
threshold=-0.073582250624895082 0.0059966146945953378 49.169349670410163 0.0055435982067137965 67.917865753173842 0.0013685882440768184 0.00065251888008788239 0.0052622428629547366
decision_type=2 2 2 2 2 2 2 2
left_child=6 3 -3 5 -5 -2 -1 -8
right_child=1 2 -4 4 -6 -7 7 -9
leaf_value=0.068999746071145632 0.0019990845111022009 0.23285367620525074 -0.96198555734805291 0.8061960009177741 -0.36936967842853985 -0.18117359582791434 0.51639472766000716 0.1383390115936938
leaf_weight=230 45807 191 163 289 159 1597 173 223
leaf_count=230 45807 191 163 289 159 1597 173 223
internal_value=5.62726e-05 -0.0029149 -0.328626 -0.00043719 0.39002 -0.00420876 0.225304 0.312151
internal_weight=48832 48206 354 47852 448 47404 626 396
internal_count=48832 48206 354 47852 448 47404 626 396
is_linear=0
shrinkage=0.03


Tree=61
num_leaves=9
num_cat=0
split_feature=56 14 106 154 88 59 56 123
split_gain=37173.5 44578.2 44763.8 61603.2 43053.5 36804.1 36419.4 9054.51
threshold=-168.22814941406247 0.49060600996017462 9.9927392005920428 10.27739191055298 0.21873376518487933 0.098879110068082823 -60.169696807861321 -0.22238489240407941
decision_type=2 2 2 2 2 2 2 2
left_child=-1 4 3 -3 7 -4 -6 -2
right_child=1 2 5 -5 6 -7 -8 -9
leaf_value=-0.40506569562287165 0.04303668047096508 -0.004594123962199605 0.61552805485066608 -0.46680387168780141 0.58478799367871359 0.0083677178658339187 0.15486562046106669 -0.19468020421696136
leaf_weight=193 249 45776 180 251 194 171 1495 323
leaf_count=193 249 45776 180 251 194 171 1495 323
internal_value=5.61337e-05 0.00174659 -0.00460717 -0.00721555 0.131522 0.328158 0.207398 -0.0922371
internal_weight=48832 48639 46378 46027 2261 351 1689 572
internal_count=48832 48639 46378 46027 2261 351 1689 572
is_linear=0
shrinkage=0.03


Tree=62
num_leaves=15
num_cat=0
split_feature=167 32 99 121 103 124 74 76 93 146 153 155 88 135
split_gain=36017.7 58867.1 112970 76322.5 96119.4 85280.1 60514.4 43755.9 53141.3 54035 40057.7 52239.9 38600.6 35405.7
threshold=-0.83067736029624928 0.32547727227211004 0.0016541630029678347 72.810146331787124 19.754246711730961 -3.0406485795974727 0.32949884235858923 -0.48803688585758204 -0.66746801137924183 0.0011587530025281014 0.005157679785043002 0.16433466970920566 1.9415152072906496 -0.59321856498718251
decision_type=2 2 2 2 2 2 2 2 2 2 2 2 2 2
left_child=7 3 6 5 -5 -2 -3 8 9 -1 12 -12 -9 -10
right_child=1 2 -4 4 -6 -7 -8 10 13 -11 11 -13 -14 -15
leaf_value=0.14223126103372374 0.18658028953119504 0.040298417844421223 0.71930770827376322 0.057690663437404838 0.79674856250262782 -0.096304535836281374 -0.11370087434298973 -0.025712474363378507 0.043869614536217835 0.58328519888304087 0.14245483157160485 -0.16860710370320262 -0.30122310444847289 -0.26596727928757902
leaf_weight=3201 1019 13427 197 1393 169 14276 2760 5689 2438 263 2547 591 488 374
leaf_count=3201 1019 13427 197 1393 169 14276 2760 5689 2438 263 2547 591 488 374
internal_value=5.65105e-05 -0.0175881 0.0229008 -0.0569311 0.142212 -0.0773483 0.0139864 0.0376631 0.0988232 0.1773 -0.0036054 0.083521 -0.0479303 0.00186442
internal_weight=48832 33241 16384 16857 1562 15295 16187 15591 6276 3464 9315 3138 6177 2812
internal_count=48832 33241 16384 16857 1562 15295 16187 15591 6276 3464 9315 3138 6177 2812
is_linear=0
shrinkage=0.03


Tree=63
num_leaves=9
num_cat=0
split_feature=56 14 29 69 98 106 121 40
split_gain=35738.8 41772.9 42855.8 54617.1 40918.6 40677.8 25658.1 18519.5
threshold=-168.22814941406247 0.49060600996017462 2.6097499132156377 0.05535752326250077 0.00082721412763930868 8.3250026702880877 35.032073974609382 0.21873376518487933
decision_type=2 2 2 2 2 2 2 2
left_child=-1 4 5 -4 7 -3 -6 -2
right_child=1 2 3 -5 6 -7 -8 -9
leaf_value=-0.39716162949360062 -0.11062684019409261 -0.012831011711147726 0.42651263336320555 0.016018833129754606 0.6624592613732373 0.21542199831706385 0.21458702833012883 0.11133434507471682
leaf_weight=193 463 44434 455 785 152 704 462 1184
leaf_count=193 463 44434 455 785 152 704 462 1184
internal_value=6.55081e-05 0.00172302 -0.00442759 0.168851 0.127349 -0.00922411 0.3343 0.0486462
internal_weight=48832 48639 46378 1240 2261 45138 614 1647
internal_count=48832 48639 46378 1240 2261 45138 614 1647
is_linear=0
shrinkage=0.03


Tree=64
num_leaves=9
num_cat=0
split_feature=169 122 37 83 26 87 87 34
split_gain=35695.9 141460 102243 110784 127563 71571.4 95325.9 79283.1
threshold=70.254688262939467 0.0062174117192626008 1.07574999332428 0.39852271974086767 0.0055435982067137965 -1.2921538352966306 -1.371864318847656 2.5849999189376835
decision_type=2 2 2 2 2 2 2 2
left_child=2 5 3 4 -1 6 -2 -7
right_child=1 -3 -4 -5 -6 7 -8 -9
leaf_value=0.0056144628468108547 -0.087325795794972141 -0.9105461750726479 0.56133086556116996 -0.56703835077144427 0.56741606974471814 0.057873274864482287 -0.59820027201335035 -0.49402692726039654
leaf_weight=41080 1791 163 291 291 357 4227 394 238
leaf_count=41080 1791 163 291 291 357 4227 394 238
internal_value=7.04569e-05 -0.0635763 0.0104029 0.00642727 0.0105904 -0.0414799 -0.181752 0.0274168
internal_weight=48832 6813 42019 41728 41437 6650 2185 4465
internal_count=48832 6813 42019 41728 41437 6650 2185 4465
is_linear=0
shrinkage=0.03


Tree=65
num_leaves=15
num_cat=0
split_feature=90 3 84 74 37 99 76 172 29 152 146 152 155 3
split_gain=35621.1 54542.9 148632 118885 105335 65833.6 68422.1 60775.9 41159 35285.5 10337 9007.18 12126.8 5208.4
threshold=0.02716577518731356 0.0008283515926450492 0.9715000092983247 0.10528564453125001 0.072000000625848784 0.00084766844520345341 -3.6216959953308101 0.2982370406389237 1.2137954831123354 41.32153511047364 0.00051474719657562684 -19.44191741943359 0.098185271024703993 0.00066203475580550741
decision_type=2 2 2 2 2 2 2 2 2 2 2 2 2 2
left_child=1 5 3 -3 -4 7 -7 -1 9 10 -2 13 -13 -10
right_child=8 2 4 -5 -6 6 -8 -9 11 -11 -12 12 -14 -15
leaf_value=0.046165482823710115 -0.048864824626825551 -0.21194326061436106 0.18414615857559163 0.6060725595125307 -0.021705672156718585 0.40022813376132399 -0.11591959541521665 -0.044741718648235042 0.014112322129015075 -0.66788081150956269 -0.26941653571811158 -0.16295863547614856 0.042496933476223013 0.23490520400958584
leaf_weight=15287 329 200 2979 710 8888 230 6532 11657 218 154 465 488 531 164
leaf_count=15287 329 200 2979 710 8888 230 6532 11657 218 154 465 488 531 164
internal_value=5.93454e-05 0.0058297 0.0585861 0.425939 0.0300813 -0.0141802 -0.0977985 0.00683356 -0.113668 -0.265209 -0.179774 -0.00997268 -0.0565234 0.112477
internal_weight=48832 46483 12777 910 11867 33706 6762 26944 2349 948 794 1401 1019 382
internal_count=48832 46483 12777 910 11867 33706 6762 26944 2349 948 794 1401 1019 382
is_linear=0
shrinkage=0.03


Tree=66
num_leaves=16
num_cat=0
split_feature=32 36 94 34 3 36 107 39 44 155 99 44 26 3 68
split_gain=35321.3 55646.4 65811.7 52675.7 45305.1 148455 116208 100902 75500.9 95160.3 43034.7 30952.3 30471.6 22213.7 18618.6
threshold=0.7677569091320039 2.2029999494552617 1.0000000180025095e-35 0.49500000476837164 0.0008283515926450492 0.9715000092983247 0.061026461422443397 -0.41381818056106562 -0.05451125651597976 0.057217821478843696 0.00092212259187363099 0.054511256515979774 0.0020939324749633674 0.00065132777672261011 48.708690643310554
decision_type=2 2 2 2 2 2 2 2 2 2 2 2 2 2 2
left_child=4 2 14 11 8 7 -7 -6 9 -1 -5 -3 -10 -4 -2
right_child=1 3 13 10 5 6 -8 -9 12 -11 -12 -13 -14 -15 -16
leaf_value=0.14292184838909577 0.36216300591803585 0.15849509468884029 0.24532974037290439 -0.041981377537498005 0.52618044721503998 -0.18596955651445349 0.050857191960426325 -0.30500589698553082 -0.016731607018281931 -0.11038970305772319 -0.47901170950649041 0.0070101496224455407 0.07585985512726634 -0.18016355482671334 0.86544673891155266
leaf_weight=1489 153 2626 244 2172 802 2287 9899 150 8995 12258 214 2252 4952 186 153
leaf_count=1489 153 2626 244 2172 802 2287 9899 150 8995 12258 214 2252 4952 186 153
internal_value=5.74711e-05 0.0576592 0.304426 0.0322722 -0.0112395 0.0346235 0.00629484 0.393407 -0.0330015 -0.0828684 -0.0830142 0.0887173 0.0161746 0.0613675 0.633229
internal_weight=48832 8000 736 7264 40832 13138 12186 952 27694 13747 2386 4878 13947 430 306
internal_count=48832 8000 736 7264 40832 13138 12186 952 27694 13747 2386 4878 13947 430 306
is_linear=0
shrinkage=0.03


Tree=67
num_leaves=7
num_cat=0
split_feature=130 83 90 170 3 2
split_gain=35278.9 34701.8 35197.5 43126.4 22930.9 8595.23
threshold=-0.94499999284744252 -2.7434090375900264 -0.073582250624895082 0.0059966146945953378 0.0005304823280312122 0.00065251888008788239
decision_type=2 2 2 2 2 2
left_child=-1 4 5 -4 -2 -3
right_child=1 2 3 -5 -6 -7
leaf_value=0.37738555704016941 0.47568981288770829 0.067715564769692718 -0.0045150068242493339 -0.33231753302860884 0.036798853259875412 0.3009049417350092
leaf_weight=212 215 230 47217 354 208 396
leaf_count=212 215 230 47217 354 208 396
internal_value=6.25954e-05 -0.00165993 -0.00406113 -0.00702368 0.26571 0.21764
internal_weight=48832 48620 48197 47571 423 626
internal_count=48832 48620 48197 47571 423 626
is_linear=0
shrinkage=0.03


Tree=68
num_leaves=13
num_cat=0
split_feature=63 74 34 122 33 3 88 90 9 41 92 74
split_gain=34239.3 143962 108093 97534.5 51324.6 49234 116369 90091.7 77867.9 60885.3 89777.8 61350.9
threshold=1.180591940879822 0.42466953396797186 1.9249999523162844 0.0039580166339874276 1.328999996185303 0.0008283515926450492 -0.39463095366954798 0.016925465781241659 0.0028702864656224851 -1.689500033855438 -0.05451125651597976 0.33987426757812506
decision_type=2 2 2 2 2 2 2 2 2 2 2 2
left_child=5 2 3 -2 -4 9 8 -8 -7 11 -11 -1
right_child=1 -3 4 -5 -6 6 7 -9 -10 10 -12 -13
leaf_value=0.026178021986436577 -0.2092047982144615 -0.77623548128973996 -0.40783912627074814 0.43916258579421213 -0.0074337351133884942 0.10398912581851927 0.065174890197206709 -0.2692600315168921 0.99149780664195852 -0.18597483263030895 0.013711221511041784 -0.11468244498471095
leaf_weight=23696 312 251 606 593 542 167 10470 769 187 3964 4132 3143
leaf_count=23696 312 251 606 593 542 167 10470 769 187 3964 4132 3143
internal_value=6.63788e-05 -0.112566 -0.0280568 0.215794 -0.220494 0.00566678 0.0592097 0.042073 0.587173 -0.012113 -0.0841688 0.00964589
internal_weight=48832 2304 2053 905 1148 46528 11593 11239 354 34935 8096 26839
internal_count=48832 2304 2053 905 1148 46528 11593 11239 354 34935 8096 26839
is_linear=0
shrinkage=0.03


Tree=69
num_leaves=8
num_cat=0
split_feature=56 25 2 130 130 39 38
split_gain=34060.5 40355.5 86288.5 38338.9 93033.7 91866.6 35887.9
threshold=-168.22814941406247 82.69675445556642 0.0011449932935647669 2.6350001096725468 2.4650000333786015 -0.99384397268295277 -0.097619049251079545
decision_type=2 2 2 2 2 2 2
left_child=-1 3 6 4 -2 -5 -3
right_child=1 2 -4 5 -6 -7 -8
leaf_value=-0.38772595215882422 -0.0057417075293782534 -0.045327146141835958 0.66324041066550277 0.31149088675274123 0.20586010836601895 -0.18353664088206145 0.32338853996047484
leaf_weight=193 42528 899 241 385 1946 2328 312
leaf_count=193 42528 899 241 385 1946 2328 312
internal_value=6.23553e-05 0.00168049 0.15691 -0.00312834 0.00356132 -0.112402 0.0515387
internal_weight=48832 48639 1452 47187 44474 2713 1211
internal_count=48832 48639 1452 47187 44474 2713 1211
is_linear=0
shrinkage=0.03


Tree=70
num_leaves=8
num_cat=0
split_feature=170 169 170 169 170 81 122
split_gain=34032.3 125962 55795.7 139019 47207.6 93956.2 55710.4
threshold=0.0059966146945953378 49.169349670410163 0.0052132138516753921 49.169349670410163 0.0035398049512878065 1.2084999680519106 0.0041745346970856198
decision_type=2 2 2 2 2 2 2
left_child=2 -2 4 -4 6 -6 -1
right_child=1 -3 3 -5 5 -7 -8
leaf_value=-0.0014041685832098163 0.23533215599647467 -0.84558244590098797 1.0202074655727906 -0.12998070713903934 -0.28283951596568674 0.026974869634172085 0.12932224445281509
leaf_weight=41351 197 175 155 217 1525 2064 3148
leaf_count=41351 197 175 155 217 1525 2064 3148
internal_value=6.58996e-05 -0.281987 0.00228879 0.363426 -0.000579877 -0.105088 0.00787081
internal_weight=48832 372 48460 372 48088 3589 44499
internal_count=48832 372 48460 372 48088 3589 44499
is_linear=0
shrinkage=0.03


Tree=71
num_leaves=8
num_cat=0
split_feature=178 32 38 122 155 40 74
split_gain=33379.3 33163.9 54937.2 52192.2 72946.6 55453.6 45105.5
threshold=-0.94499999284744252 0.7677569091320039 -0.7773684263229369 0.0024213833967223768 0.05661571957170964 2.5391653776168828 0.32428632676601415
decision_type=2 2 2 2 2 2 2
left_child=-1 3 6 4 -2 -5 -3
right_child=1 2 -4 5 -6 -7 -8
leaf_value=0.36708872662202729 0.16343080197745544 0.080184851815145869 0.47335771442884028 0.003299622065680611 -0.090298511539146697 0.30880615284355412 -0.089219994563586869
leaf_weight=212 1119 5866 262 28380 10604 535 1854
leaf_count=212 1119 5866 262 28380 10604 535 1854
internal_value=6.48563e-05 -0.00161065 0.0542559 -0.0125945 -0.0659605 0.00905707 0.0394386
internal_weight=48832 48620 7982 40638 11723 28915 7720
internal_count=48832 48620 7982 40638 11723 28915 7720
is_linear=0
shrinkage=0.03


Tree=72
num_leaves=15
num_cat=0
split_feature=167 36 35 40 34 34 44 76 45 89 107 89 32 87
split_gain=33746.7 55120.7 153280 90505.2 69587.9 85002.9 62332.2 41114.5 49487.8 40871.4 38333.6 48074.4 39574.3 32891.6
threshold=-0.83067736029624928 2.3934999704360966 -0.41125001013278956 2.034330010414124 2.6650000810623173 2.4650000333786015 1.0000000180025095e-35 -0.48803688585758204 -0.66746801137924183 -2.2580000162124629 0.13191886246204379 -1.0594999790191648 -0.19859649240970609 -0.59321856498718251
decision_type=2 2 2 2 2 2 2 2 2 2 2 2 2 2
left_child=7 4 3 -3 5 -2 -6 8 9 -1 12 -12 -9 -10
right_child=1 2 -4 -5 6 -7 -8 10 13 -11 11 -13 -14 -15
leaf_value=0.0360452965635241 -0.0492257273508791 0.033457614667339555 0.8248901598497268 -0.59685689978265877 -0.47254734733501752 0.18345358922157259 -0.014990081221925165 0.3514857448893704 0.042674660727954651 0.24985645121465325 0.055228860636869499 0.54514570909139415 -0.057024211055387741 -0.25595936343393988
leaf_weight=1275 19438 10795 208 199 619 1514 468 211 2438 2189 2604 184 6316 374
leaf_count=1275 19438 10795 208 199 619 1514 468 211 2438 2189 2604 184 6316 374
internal_value=7.03839e-05 -0.0170089 0.0371559 0.0215164 -0.0445443 -0.0323327 -0.277482 0.0364721 0.0957575 0.171489 -0.0035314 0.0893947 -0.0433007 0.00218964
internal_weight=48832 33241 11202 10994 22039 20952 1087 15591 6276 3464 9315 2788 6527 2812
internal_count=48832 33241 11202 10994 22039 20952 1087 15591 6276 3464 9315 2788 6527 2812
is_linear=0
shrinkage=0.03


Tree=73
num_leaves=9
num_cat=0
split_feature=169 122 37 35 35 87 145 34
split_gain=33364.8 129711 93100.4 105329 74686.2 67567.1 92802.8 74815.6
threshold=70.254688262939467 0.0062174117192626008 1.07574999332428 0.39852271974086767 0.19169047474861148 -1.2921538352966306 0.0011491279001347723 2.5849999189376835
decision_type=2 2 2 2 2 2 2 2
left_child=2 5 3 4 -1 6 -2 -7
right_child=1 -3 -4 -5 -6 7 -8 -9
leaf_value=0.0039566302156287189 -0.11907624325837776 -0.8724951626834152 0.53578246463077805 -0.55289820968114656 0.26488486294726665 0.056227488318004955 -0.84615039411672333 -0.47989773822167225
leaf_weight=40435 2023 163 291 291 1002 4227 162 238
leaf_count=40435 2023 163 291 291 1002 4227 162 238
internal_value=7.36507e-05 -0.0614598 0.010063 0.00626928 0.0103286 -0.0403001 -0.176592 0.0266416
internal_weight=48832 6813 42019 41728 41437 6650 2185 4465
internal_count=48832 6813 42019 41728 41437 6650 2185 4465
is_linear=0
shrinkage=0.03


Tree=74
num_leaves=9
num_cat=0
split_feature=154 151 135 33 41 165 40 103
split_gain=33828.3 43406.1 51250.9 153200 54135.4 38194.2 66421 21639.1
threshold=12.437215805053713 -43.269903182983391 -0.2818454504013061 1.1839999556541445 -0.94850000739097584 0.0015771176549606027 1.6996363997459414 36.702156066894538
decision_type=2 2 2 2 2 2 2 2
left_child=1 5 4 -4 -3 7 -7 -1
right_child=-2 2 3 -5 -6 6 -8 -9
leaf_value=0.12253823731129414 -0.38736432275264571 -0.0047106255581290963 -0.42705131133426638 0.40895516881589078 0.15925127176133064 0.58127844206677581 -0.036499346358196107 -0.30194929967994338
leaf_weight=311 192 44644 755 257 1879 382 259 153
leaf_count=311 192 44644 755 257 1879 382 259 153
internal_value=5.90972e-05 0.00166771 -0.0026717 -0.212821 0.00194437 0.18669 0.334935 -0.0208501
internal_weight=48832 48640 47535 1012 46523 1105 641 464
internal_count=48832 48640 47535 1012 46523 1105 641 464
is_linear=0
shrinkage=0.03


Tree=75
num_leaves=11
num_cat=0
split_feature=18 181 3 151 26 169 3 131 3 29
split_gain=33518.7 44266 45850.6 34911.1 62620.5 107211 62900.4 51402.2 133785 87366.1
threshold=0.018255018629133705 -0.20484999567270276 0.00083424546755850326 12.40570116043091 0.0037933929124847059 67.330314636230483 0.00084047814016230415 -0.18666996061801908 0.0014416992780752482 0.34051191806793218
decision_type=2 2 2 2 2 2 2 2 2 2
left_child=1 2 -1 7 6 -6 -5 9 -9 -2
right_child=3 -3 -4 4 5 -7 -8 8 -10 -11
leaf_value=0.096007918885646804 -0.2118129321827133 -0.1181373055157888 0.7629474859692893 -0.067760315323424997 -0.09035796107249236 -0.64923855014596921 0.12716727106257675 0.18495619899569263 -0.30059901719869569 0.00901271788871808
leaf_weight=196 1685 211 172 5676 1425 386 2009 3381 592 33099
leaf_count=196 1685 211 172 5676 1425 386 2009 3381 592 33099
internal_value=5.80274e-05 0.225001 0.419667 -0.00268718 -0.0542075 -0.21239 -0.0167036 0.00994673 0.112033 -0.00174228
internal_weight=48832 579 368 48253 9496 1811 7685 38757 3973 34784
internal_count=48832 579 368 48253 9496 1811 7685 38757 3973 34784
is_linear=0
shrinkage=0.03


Tree=76
num_leaves=10
num_cat=0
split_feature=63 74 26 146 40 26 18 40 77
split_gain=33030.5 136087 169713 124385 62751.9 50474.5 85820.9 44469.3 50501.3
threshold=1.1923583745956423 0.38521385192871099 0.0053451871499419221 0.0014726400258950891 1.8334318399429324 0.0055435982067137965 0.054044190794229514 2.5391653776168828 -0.33292856812477106
decision_type=2 2 2 2 2 2 2 2 2
left_child=5 2 4 -3 -2 7 -7 8 -1
right_child=1 3 -4 -5 -6 6 -8 -9 -10
leaf_value=-0.39698216940921088 -0.37755527073116796 -0.18081809302502208 0.74245419687749936 -1.2444372582217542 0.029835245868856768 0.8051530682834539 -0.095622782635329348 0.4195204387680021 0.0029067709773286732
leaf_weight=276 520 260 231 154 947 178 189 219 45858
leaf_count=276 520 260 231 154 947 178 189 219 45858
internal_value=5.47029e-05 -0.115706 0.00432055 -0.596483 -0.116149 0.00531138 0.351034 0.002499 0.000428894
internal_weight=48832 2112 1698 414 1467 46720 367 46353 46134
internal_count=48832 2112 1698 414 1467 46720 367 46353 46134
is_linear=0
shrinkage=0.03


Tree=77
num_leaves=14
num_cat=0
split_feature=90 3 30 39 85 99 170 172 2 152 16 98 99
split_gain=31919.3 43695.9 128471 100344 96688.2 60798.5 66261.6 57456.1 42083.8 28601.9 15711.7 9620.1 15303.1
threshold=0.02716577518731356 0.0008283515926450492 0.9715000092983247 -0.41381818056106562 0.072000000625848784 0.00084766844520345341 0.002943749888800085 0.2982370406389237 0.0010726243490353229 26.022456169128422 0.20019867271184924 0.0010549873113632204 0.00090791482944041501
decision_type=2 2 2 2 2 2 2 2 2 2 2 2 2
left_child=1 5 3 -3 -4 7 -7 -1 11 10 -10 12 -2
right_child=8 2 4 -5 -6 6 -8 -9 9 -11 -12 -13 -14
leaf_value=0.046039489716849735 -0.021102377789670387 0.53327855240350419 0.1738410377604781 -0.29938475306332107 -0.023379494887327455 -0.040026097305901218 -0.26005772952626954 -0.042350149304644279 -0.36574611235062537 -0.67209150889090119 0.036952770869415924 0.17454342139205511 -0.25925735474393075
leaf_weight=15287 1408 760 2979 150 8888 5151 1611 11657 183 158 156 160 284
leaf_count=15287 1408 760 2979 150 8888 5151 1611 11657 183 158 156 160 284
internal_value=5.12467e-05 0.00551355 0.0527335 0.394264 0.0262339 -0.0123965 -0.0927537 0.00779724 -0.107604 -0.349835 -0.184684 -0.0410701 -0.0623648
internal_weight=48832 46483 12777 910 11867 33706 6762 26944 2349 497 339 1852 1692
internal_count=48832 46483 12777 910 11867 33706 6762 26944 2349 497 339 1852 1692
is_linear=0
shrinkage=0.03


Tree=78
num_leaves=10
num_cat=0
split_feature=29 153 155 31 26 59 35 26 7
split_gain=31931.8 33262.6 74988.3 162975 146352 61801 58679.2 47285.2 27137.9
threshold=2.7434090375900273 0.0045695242006331691 0.14096316695213321 -0.73655000329017628 0.004104277817532421 0.16537607461214068 -1.3835714459419248 0.00418001413345337 -2.6917085647583003
decision_type=2 2 2 2 2 2 2 2 2
left_child=1 5 3 -3 -4 6 -1 -7 -2
right_child=8 2 4 -5 -6 7 -8 -9 -10
leaf_value=-0.012627951612819982 -0.0090933689137570328 0.49796699434987624 -0.0038048278411839543 0.040559784726499987 -0.43472397411237573 0.086520824008754327 -0.11702614538993193 -0.39705510916217923 0.46851479563537474
leaf_weight=15554 192 729 5341 13721 808 5047 7030 179 231
leaf_count=15554 192 729 5341 13721 808 5047 7030 179 231
internal_value=4.34516e-05 -0.00225021 0.0266369 0.0639643 -0.061043 -0.0236489 -0.0451627 0.0692308 0.256525
internal_weight=48832 48409 20599 14450 6149 27810 22584 5226 423
internal_count=48832 48409 20599 14450 6149 27810 22584 5226 423
is_linear=0
shrinkage=0.03


Tree=79
num_leaves=8
num_cat=0
split_feature=34 62 170 122 122 63 147
split_gain=31629.2 32115.2 60848.1 76215.5 47335.7 45533.9 30139.1
threshold=-0.94499999284744252 0.87289169430732738 0.0059966146945953378 0.0067178437020629653 0.0038337409496307377 1.0951853394508364 0.00071504712104797374
decision_type=2 2 2 2 2 2 2
left_child=-1 4 3 -3 6 -6 -2
right_child=1 2 -4 -5 5 -7 -8
leaf_value=0.35731544088068845 0.022116783148696705 -0.024490421879774925 -0.51522201045682381 0.41431063543272478 0.17749366692909677 -0.04604942742872082 -0.085257576490040732
leaf_weight=212 13941 27151 214 351 3024 1119 2820
leaf_count=212 13941 27151 214 351 3024 1119 2820
internal_value=4.28805e-05 -0.00158811 -0.0227594 -0.0187416 0.0264798 0.11715 0.00401123
internal_weight=48832 48620 27716 27502 20904 4143 16761
internal_count=48832 48620 27716 27502 20904 4143 16761
is_linear=0
shrinkage=0.03


Tree=80
num_leaves=6
num_cat=0
split_feature=147 170 106 155 170
split_gain=31935.2 113327 40797.1 80029.3 53992.4
threshold=0.0018653671140782537 0.0059966146945953378 7.1062304973602304 0.11782353743910791 0.0033803667174652223
decision_type=2 2 2 2 2
left_child=1 2 4 -4 -1
right_child=-2 -3 3 -5 -6
leaf_value=0.0072644309332451163 0.37740968704223632 -0.66013416359439869 0.39251026028578123 -0.13218441516738003 -0.10758823940179742
leaf_weight=43327 191 224 645 429 4016
leaf_count=43327 191 224 645 429 4016
internal_value=4.34382e-05 -0.00151565 0.00166712 0.18364 -0.00249893
internal_weight=48832 48641 48417 1074 47343
internal_count=48832 48641 48417 1074 47343
is_linear=0
shrinkage=0.03


Tree=81
num_leaves=14
num_cat=0
split_feature=32 30 127 34 146 86 34 32 122 172 37 46 44
split_gain=31110.3 52744.1 64148.4 49921.6 52690.5 47278.4 84978.4 76381.3 158187 68551.2 49797.6 35658.7 29030.1
threshold=0.7677569091320039 2.2029999494552617 0.34665000438690191 0.49500000476837164 0.00087998807430267345 -0.65333333611488331 1.5549999475479128 0.52973681688308727 0.0043603437952697286 -1.40213006734848 -1.4235000014305113 1.0000000180025095e-35 -0.032717135734856122
decision_type=2 2 2 2 2 2 2 2 2 2 2 2 2
left_child=5 2 11 12 -5 6 10 9 -9 -7 -1 -2 -3
right_child=1 3 -4 4 -6 7 -8 8 -10 -11 -12 -13 -14
leaf_value=0.074887829293371261 0.41013844941413174 0.1562937060836618 0.82773906048713253 -0.043880295111930402 -0.59363813102245333 0.06838198757977762 0.5783937793919256 0.068655707049831871 0.77500378510823431 -0.038849184189427684 -0.16515097323876138 -0.056341945399244912 0.010009605332162023
leaf_weight=961 250 2473 150 2227 159 6875 153 4278 296 24307 3962 336 2405
leaf_count=961 250 2473 150 2227 159 6875 153 4278 296 24307 3962 336 2405
internal_value=4.13813e-05 0.0541005 0.294343 0.0293876 -0.0828402 -0.0105608 -0.0961434 0.00161218 0.115957 -0.0151925 -0.118237 0.146211 0.0843393
internal_weight=48832 8000 736 7264 2386 40832 5076 35756 4574 31182 4923 586 4878
internal_count=48832 8000 736 7264 2386 40832 5076 35756 4574 31182 4923 586 4878
is_linear=0
shrinkage=0.03


Tree=82
num_leaves=8
num_cat=0
split_feature=56 38 36 36 106 170 59
split_gain=31173 38164.4 142649 57697.3 46688.9 73258.9 23130.2
threshold=-168.22814941406247 0.24704545736312869 0.9715000092983247 1.2465000152587893 9.9927392005920428 0.0059966146945953378 0.097371451556682601
decision_type=2 2 2 2 2 2 2
left_child=-1 4 -3 -4 5 -2 -6
right_child=1 2 3 -5 6 -7 -8
leaf_value=-0.37093387267075184 -0.0030370157286150729 0.87516267832280337 -0.42817886097707608 0.12342651348771624 0.61367520460060665 -0.61280756316493068 0.088933460421860205
leaf_weight=193 46809 201 197 963 151 168 150
leaf_count=193 46809 201 197 963 151 168 150
internal_value=5.28643e-05 0.00160089 0.157637 0.0268897 -0.00292334 -0.00534764 0.363444
internal_weight=48832 48639 1361 1160 47278 46977 301
internal_count=48832 48639 1361 1160 47278 46977 301
is_linear=0
shrinkage=0.03


Tree=83
num_leaves=6
num_cat=0
split_feature=147 170 26 172 3
split_gain=31213.4 103732 50640.8 91713 52999.6
threshold=0.0018653671140782537 0.0059966146945953378 0.0055435982067137965 1.2000942826271059 0.0013685882440768184
decision_type=2 2 2 2 2
left_child=1 2 4 -4 -1
right_child=-2 -3 3 -5 -6
leaf_value=0.004571426187404362 0.37313017310491248 -0.63160779541549394 0.71171279887470307 -0.14645316132410202 -0.16780103442388497
leaf_weight=46328 191 224 234 202 1653
leaf_count=46328 191 224 234 202 1653
internal_value=5.30367e-05 -0.00148833 0.00155672 0.319753 -0.00140073
internal_weight=48832 48641 48417 436 47981
internal_count=48832 48641 48417 436 47981
is_linear=0
shrinkage=0.03


Tree=84
num_leaves=10
num_cat=0
split_feature=36 26 47 25 36 73 26 169 155
split_gain=30937.9 39647.9 41285.6 36018.4 62660.3 41474.2 43639.9 33208.6 20281.4
threshold=0.66250002384185802 0.0020125125302001838 1.0000000180025095e-35 90.584167480468764 2.2875000238418584 11.015457153320314 0.0021231174468994145 70.254688262939467 0.12958073616027835
decision_type=2 2 2 2 2 2 2 2 2
left_child=1 8 -3 5 -5 6 -2 -7 -1
right_child=3 2 -4 4 -6 7 -8 -9 -10
leaf_value=-0.61769725099835981 0.061958919262513519 0.27222878793239591 -0.25685601986128531 0.73851136879229839 -0.041176242684035018 0.013568437261098918 -0.60833067587028966 -0.058622901175479795 -0.14562346538342535
leaf_weight=194 150 240 273 153 213 40597 194 6668 150
leaf_count=194 150 240 273 153 213 40597 194 6668 150
internal_value=5.23273e-05 -0.177558 -0.00885862 0.00326141 0.295732 0.00095138 -0.322559 0.00337366 -0.42178
internal_weight=48832 857 513 47975 366 47609 344 47265 344
internal_count=48832 857 513 47975 366 47609 344 47265 344
is_linear=0
shrinkage=0.03


Tree=85
num_leaves=13
num_cat=0
split_feature=156 172 49 73 37 3 92 170 26 32 170 38
split_gain=31335.9 61351.9 52765.4 55812.2 52546.1 50621.2 47524.6 46062.2 56175.2 60248 43876.6 33866.9
threshold=0.5241898000240327 -1.40213006734848 0.063666660338640227 47.289348602294929 0.39585000276565557 0.0013685882440768184 -0.2693240344524383 0.0059966146945953378 0.0055435982067137965 -0.10835497826337813 0.003584980964660645 -0.31791125237941736
decision_type=2 2 2 2 2 2 2 2 2 2 2 2
left_child=7 4 5 -4 10 -3 -6 8 11 -10 -2 -1
right_child=1 2 3 -5 6 -7 -8 -9 9 -11 -12 -13
leaf_value=0.046562724743962045 0.04734192108418362 -0.012327667840012059 -0.28080624972909374 -0.053775895280831765 0.61151166825704273 -0.5095105106111556 0.082066043747841808 -0.38179875133120417 -0.023401009559631345 0.78411438426777214 -0.35112259005106039 -0.014775452140651504
leaf_weight=16185 3450 7453 1825 2091 265 179 351 249 155 168 258 16203
leaf_count=16185 3450 7453 1825 2091 265 179 351 249 155 168 258 16203
internal_value=4.68139e-05 -0.0345717 -0.070649 -0.160026 0.0617198 -0.02464 0.315961 0.0167229 0.0198723 0.407541 0.0187472 0.0158815
internal_weight=48832 15872 11548 3916 4324 7632 616 32960 32711 323 3708 32388
internal_count=48832 15872 11548 3916 4324 7632 616 32960 32711 323 3708 32388
is_linear=0
shrinkage=0.03


Tree=86
num_leaves=10
num_cat=0
split_feature=90 111 168 98 155 121 73 106 121
split_gain=31176.7 34186 88957.5 47394.1 87115.1 44559.9 37692.2 11899.5 6909.09
threshold=-0.089546065777540193 2.0299847126007085 0.0023735426366329197 0.001946881413459778 0.11586895212531091 71.664489746093764 11.015457153320314 4.4485604763031015 56.535043716430671
decision_type=2 2 2 2 2 2 2 2 2
left_child=7 3 5 6 -5 -3 -2 8 -1
right_child=1 2 -4 4 -6 -7 -8 -9 -10
leaf_value=0.2518720522715765 -0.30843813987792207 -0.1341820802609367 -0.81409721969401239 0.57456360701524034 -0.10959736554333882 0.40206532829475622 0.00058262587394126758 0.42654608067004912 -0.021969793364846495
leaf_weight=160 348 999 151 345 312 152 46030 176 159
leaf_count=160 348 999 151 345 312 152 46030 176 159
internal_value=4.50659e-05 -0.00240432 -0.153449 0.00180854 0.252893 -0.0605126 -0.00180212 0.23454 0.118861
internal_weight=48832 48337 1302 47035 657 1151 46378 495 319
internal_count=48832 48337 1302 47035 657 1151 46378 495 319
is_linear=0
shrinkage=0.03


Tree=87
num_leaves=8
num_cat=0
split_feature=154 151 75 165 87 104 159
split_gain=30553.6 42080.2 45578.6 64924.6 45384.6 145337 54500.5
threshold=12.437215805053713 -43.269903182983391 0.81206846237182628 0.0015771176549606027 -0.2818454504013061 44.094919204711921 2.7742022275924687
decision_type=2 2 2 2 2 2 2
left_child=1 2 3 -1 6 -6 -3
right_child=-2 4 -4 -5 5 -7 -8
leaf_value=-0.017794810775523036 -0.36814880177323328 -0.0029263935205804028 -0.19100629352635523 0.50029869921026171 -0.02586803659868012 -0.93489695484692947 0.23217834265008364
leaf_weight=377 192 45628 225 503 826 186 895
leaf_count=377 192 45628 225 503 826 186 895
internal_value=4.53559e-05 0.00157413 0.183749 0.280637 -0.00269847 -0.200455 0.00164543
internal_weight=48832 48640 1105 880 47535 1012 46523
internal_count=48832 48640 1105 880 47535 1012 46523
is_linear=0
shrinkage=0.03


Tree=88
num_leaves=6
num_cat=0
split_feature=147 170 151 135 43
split_gain=30245.2 95094.3 36104.7 40892.4 39128.5
threshold=0.0018653671140782537 0.0059966146945953378 -43.269903182983391 -0.2818454504013061 0.0013707944308407607
decision_type=2 2 2 2 2
left_child=1 2 4 -4 -1
right_child=-2 -3 3 -5 -6
leaf_value=0.29604746754680361 0.3672841438962452 -0.60479263099722369 0.0015390644326262381 -0.19380063388974117 -0.081147980282202048
leaf_weight=732 191 224 46344 975 366
leaf_count=732 191 224 46344 975 366
internal_value=3.90317e-05 -0.00147824 0.00143729 -0.00252597 0.170718
internal_weight=48832 48641 48417 47319 1098
internal_count=48832 48641 48417 47319 1098
is_linear=0
shrinkage=0.03


Tree=89
num_leaves=8
num_cat=0
split_feature=18 37 3 56 14 40 75
split_gain=30003.6 40833.9 40860.8 32979.9 37829.3 39495.1 37003
threshold=0.018255018629133705 -0.20484999567270276 0.00083424546755850326 -168.22814941406247 0.49060600996017462 0.21873376518487933 -3.9421199560165401
decision_type=2 2 2 2 2 2 2
left_child=1 2 -1 -2 5 -5 -6
right_child=3 -3 -4 4 6 -7 -8
leaf_value=0.094099705819406743 -0.39496160774026062 -0.11659561399960409 0.72393757162308625 -0.096112095198433459 0.34589544245174947 0.19116948746215176 -0.0089719601157988837
leaf_weight=196 182 211 172 570 256 1689 45556
leaf_count=196 182 211 172 570 256 1689 45556
internal_value=3.65406e-05 0.212858 0.399844 -0.00256074 -0.000993245 0.118577 -0.00691389
internal_weight=48832 579 368 48253 48071 2259 45812
internal_count=48832 579 368 48253 48071 2259 45812
is_linear=0
shrinkage=0.03


Tree=90
num_leaves=10
num_cat=0
split_feature=90 158 37 151 172 83 74 106 69
split_gain=29677.4 32435.1 34518.7 34436.2 72325.8 49514.1 30432.4 12175.7 14278.7
threshold=-0.073582250624895082 1.630623519420624 0.0042999999132007369 13.503357887268068 -0.99253037571907032 -0.18666996061801908 0.1740531921386719 4.4109981060028085 0.086696624755859389
decision_type=2 2 2 2 2 2 2 2 2
left_child=7 3 6 5 -5 -2 -3 8 -1
right_child=1 2 -4 4 -6 -7 -8 -9 -10
leaf_value=0.28934119987565021 -0.0046627700149846889 0.088030059527626575 -0.11261370959766409 0.095222551211176842 -0.10923840713485004 0.10762552168216487 0.63902106441667517 0.38960459768352373 -0.053743348963746503
leaf_weight=195 35255 169 177 2043 6451 3918 193 203 228
leaf_count=195 35255 169 177 2043 6451 3918 193 203 228
internal_value=3.99802e-05 -0.00264553 0.22663 -0.00528508 -0.0600068 0.00659267 0.391072 0.203632 0.107446
internal_weight=48832 48206 539 47667 8494 39173 362 626 423
internal_count=48832 48206 539 47667 8494 39173 362 626 423
is_linear=0
shrinkage=0.03


Tree=91
num_leaves=9
num_cat=0
split_feature=34 122 77 57 74 25 99 170
split_gain=29709.7 30438.3 79618.6 88342.4 52569.6 53736.3 40402.2 35870.8
threshold=-0.94499999284744252 0.0024213833967223768 1.3819318413734438 0.0032842013752087955 0.094714030623435988 81.853664398193374 0.00071802735328674327 0.0024798257509246473
decision_type=2 2 2 2 2 2 2 2
left_child=-1 2 3 -2 6 -6 -3 -4
right_child=1 4 7 -5 5 -7 -8 -9
leaf_value=0.34630895025021319 -0.36472550126896525 0.15425116434853564 0.014304726116597334 -0.055121289742029435 0.016160956177622882 0.23446891095340391 -0.25324509928106137 -0.18910032893283119
leaf_weight=212 1215 269 12108 2583 29534 1041 1046 824
leaf_count=212 1215 269 12108 2583 29534 1041 1046 824
internal_value=4.69413e-05 -0.00153378 -0.0342941 -0.154863 0.0156582 0.023668 -0.169352 0.00120808
internal_weight=48832 48620 16730 3798 31890 30575 1315 12932
internal_count=48832 48620 16730 3798 31890 30575 1315 12932
is_linear=0
shrinkage=0.03


Tree=92
num_leaves=15
num_cat=0
split_feature=63 29 155 105 35 40 106 117 107 51 170 92 35 39
split_gain=29487.3 105083 142002 98283.4 91895.8 61587.9 57267.7 45440.5 121395 96073.1 49684.9 84797 61015.7 36399.9
threshold=1.180591940879822 -0.10835497826337813 0.13462847471237185 0.0046147224493324765 -0.077456708997488008 1.9422879219055178 5.988441228866578 0.0027207945240661506 0.065837357193231597 0.052459144964814193 0.0035398049512878065 0.010907442308962408 -0.17627705633640287 -0.67790454626083363
decision_type=2 2 2 2 2 2 2 2 2 2 2 2 2 2
left_child=7 2 3 -2 5 -3 -4 10 13 -10 12 -12 -1 -9
right_child=1 4 6 -5 -6 -7 -8 8 9 -11 11 -13 -14 -15
leaf_value=-0.0025014193611730207 0.11591755116410565 -0.32526970892028878 -0.073607955522537225 0.86269374865508819 -0.79783392228158434 0.22423467378139048 -0.80574115031838789 -0.027198824556544422 -0.39339515921528356 0.38868819389505233 -0.28809533568187512 0.070342132361417384 0.1420856733576514 -0.63042859399318696
leaf_weight=39677 597 591 240 208 259 256 153 182 153 1140 1360 1043 2803 170
leaf_count=39677 597 591 240 208 259 256 153 182 153 1140 1360 1043 2803 170
internal_value=4.4939e-05 -0.10448 0.0899763 0.317091 -0.31403 -0.158507 -0.371558 0.0052422 0.159619 0.293836 -0.000450119 -0.132872 0.00707021 -0.327899
internal_weight=48832 2304 1198 805 1106 847 393 46528 1645 1293 44883 2403 42480 352
internal_count=48832 2304 1198 805 1106 847 393 46528 1645 1293 44883 2403 42480 352
is_linear=0
shrinkage=0.03


Tree=93
num_leaves=13
num_cat=0
split_feature=90 3 30 74 21 39 41 2 152 17 33 7
split_gain=29507.4 40997.6 121570 104689 88266.8 58506.1 71009.7 38718.7 26818.2 15152.3 7660.37 6061.65
threshold=0.02716577518731356 0.0008283515926450492 0.9715000092983247 0.10528564453125001 0.0014492741902358832 -0.32514999806880945 -1.689500033855438 0.0010726243490353229 26.022456169128422 0.58436980843544017 1.1839999556541445 19.293613433837894
decision_type=2 2 2 2 2 2 2 2 2 2 2 2
left_child=1 5 3 -3 -4 6 -1 10 9 -9 -2 -12
right_child=7 2 4 -5 -6 -7 -8 8 -10 -11 11 -13
leaf_value=0.0084871554865685039 -0.23750228169669904 -0.21476040603992128 0.30213943998709492 0.55235317443264653 0.001090246758330786 0.47336090200052067 -0.095538993518490975 -0.35385308897923773 -0.64780002056221875 0.041348809196378095 -0.047809428578961317 0.096271833175517338
leaf_weight=25850 151 200 943 710 10924 212 7644 183 158 156 1387 314
leaf_count=25850 151 200 943 710 10924 212 7644 183 158 156 1387 314
internal_value=3.41312e-05 0.00528602 0.0510248 0.383255 0.0252471 -0.0120623 -0.0152751 -0.103474 -0.335819 -0.176016 -0.0396539 -0.0208052
internal_weight=48832 46483 12777 910 11867 33706 33494 2349 497 339 1852 1701
internal_count=48832 46483 12777 910 11867 33706 33494 2349 497 339 1852 1701
is_linear=0
shrinkage=0.03


Tree=94
num_leaves=10
num_cat=0
split_feature=29 153 155 175 26 59 105 35 26
split_gain=29395.3 31900.1 68077.3 143419 132738 58268.6 65325.9 52502.6 22714.6
threshold=2.7434090375900273 0.0045695242006331691 0.14096316695213321 -0.73655000329017628 0.004104277817532421 0.16537607461214068 0.0015197159955278041 -1.3835714459419248 0.001931092585437
decision_type=2 2 2 2 2 2 2 2 2
left_child=1 5 3 -3 -4 7 -7 -1 -2
right_child=8 2 4 -5 -6 6 -8 -9 -10
leaf_value=-0.013238266332893205 0.44464057582099048 0.46882095155362868 -0.0029119093181264998 0.03972964775374252 -0.41329796898408738 0.53259419529937024 0.042848509717301829 -0.11199038306307557 0.007889260368934576
leaf_weight=15554 226 729 5341 13721 808 248 4978 7030 197
leaf_count=15554 226 729 5341 13721 808 248 4978 7030 197
internal_value=3.23566e-05 -0.00216832 0.026121 0.0616865 -0.0574216 -0.0231242 0.0670622 -0.044014 0.246116
internal_weight=48832 48409 20599 14450 6149 27810 5226 22584 423
internal_count=48832 48409 20599 14450 6149 27810 5226 22584 423
is_linear=0
shrinkage=0.03


Tree=95
num_leaves=13
num_cat=0
split_feature=156 122 170 59 76 34 170 105 9 30 155 169
split_gain=28996.2 52732.1 70767.1 62622.2 42890.3 58132.3 66505.9 55756.7 96309.2 58487.9 53583.4 41803.7
threshold=0.5241898000240327 0.0067178437020629653 0.0035398049512878065 0.069563712924718871 -0.42664809525012964 2.6350001096725468 0.0027589328819885854 0.0019792616367340092 0.0028151749866083269 1.0225000381469729 0.12032641842961313 36.085506439208991
decision_type=2 2 2 2 2 2 2 2 2 2 2 2
left_child=4 2 11 -4 7 10 -7 8 -1 -9 -6 -2
right_child=1 -3 3 -5 5 6 -8 9 -10 -11 -12 -13
leaf_value=0.062690247576859481 0.058794981716569369 0.35616476895342236 0.093225845547428549 -0.40897482002329688 0.042301066676818648 -0.054674045300597079 -0.55987468018025777 0.25676262531896593 0.59286313977850713 0.016308287576714015 -0.060663772322895312 -0.054831314118050922
leaf_weight=944 4032 297 304 801 11149 680 350 985 450 10733 7669 10438
leaf_count=944 4032 297 304 801 11149 680 350 985 450 10733 7669 10438
internal_value=3.74979e-05 -0.0332635 -0.0409133 -0.271216 0.0160789 -0.0117373 -0.230077 0.058162 0.23684 0.0367223 0.000329323 -0.0231511
internal_weight=48832 15872 15575 1105 32960 19848 1030 13112 1394 11718 18818 14470
internal_count=48832 15872 15575 1105 32960 19848 1030 13112 1394 11718 18818 14470
is_linear=0
shrinkage=0.03


Tree=96
num_leaves=16
num_cat=0
split_feature=63 29 155 26 26 34 117 107 39 26 170 44 83 108 62
split_gain=28466 102508 130390 106171 101181 52117.9 44582.1 115820 93309.4 63883.9 46316.6 77795.9 54907.5 40253.3 21283.7
threshold=1.1923583745956423 -0.10835497826337813 0.13462847471237185 0.0049623677041381606 0.0045752737205475577 1.7150000333786013 0.0027207945240661506 0.065837357193231597 -0.24903181195259091 0.0042687440291047105 0.0035398049512878065 0.098011311143636717 -0.17627705633640287 -0.059442985802888863 1.0387690067291262
decision_type=2 2 2 2 2 2 2 2 2 2 2 2 2 2 2
left_child=6 2 3 -2 14 -4 10 9 -9 -8 12 -12 -1 -6 -3
right_child=1 4 5 -5 13 -7 7 8 -10 -11 11 -13 -14 -15 -16
leaf_value=-0.0026678895324231387 0.10253221837926636 0.018415447740838295 -0.012971688517928123 0.91220400338802399 -1.1128595583637555 -0.711820966899395 0.063758551889274387 0.189215162770761 0.95255304231521587 -0.71989948989947627 -0.26865016425125254 0.076044320670599116 0.13298586873211024 -0.39334778342875965 -0.32400202848294918
leaf_weight=39740 581 400 190 186 152 185 192 1169 156 170 1433 990 2870 153 265
leaf_count=39740 581 400 190 186 152 185 192 1169 156 170 1433 990 2870 153 265
internal_value=3.84621e-05 -0.107427 0.08506 0.308093 -0.332601 -0.367271 0.00491844 0.155867 0.285549 -0.313717 -0.000769646 -0.12808 0.00649814 -0.77587 -0.120815
internal_weight=48832 2112 1142 767 970 375 46720 1687 1325 362 45033 2423 42610 305 665
internal_count=48832 2112 1142 767 970 375 46720 1687 1325 362 45033 2423 42610 305 665
is_linear=0
shrinkage=0.03


Tree=97
num_leaves=8
num_cat=0
split_feature=154 151 75 165 39 124 159
split_gain=28999.3 36868.4 41897.4 60491.3 40474.5 141444 46366.9
threshold=12.437215805053713 -43.269903182983391 0.81206846237182628 0.0015771176549606027 -0.2818454504013061 -1.2230665087699888 2.7742022275924687
decision_type=2 2 2 2 2 2 2
left_child=1 2 3 -1 6 -6 -3
right_child=-2 4 -4 -5 5 -7 -8
leaf_value=-0.022962816738516321 -0.35867640904270776 -0.0025940746368544594 -0.18715847280811757 0.47698653864145979 0.52116215246346065 -0.3619719806108691 0.21425871158922244
leaf_weight=377 192 45628 225 503 194 818 895
leaf_count=377 192 45628 225 503 194 818 895
internal_value=3.05607e-05 0.00151994 0.172041 0.264952 -0.00247933 -0.189233 0.00162284
internal_weight=48832 48640 1105 880 47535 1012 46523
internal_count=48832 48640 1105 880 47535 1012 46523
is_linear=0
shrinkage=0.03


Tree=98
num_leaves=13
num_cat=0
split_feature=80 38 46 38 82 80 122 172 107 82 124 117
split_gain=28626.8 51543.8 45897.2 45108.7 79596.7 69937.2 147253 61480.1 51978.9 37903.8 90277.8 44023.5
threshold=0.7677569091320039 -0.78071430325508107 1.0000000180025095e-35 -0.65333333611488331 1.5549999475479128 0.52973681688308727 0.0043603437952697286 -1.40213006734848 0.24794637411832812 1.3049999475479128 -0.052534684538841241 0.0016754057141952219
decision_type=2 2 2 2 2 2 2 2 2 2 2 2
left_child=3 9 -3 4 8 7 -7 -5 -1 11 -11 -2
right_child=1 2 -4 5 -6 6 -8 -9 -10 10 -12 -13
leaf_value=-0.13570833071617686 0.043909397252263671 0.59576512027492645 -0.0067863276982726758 0.064818084355521069 0.55910106023853534 0.06553107946976687 0.7470269322362455 -0.036732156320173723 0.34085811723023651 -0.090585702124828568 0.83851307389140117 -0.18976033350868973
leaf_weight=4717 6360 275 189 6875 153 4278 296 24307 206 207 160 809
leaf_count=4717 6360 275 189 6875 153 4278 296 24307 206 207 160 809
internal_value=3.13577e-05 0.0518879 0.355364 -0.0101388 -0.0937347 0.0017515 0.111167 -0.0143288 -0.115116 0.0327563 0.325969 0.0173129
internal_weight=48832 8000 464 40832 5076 35756 4574 31182 4923 7536 367 7169
internal_count=48832 8000 464 40832 5076 35756 4574 31182 4923 7536 367 7169
is_linear=0
shrinkage=0.03


Tree=99
num_leaves=9
num_cat=0
split_feature=34 62 30 74 40 26 0 176
split_gain=28139.5 28792 54571.3 55562.2 54797.6 38311.8 56946 34383.9
threshold=-0.94499999284744252 0.87289169430732738 0.66250002384185802 0.37628664076328283 -0.52477174997329701 0.0026244904147461061 1.0000000180025095e-35 -0.19017786532640454
decision_type=2 2 2 2 2 2 2 2
left_child=-1 5 4 -4 -3 7 -7 -2
right_child=1 2 3 -5 -6 6 -8 -9
leaf_value=0.33703490731180519 0.38265244494151013 -0.098219312781064549 -0.0038847766971725228 -0.16981049388506214 -0.7584164869345047 0.055219153165872219 0.36033690664172169 -0.010740291976959328
leaf_weight=212 193 327 25276 1947 166 6768 590 13353
leaf_count=212 193 327 25276 1947 166 6768 590 13353
internal_value=4.75908e-05 -0.00149079 -0.0215369 -0.0158098 -0.331175 0.0250853 0.0801408 -0.00485719
internal_weight=48832 48620 27716 27223 493 20904 7358 13546
internal_count=48832 48620 27716 27223 493 20904 7358 13546
is_linear=0
shrinkage=0.03


Tree=100
num_leaves=10
num_cat=0
split_feature=29 153 155 127 29 59 105 83 153
split_gain=28168.9 29364.2 62615.2 127941 121039 54523 61156.2 49511.7 20159.2
threshold=2.7434090375900273 0.0045695242006331691 0.14096316695213321 -0.73655000329017628 -0.27745237946510309 0.16537607461214068 0.0015197159955278041 -1.3835714459419248 0.0044741833116859206
decision_type=2 2 2 2 2 2 2 2 2
left_child=1 5 3 -3 -4 7 -7 -1 -2
right_child=8 2 4 -5 -6 6 -8 -9 -10
leaf_value=-0.012534421807665373 0.3900328539939788 0.44368246025727187 -0.61404463775794604 0.038403985981598339 -0.023402263788500566 0.51545658302645003 0.041597760117855924 -0.10843221522802593 -0.037819810563465575
leaf_weight=15554 273 729 320 13721 5829 248 4978 7030 150
leaf_count=15554 273 729 320 13721 5829 248 4978 7030 150
internal_value=4.67413e-05 -0.00210754 0.025034 0.0591429 -0.055087 -0.0222132 0.0650262 -0.0424205 0.240943
internal_weight=48832 48409 20599 14450 6149 27810 5226 22584 423
internal_count=48832 48409 20599 14450 6149 27810 5226 22584 423
is_linear=0
shrinkage=0.03


Tree=101
num_leaves=10
num_cat=0
split_feature=63 74 170 170 25 32 26 122 170
split_gain=28265.8 95749.7 253569 154370 99065.7 69384 63650.9 40813.1 38622.6
threshold=1.1111042499542239 0.38023294508457189 0.0052132138516753921 0.004505361896008254 51.974018096923835 -0.15158694982528684 0.0055435982067137965 0.0067178437020629653 0.0039430409669876107
decision_type=2 2 2 2 2 2 2 2 2
left_child=6 2 5 -3 -5 -2 7 8 -1
right_child=1 3 -4 4 -6 -7 -8 -9 -10
leaf_value=0.0063369568359198554 -0.42553067303700559 0.12950069690610352 1.0174044799893649 -1.3945975247025488 -0.33983462985208696 -0.021098681134605366 0.45908657646543688 0.35425146320778311 -0.15649173971841429
leaf_weight=43287 443 250 191 150 178 2436 268 287 1342
leaf_count=43287 443 250 191 150 178 2436 268 287 1342
internal_value=4.92269e-05 -0.080161 -0.0129463 -0.430875 -0.849185 -0.0845873 0.00654142 0.00373964 0.00140672
internal_weight=48832 3648 3070 578 328 2879 45184 44916 44629
internal_count=48832 3648 3070 578 328 2879 45184 44916 44629
is_linear=0
shrinkage=0.03


Tree=102
num_leaves=13
num_cat=0
split_feature=90 151 3 78 74 21 99 40 130 33 74 169
split_gain=28043.1 40730 40274.2 115136 96652.5 87260.9 57558.3 55332.7 50244.5 21568.4 10011.3 9337.83
threshold=0.012070393655449154 37.12170600891114 0.00083424546755850326 0.9715000092983247 0.10528564453125001 0.0014589343918487432 0.00084766844520345341 2.034330010414124 -0.70499998331069935 1.1839999556541445 0.39510671794414526 47.046377182006843
decision_type=2 2 2 2 2 2 2 2 2 2 2 2
left_child=2 9 6 4 -4 -5 7 -1 -8 11 -11 -2
right_child=1 -3 3 5 -6 -7 8 -9 -10 10 -12 -13
leaf_value=0.012005761706390545 -0.44570097667159314 -0.47555653930849123 -0.20457896919673299 0.30464833762035542 0.54536437950205252 0.0021523964940186112 0.24524361974135508 -0.49780528932925638 -0.10921073663362875 -0.040810165710368308 0.20197543837807394 -0.12662650639686751
leaf_weight=26541 151 219 193 923 687 10717 372 183 6414 2084 155 193
leaf_count=26541 151 219 193 923 687 10717 372 183 6414 2084 155 193
internal_value=4.54716e-05 -0.091926 0.00566284 0.0515495 0.380438 0.0263799 -0.0114916 0.00832979 -0.0894477 -0.0576913 -0.0231794 -0.275319
internal_weight=48832 2802 46030 12520 880 11640 33510 26724 6786 2583 2239 344
internal_count=48832 2802 46030 12520 880 11640 33510 26724 6786 2583 2239 344
is_linear=0
shrinkage=0.03


Tree=103
num_leaves=15
num_cat=0
split_feature=167 84 33 84 94 34 40 93 35 15 28 40 84 21
split_gain=27750.8 48392.3 126014 61664.9 83918 69763.4 56097.2 38401.2 94891.2 79855 43133.3 37432 47182.1 42857.6
threshold=-0.83067736029624928 2.4214999675750737 1.7695000171661379 2.2335000038146977 -0.76942089200019825 2.4650000333786015 2.034330010414124 -0.8253108263015746 -0.17627705633640287 0.8681490719318391 0.18348323553800586 1.6996363997459414 2.0004999637603764 0.0020916929934173827
decision_type=2 2 2 2 2 2 2 2 2 2 2 2 2 2
left_child=7 3 -3 5 -5 -2 -4 8 10 -10 -1 13 -13 -9
right_child=1 2 6 4 -6 -7 -8 11 9 -11 -12 12 -14 -15
leaf_value=-0.046558612340315261 -0.039391183476158546 0.67737137649651458 0.028965479588069828 -0.50977156093519038 -0.090342699703591267 0.16765785224530072 -0.49941724000741605 0.0040911527921527052 0.66230034519074443 0.030402460081841998 0.12292653278841424 -0.44560104934778888 -0.054056087104675986 0.27357004350857889
leaf_weight=2432 18052 259 10557 533 2082 1584 174 6970 437 303 3020 329 1535 565
leaf_count=2432 18052 259 10557 533 2082 1584 174 6970 437 303 3020 329 1535 565
internal_value=4.04902e-05 -0.0154474 0.0360362 -0.0408805 -0.177449 -0.0226121 0.0199409 0.0330504 0.0909925 0.407419 0.0473767 -0.00517764 -0.125174 0.0246334
internal_weight=48832 33241 10990 22251 2615 19636 10731 15591 6192 740 5452 9399 1864 7535
internal_count=48832 33241 10990 22251 2615 19636 10731 15591 6192 740 5452 9399 1864 7535
is_linear=0
shrinkage=0.03


Tree=104
num_leaves=9
num_cat=0
split_feature=169 122 37 83 39 145 80 122
split_gain=27773.5 117167 78739.6 95220.4 65723.1 87151.9 69413.4 65025.6
threshold=70.254688262939467 0.0062174117192626008 1.07574999332428 0.39852271974086767 -1.2921538352966306 0.0011491279001347723 0.31501252949237829 0.0067178437020629653
decision_type=2 2 2 2 2 2 2 2
left_child=2 4 3 7 5 -2 -6 -1
right_child=1 -3 -4 -5 6 -7 -8 -9
leaf_value=0.0049320586870119972 -0.11468190952005809 -0.82691672781299297 0.49263091956262173 -0.52599334351446148 -0.063928910879218898 -0.8192612839854041 0.17834190167315728 0.31697961470167169
leaf_weight=40837 2023 163 291 291 2737 162 1728 600
leaf_count=40837 2023 163 291 291 2737 162 1728 600
internal_value=4.10083e-05 -0.0561003 0.00915499 0.00566614 -0.0359934 -0.170415 0.0300213 0.00952584
internal_weight=48832 6813 42019 41728 6650 2185 4465 41437
internal_count=48832 6813 42019 41728 6650 2185 4465 41437
is_linear=0
shrinkage=0.03


Tree=105
num_leaves=8
num_cat=0
split_feature=18 85 76 56 86 124 39
split_gain=27819.5 37586.1 43564.2 30734 33638.9 130282 39044.9
threshold=0.018255018629133705 -0.20484999567270276 -0.34796398878097529 -168.22814941406247 0.24704545736312869 -0.24230168759822843 -0.24903181195259091
decision_type=2 2 2 2 2 2 2
left_child=1 2 -1 -2 6 -6 -5
right_child=3 -3 -4 4 5 -7 -8
leaf_value=0.75072418933835894 -0.38127343088854104 -0.11114590456313138 0.0960341505940185 -0.0076491436168382365 0.42367294047276177 -0.16107804741889034 0.30773555262160768
leaf_weight=155 182 211 213 46368 710 647 346
leaf_count=155 182 211 213 46368 710 647 346
internal_value=3.14376e-05 0.204961 0.384352 -0.00246952 -0.000956342 0.145732 -0.0052478
internal_weight=48832 579 368 48253 48071 1357 46714
internal_count=48832 579 368 48253 48071 1357 46714
is_linear=0
shrinkage=0.03


Tree=106
num_leaves=12
num_cat=0
split_feature=11 59 74 34 32 81 107 34 88 63 74
split_gain=27342.9 49133.8 81303.6 59090.1 48360.5 76315.9 45688.8 45467.8 51350.9 102830 82310.6
threshold=0.14123220741748813 0.19084542989730838 0.42466953396797186 2.6750000715255742 0.7677569091320039 2.4029999971389775 0.14065883308649066 -0.70499998331069935 1.4796954989433291 0.81190264225006115 0.19153840839862826
decision_type=2 2 2 2 2 2 2 2 2 2 2
left_child=1 4 3 -3 6 -6 -1 -2 9 -9 -10
right_child=7 2 -4 -5 5 -7 -8 8 10 -11 -12
leaf_value=-0.036117071140421168 0.32575835140347481 0.10489248968074234 0.68688414812088006 -0.47584228378805243 0.4655636510330205 0.049873170562465818 0.055835339868905369 -0.042268161904440424 0.11915890159691996 0.3550382437559943 -0.26730560316319951
leaf_weight=21240 290 3648 200 155 424 4773 6297 8627 664 619 1895
leaf_count=21240 290 3648 200 155 424 4773 6297 8627 664 619 1895
internal_value=3.61271e-05 0.0129178 0.111993 0.0800374 0.000771553 0.0846165 -0.0150773 -0.0390688 -0.0482992 -0.0153145 -0.166954
internal_weight=48832 36737 4003 3803 32734 5197 27537 12095 11805 9246 2559
internal_count=48832 36737 4003 3803 32734 5197 27537 12095 11805 9246 2559
is_linear=0
shrinkage=0.03


Tree=107
num_leaves=15
num_cat=0
split_feature=156 49 3 63 106 44 74 76 34 74 105 9 30 34
split_gain=27586.8 50424.4 48135.4 57891.3 45343.2 47475.9 43901.9 39949.8 52905.1 58043.7 51832.2 89873.2 53580.7 50475.3
threshold=0.5241898000240327 0.063666660338640227 0.0014024188276380303 0.89525580406188976 5.8777649402618417 -0.31107263267040247 0.39017812907695776 -0.42664809525012964 2.6350001096725468 0.23710714280605319 0.0019792616367340092 0.0028151749866083269 1.0225000381469729 2.495000004768372
decision_type=2 2 2 2 2 2 2 2 2 2 2 2 2 2
left_child=7 2 3 -2 5 -3 -6 10 13 -10 11 -1 -12 -9
right_child=1 4 -4 -5 6 -7 -8 8 9 -11 12 -13 -14 -15
leaf_value=0.060352428533699154 -0.015201520035077081 -0.23694728716977817 -0.46289443180579498 0.18495334646480496 0.33022502468763776 -0.045903726483936147 -0.19750495088641096 -0.009031196029064022 -0.10732861722205229 -0.67365537889301774 0.24624073124396639 0.57250141772206709 0.016093843604492102 0.25726733497231752
leaf_weight=944 8896 2285 184 1513 376 2402 216 18164 836 194 985 450 10733 654
leaf_count=944 8896 2285 184 1513 376 2402 216 18164 836 194 985 450 10733 654
internal_value=4.32829e-05 -0.0324383 0.00532846 0.0140416 -0.108089 -0.139347 0.137593 0.01569 -0.0111559 -0.219448 0.0563049 0.22858 0.0356332 0.000355457
internal_weight=48832 15872 10593 10409 5279 4687 592 32960 19848 1030 13112 1394 11718 18818
internal_count=48832 15872 10593 10409 5279 4687 592 32960 19848 1030 13112 1394 11718 18818
is_linear=0
shrinkage=0.03


Tree=108
num_leaves=9
num_cat=0
split_feature=63 74 170 170 65 26 122 170
split_gain=26833.3 88149.1 192939 145104 60429.7 59194.6 35429.4 36976.4
threshold=1.1111042499542239 0.38521385192871099 0.0052132138516753921 0.004505361896008254 0.22030965238809588 0.0055435982067137965 0.0067178437020629653 0.0039430409669876107
decision_type=2 2 2 2 2 2 2 2
left_child=5 2 4 -3 -2 6 7 -1
right_child=1 3 -4 -5 -6 -7 -8 -9
leaf_value=0.0063154428050452294 -0.57426909872787424 0.11343963871282689 0.83042983496685818 -0.86071488939902996 -0.043283219374819687 0.44278299341527677 0.33024153781960708 -0.15300532547688145
leaf_weight=43287 198 245 215 298 2692 268 287 1342
leaf_count=43287 198 245 215 298 2692 268 287 1342
internal_value=4.14876e-05 -0.0781098 -0.0159077 -0.427076 -0.081517 0.00636704 0.0036651 0.00149144
internal_weight=48832 3648 3105 543 2890 45184 44916 44629
internal_count=48832 3648 3105 543 2890 45184 44916 44629
is_linear=0
shrinkage=0.03


Tree=109
num_leaves=14
num_cat=0
split_feature=156 74 32 35 122 125 170 76 63 129 3 165 155
split_gain=26776.7 38206.6 126280 170350 121298 76238.7 56268.7 24420.8 38667.4 32196 88004.8 37342.3 22014
threshold=-0.94779571890830983 0.32428632676601415 -0.0027153110131621356 -1.3835714459419248 0.0067178437020629653 -0.41072510182857508 0.0033803667174652223 2.2599353790283208 0.81190264225006115 1.0904999971389773 0.0014225850463844838 0.0020785884698852901 0.12276655808091165
decision_type=2 2 2 2 2 2 2 2 2 2 2 2 2
left_child=7 4 5 -4 6 -3 -2 9 12 10 -1 -11 -9
right_child=1 2 3 -5 -6 -7 -8 8 -10 11 -12 -13 -14
leaf_value=0.40245927547953508 0.0072202292107136027 -0.34195798416181306 -0.056395706346071425 -0.50224163264750721 0.66479176880382906 0.29420900309495257 -0.14116124552127463 0.11249800514052906 -0.40015104572646892 0.030406809354187752 -0.34439225976217969 0.36034253180949682 -0.14596744283309412
leaf_weight=645 30907 195 3375 991 236 1000 2475 693 250 7076 173 313 503
leaf_count=645 30907 195 3375 991 236 1000 2475 693 250 7076 173 313 503
internal_value=4.08077e-05 -0.0109881 -0.083754 -0.158511 0.00106997 0.188423 -0.00382001 0.0447693 -0.0685676 0.0647974 0.242255 0.0448511 0.00348657
internal_weight=48832 39179 5561 4366 33618 1195 33382 9653 1446 8207 818 7389 1196
internal_count=48832 39179 5561 4366 33618 1195 33382 9653 1446 8207 818 7389 1196
is_linear=0
shrinkage=0.03


Tree=110
num_leaves=14
num_cat=0
split_feature=169 26 28 26 73 37 79 74 99 40 162 34 146
split_gain=26940 111277 104542 93315.5 150374 183807 90579.3 148991 64028.2 103386 60631.1 58963.1 54909.2
threshold=55.515132904052741 0.0053451871499419221 0.095412231981754317 0.0047010013367980727 59.431148529052741 0.29695001244544988 -0.47020000219345087 0.1405296325683594 0.00092212259187363099 1.9610713720321657 0.11694044992327692 1.735000014305115 0.001095497631467879
decision_type=2 2 2 2 2 2 2 2 2 2 2 2 2
left_child=1 8 -3 6 5 -5 7 -2 12 -10 -8 -4 -1
right_child=3 2 11 4 -6 -7 10 -9 9 -11 -12 -13 -14
leaf_value=0.032453588319782935 1.0458244683286722 1.0800435862011024 0.5876273691233681 0.73933659944151131 -1.120023321165093 -0.39336900516622153 -0.17946371957982343 0.10234376841319846 -0.10306002416845424 0.18279740028538638 -0.01100572212194567 -0.16995375775835578 0.41473513519867905
leaf_weight=20269 160 154 153 158 164 547 2207 1351 7282 1340 14507 206 334
leaf_count=20269 160 154 153 158 164 547 2207 1351 7282 1340 14507 206 334
internal_value=3.92131e-05 0.0178922 0.451626 -0.0277608 -0.329672 -0.132724 -0.0131923 0.208468 0.0101268 -0.0584728 -0.0333438 0.16009 0.038849
internal_weight=48832 29738 513 19094 869 705 18225 1511 29225 8622 16714 359 20603
internal_count=48832 29738 513 19094 869 705 18225 1511 29225 8622 16714 359 20603
is_linear=0
shrinkage=0.03


Tree=111
num_leaves=10
num_cat=0
split_feature=90 158 62 26 151 37 160 161 106
split_gain=26766.7 30626.3 35784.2 54423.2 39066.1 30291.6 25732.6 11552.6 9218.81
threshold=-0.089546065777540193 1.630623519420624 0.87289169430732738 0.003948390483856202 -43.269903182983391 0.0042999999132007369 0.36143353581428533 0.84087577462196361 3.4566990137100224
decision_type=2 2 2 2 2 2 2 2 2
left_child=7 2 4 -4 -2 6 -3 8 -1
right_child=1 5 3 -5 -6 -7 -8 -9 -10
leaf_value=0.15820132981279963 0.43375617372445185 0.1423152467917462 -0.01318910118080955 -0.15344338313745839 0.020522104417369232 -0.095464913267838319 0.65203921675102083 0.0098166178099827143 0.48438017907720171
leaf_weight=180 198 207 24117 2767 20711 180 157 164 151
leaf_count=180 198 207 24117 2767 20711 180 157 164 151
internal_value=5.16004e-05 -0.00221795 -0.00478769 -0.0276763 0.0246407 0.219557 0.373724 0.21733 0.316843
internal_weight=48832 48337 47793 26884 20909 544 364 495 331
internal_count=48832 48337 47793 26884 20909 544 364 495 331
is_linear=0
shrinkage=0.03


Tree=112
num_leaves=8
num_cat=0
split_feature=34 122 40 30 121 73 170
split_gain=26631 28968.4 73414.3 74216.3 47616 109972 61659.4
threshold=-0.94499999284744252 0.0024213833967223768 1.9779040217399599 0.72250002622604381 71.664489746093764 46.364261627197273 0.0059966146945953378
decision_type=2 2 2 2 2 2 2
left_child=-1 2 3 -2 6 -6 -3
right_child=1 4 -4 -5 5 -7 -8
leaf_value=0.32789080086290029 -0.64878423966029108 0.0062517048896999841 -0.51511143430109529 -0.018671062494525919 0.24601375531354092 -0.073957920726623896 -0.41786076687849483
leaf_weight=212 160 27629 270 16300 2306 1653 302
leaf_count=212 160 27629 270 16300 2306 1653 302
internal_value=6.01194e-05 -0.00143647 -0.033396 -0.0251863 0.0153352 0.112566 0.00151814
internal_weight=48832 48620 16730 16460 31890 3959 27931
internal_count=48832 48620 16730 16460 31890 3959 27931
is_linear=0
shrinkage=0.03


Tree=113
num_leaves=6
num_cat=0
split_feature=147 170 26 155 170
split_gain=27531.7 86018.1 39428.5 93273.1 39729.1
threshold=0.0018653671140782537 0.0059966146945953378 0.0055435982067137965 0.11972608417272569 0.0035398049512878065
decision_type=2 2 2 2 2
left_child=1 2 4 -4 -1
right_child=-2 -3 3 -5 -6
leaf_value=0.0064852498134719437 0.35043596058639126 -0.575197215932302 0.6067275680523716 -0.28576023178516763 -0.097751471180296881
leaf_weight=44437 191 224 277 159 3544
leaf_count=44437 191 224 277 159 3544
internal_value=5.15946e-05 -0.00139602 0.00137689 0.282146 -0.00123271
internal_weight=48832 48641 48417 436 47981
internal_count=48832 48641 48417 436 47981
is_linear=0
shrinkage=0.03


Tree=114
num_leaves=12
num_cat=0
split_feature=57 32 35 77 170 99 18 37 74 170 78
split_gain=26187.2 63153.9 122968 104215 86471.3 75971.1 36269.9 40712.8 39592.5 208407 161537
threshold=0.001141417305916548 0.062052631750702865 -0.33275362849235529 -0.33292856812477106 0.0030144666088745002 0.0013048380496911707 0.018255018629133705 -0.25929999351501459 0.37628664076328283 0.0052132138516753921 1.1405000090599062
decision_type=2 2 2 2 2 2 2 2 2 2 2
left_child=1 3 5 -1 -5 -3 7 -2 9 -8 -10
right_child=6 2 -4 4 -6 -7 8 -9 10 -11 -12
leaf_value=-0.29873802086281087 0.48232426269624668 0.021569276018322085 -0.69895687593328881 0.95676972398174676 0.20915901935935019 0.52906685459189751 -0.0087181373009348959 -0.026148717736496643 0.68231144835782609 0.82005458804125131 -0.16938753529728479
leaf_weight=185 276 4550 195 223 365 272 39033 279 205 265 2984
leaf_count=185 276 4550 195 223 365 272 39033 279 205 265 2984
internal_value=5.00773e-05 0.0598922 0.0207413 0.310483 0.50395 0.0512319 -0.00801191 0.230775 -0.0111847 -0.00292224 -0.112676
internal_weight=48832 5790 5017 773 588 4822 43042 555 42487 39298 3189
internal_count=48832 5790 5017 773 588 4822 43042 555 42487 39298 3189
is_linear=0
shrinkage=0.03


Tree=115
num_leaves=9
num_cat=0
split_feature=154 151 170 39 107 16 92 104
split_gain=26566.7 34390.9 35807.8 71690.6 69395.6 28197.3 31241.2 24169.7
threshold=12.437215805053713 -43.269903182983391 0.0033803667174652223 -0.40949457883834833 0.072326868772506728 0.11464814469218255 0.74455857276916515 38.881896972656257
decision_type=2 2 2 2 2 2 2 2
left_child=1 5 3 -3 -4 6 -1 -7
right_child=-2 2 4 -5 -6 7 -8 -9
leaf_value=0.43947370464033486 -0.34326817116967523 -8.575564518180423e-05 -0.27661546865938452 0.24870261747421393 -0.011726691903396329 0.16399138483561965 -0.0010034380380540167 -0.26816541316091708
leaf_weight=426 192 41932 1204 1059 3340 275 217 187
leaf_count=426 192 41932 1204 1059 3340 275 217 187
internal_value=6.39261e-05 0.00148946 -0.0023731 0.00609908 -0.0823662 0.166181 0.293082 -0.0129047
internal_weight=48832 48640 47535 42991 4544 1105 643 462
internal_count=48832 48640 47535 42991 4544 1105 643 462
is_linear=0
shrinkage=0.03


Tree=116
num_leaves=13
num_cat=0
split_feature=86 99 153 29 152 121 170 124 120 122 39 170
split_gain=26672.7 71378.1 60815.9 91022.1 59771.4 69737.1 92457.6 76007 50003.5 57976.7 48682 27980.2
threshold=-0.31791125237941736 0.0016541630029678347 0.0074205019045621165 1.3663038611412051 -10.375380516052244 72.810146331787124 0.0026193091180175547 -3.0406485795974727 0.0021025836467742924 0.0043603437952697286 -1.2287045717239378 0.0029084043344482784
decision_type=2 2 2 2 2 2 2 2 2 2 2 2
left_child=1 2 3 -1 8 7 -7 -6 9 -2 -4 -10
right_child=4 -3 10 -5 5 6 -8 -9 11 -11 -12 -13
leaf_value=-0.19218961987767522 0.031036331878657446 0.48390864402255751 0.077286932280065446 0.022972160025426146 0.17125332359560849 -0.017657520178147413 0.50663841182238434 -0.095295607896957915 -0.0097869487005840233 0.25350352031781653 0.43995265330732919 -0.31873574978751795
leaf_weight=1927 6509 288 973 20458 1028 978 428 13440 573 1249 501 480
leaf_count=1927 6509 288 973 20458 1028 978 428 13440 573 1249 501 480
internal_value=6.17092e-05 0.0224745 0.0167042 0.00437253 -0.0218628 -0.0566295 0.144394 -0.0762512 0.0407664 0.0671327 0.202688 -0.152292
internal_weight=48832 24147 23859 22385 24685 15874 1406 14468 8811 7758 1474 1053
internal_count=48832 24147 23859 22385 24685 15874 1406 14468 8811 7758 1474 1053
is_linear=0
shrinkage=0.03


Tree=117
num_leaves=10
num_cat=0
split_feature=35 76 8 9 59 34 172 34 7
split_gain=25818.1 26666.3 57724.5 73187.1 59213 50727.4 111387 74278.7 25472.9
threshold=-2.7434090375900264 -0.42664809525012964 -74.10418319702147 0.0034710119944065814 0.10773497819900514 2.6350001096725468 -2.3081127405166622 2.495000004768372 -2.6917085647583003
decision_type=2 2 2 2 2 2 2 2 2
left_child=8 2 4 -4 -2 7 -7 -3 -1
right_child=1 5 3 -5 -6 6 -8 -9 -10
leaf_value=-0.025797932833562243 0.018065952118237812 -0.020440878313531308 -0.0056405506166745389 0.12262695806622721 -0.70015664026141167 0.3959911169152957 -0.29061152877967128 0.23890097270976651 0.43610454383211528
leaf_weight=192 215 26290 13399 5699 188 243 1352 1023 231
leaf_count=192 215 26290 13399 5699 188 243 1352 1023 231
internal_value=6.81678e-05 -0.00199427 0.0251077 0.0326797 -0.325826 -0.0202793 -0.184191 -0.0106434 0.230693
internal_weight=48832 48409 19501 19098 403 28908 1595 27313 423
internal_count=48832 48409 19501 19098 403 28908 1595 27313 423
is_linear=0
shrinkage=0.03


Tree=118
num_leaves=13
num_cat=0
split_feature=90 151 3 30 26 74 99 76 40 81 155 169
split_gain=25899.7 38774.9 36189.4 101895 91101.4 88272.5 52349.4 64502.7 48703.5 19510.2 10536.5 8326.77
threshold=0.012070393655449154 37.12170600891114 0.00083424546755850326 0.9715000092983247 0.0028339284472167496 0.10528564453125001 0.00084766844520345341 -3.6216959953308101 2.034330010414124 1.1839999556541445 0.07138692215085031 47.046377182006843
decision_type=2 2 2 2 2 2 2 2 2 2 2 2
left_child=2 9 6 5 -5 -4 8 -8 -1 11 -11 -2
right_child=1 -3 3 4 -6 -7 7 -9 -10 10 -12 -13
leaf_value=0.011556115421465233 -0.4228475594205886 -0.462621505546778 -0.20053199689550866 0.25585210220232846 -0.00523466016961805 0.5159981005524461 0.40151516604555559 -0.10256901072451644 -0.46674178993763704 -0.12988630932105866 0.016929044446365133 -0.12136192934560069
leaf_weight=26541 151 219 193 1352 10288 687 227 6559 183 589 1650 193
leaf_count=26541 151 219 193 1352 10288 687 227 6559 183 589 1650 193
internal_value=6.71613e-05 -0.0883197 0.00546558 0.048963 0.0252845 0.358363 -0.0107957 -0.0851408 0.00810748 -0.0549227 -0.0220986 -0.261907
internal_weight=48832 2802 46030 12520 11640 880 33510 6786 26724 2583 2239 344
internal_count=48832 2802 46030 12520 11640 880 33510 6786 26724 2583 2239 344
is_linear=0
shrinkage=0.03


Tree=119
num_leaves=13
num_cat=0
split_feature=38 99 153 35 152 121 170 124 120 122 39 121
split_gain=25833.9 67602.6 56958.6 84860.5 55965.4 65385.9 86843.1 71061.2 47415.7 54546.5 45625.2 27520.7
threshold=-0.31791125237941736 0.0016541630029678347 0.0074205019045621165 -1.3835714459419248 -10.375380516052244 72.810146331787124 0.0026193091180175547 -3.0406485795974727 0.0021025836467742924 0.0043603437952697286 -1.2287045717239378 71.090129852294936
decision_type=2 2 2 2 2 2 2 2 2 2 2 2
left_child=1 2 3 -1 8 7 -7 -6 9 -2 -4 -10
right_child=4 -3 10 -5 5 6 -8 -9 11 -11 -12 -13
leaf_value=0.022950268554235841 0.029750288595495063 0.47118336650349146 0.075088232029437832 -0.1808567648886425 0.16516051022675038 -0.017555518763041809 0.49056813619916056 -0.092571464981111573 -0.23710497403811467 0.24553497086551315 0.42618787124475971 0.11243812891214408
leaf_weight=20374 6509 288 973 2011 1028 978 428 13440 788 1249 501 265
leaf_count=20374 6509 288 973 2011 1028 978 428 13440 788 1249 501 265
internal_value=6.07858e-05 0.0221184 0.0165026 0.00456829 -0.0215163 -0.0551577 0.139494 -0.0741573 0.0390864 0.0647619 0.196492 -0.148908
internal_weight=48832 24147 23859 22385 24685 15874 1406 14468 8811 7758 1474 1053
internal_count=48832 24147 23859 22385 24685 15874 1406 14468 8811 7758 1474 1053
is_linear=0
shrinkage=0.03


Tree=120
num_leaves=9
num_cat=0
split_feature=169 122 37 131 39 39 34 131
split_gain=25960.7 105422 70202.4 82891.9 61194.2 84165.1 65334.5 56059.2
threshold=70.254688262939467 0.0062174117192626008 1.07574999332428 0.39852271974086767 -1.2921538352966306 -1.371864318847656 2.5849999189376835 0.19169047474861148
decision_type=2 2 2 2 2 2 2 2
left_child=2 4 3 7 5 -2 -6 -1
right_child=1 -3 -4 -5 6 -7 -8 -9
leaf_value=0.0036659712305400671 -0.076154748717781107 -0.78537495673391855 0.46539382220601716 -0.49046379706738796 0.056204616240800961 -0.55612924983890932 -0.4448082259153166 0.22972646443821165
leaf_weight=40435 1791 163 291 291 4227 394 238 1002
leaf_count=40435 1791 163 291 291 4227 394 238 1002
internal_value=6.82416e-05 -0.0542099 0.00887976 0.00558541 -0.0351358 -0.164843 0.0285646 0.00918651
internal_weight=48832 6813 42019 41728 6650 2185 4465 41437
internal_count=48832 6813 42019 41728 6650 2185 4465 41437
is_linear=0
shrinkage=0.03


Tree=121
num_leaves=15
num_cat=0
split_feature=87 124 26 30 75 85 25 87 41 35 56 11 40 69
split_gain=25708 168109 111023 101676 94392.4 93051.8 90836.9 76014.1 55612 104505 97537.8 82556 54205.6 36222.3
threshold=-0.50801818072795857 -1.0038867592811582 0.0040332251228392133 2.120999932289124 0.76507273316383373 0.37855000793933874 38.187259674072273 -0.47764886915683741 -1.0594999790191648 -0.038675889372825616 51.169395446777351 0.050849389284849174 2.034330010414124 0.1634984686970711
decision_type=2 2 2 2 2 2 2 2 2 2 2 2 2 2
left_child=8 3 7 5 -4 -2 -5 -3 9 12 11 -10 -1 -12
right_child=1 2 4 6 -6 -7 -8 -9 10 -11 13 -13 -14 -15
leaf_value=0.0048603711055103952 -0.17857270052193333 -0.48800416732368185 -0.29643094465457676 3.5935259013442524e-05 -1.0396330079611609 0.56328784110167851 0.90903044232842267 0.0029763809982477612 0.74303182849962157 -0.73256613837054796 -0.010061653529604276 0.15455262361599698 -0.41173241707940611 -0.65743728695064785
leaf_weight=41896 557 325 686 151 194 198 277 1856 237 165 152 1715 273 150
leaf_count=41896 557 325 686 151 194 198 277 1856 237 165 152 1715 273 150
internal_value=5.63793e-05 -0.0704085 -0.187668 0.232029 -0.470114 0.0208015 0.595656 -0.0720801 0.00677769 -0.00096922 0.15164 0.229425 0.00206639 -0.342372
internal_weight=48832 4244 3061 1183 880 755 428 2181 44588 42334 2254 1952 42169 302
internal_count=48832 4244 3061 1183 880 755 428 2181 44588 42334 2254 1952 42169 302
is_linear=0
shrinkage=0.03


Tree=122
num_leaves=12
num_cat=0
split_feature=156 172 181 49 140 140 169 170 147 76 30
split_gain=25404 50764.1 47370.1 46998.9 50765.4 45882.3 37899.8 37383.3 39145.5 40253.4 33792.5
threshold=0.5241898000240327 -1.40213006734848 0.39585000276565557 0.063666660338640227 -0.31107263267040247 -0.2693240344524383 26.51920318603516 0.0059966146945953378 0.0015795111539773645 -3.5095793008804317 1.3069999814033511
decision_type=2 2 2 2 2 2 2 2 2 2 2
left_child=7 2 6 10 -5 -4 -2 8 9 -1 -3
right_child=1 3 5 4 -6 -7 -8 -9 -10 -11 -12
leaf_value=0.20185788522119677 -0.090331750518294368 -0.16012158877811292 0.58819103476002133 -0.25657441715355622 -0.0405734976669209 0.068438681734653603 0.10198421302982882 -0.34395883682957024 0.42328360888319955 0.0092642187223948326 0.0079733531344746266
leaf_weight=998 1664 1286 265 1946 1970 351 2044 249 203 31510 6346
leaf_count=998 1664 1286 265 1946 1970 351 2044 249 203 31510 6346
internal_value=4.58639e-05 -0.0311242 0.056465 -0.0639413 -0.148292 0.297858 0.0156698 0.0150608 0.017898 0.0152371 -0.0205233
internal_weight=48832 15872 4324 11548 3916 616 3708 32960 32711 32508 7632
internal_count=48832 15872 4324 11548 3916 616 3708 32960 32711 32508 7632
is_linear=0
shrinkage=0.03


Tree=123
num_leaves=8
num_cat=0
split_feature=34 122 40 30 74 25 32
split_gain=25274.3 27110.3 67672.7 69192.9 48715.3 48721.9 37441.9
threshold=-0.94499999284744252 0.0024213833967223768 1.9779040217399599 0.72250002622604381 0.094714030623435988 82.69675445556642 -0.014392856974154709
decision_type=2 2 2 2 2 2 2
left_child=-1 2 3 -2 6 -6 -3
right_child=1 4 -4 -5 5 -7 -8
leaf_value=0.31941827686868501 -0.62656972601746819 -0.37808554273739359 -0.4948233716249732 -0.018154629880637582 0.015747758301156527 0.23424148498251857 -0.044296480618520748
leaf_weight=212 160 461 270 16300 29637 938 854
leaf_count=212 160 461 270 16300 29637 938 854
internal_value=4.76171e-05 -0.00141035 -0.0323279 -0.0244456 0.0148146 0.0225252 -0.163283
internal_weight=48832 48620 16730 16460 31890 30575 1315
internal_count=48832 48620 16730 16460 31890 30575 1315
is_linear=0
shrinkage=0.03


Tree=124
num_leaves=7
num_cat=0
split_feature=56 75 14 98 158 106
split_gain=25418.1 31157.1 31013.2 38132.7 30765.1 6440.41
threshold=-168.22814941406247 -3.9421199560165401 0.48041331768035894 0.00082721412763930868 1.630623519420624 3.0056718587875371
decision_type=2 2 2 2 2 2
left_child=-1 5 3 -3 -4 -2
right_child=1 2 4 -5 -6 -7
leaf_value=-0.33495694383024582 0.14424666195921601 0.034174496636205573 -0.0082305041751852843 0.32569300390766598 0.21628023271241206 0.43062410045211963
leaf_weight=193 150 1479 45762 547 546 155
leaf_count=193 150 1479 45762 547 546 155
internal_value=4.00922e-05 0.00143794 -0.000500124 0.114095 -0.00553726 0.298833
internal_weight=48832 48639 48334 2026 46308 305
internal_count=48832 48639 48334 2026 46308 305
is_linear=0
shrinkage=0.03


Tree=125
num_leaves=14
num_cat=0
split_feature=63 29 155 122 83 40 178 99 75 69 170 32 39
split_gain=25331 81545.3 107864 84987 81198.8 53429.2 49277.3 37518.4 86263.1 118644 37629.2 118107 50442.4
threshold=1.180591940879822 -0.10835497826337813 0.13462847471237185 0.0056475019082427034 -0.077456708997488008 1.9422879219055178 1.7150000333786013 0.0016046802629716697 1.0577973127365115 0.12571471184492114 0.0033803667174652223 -0.19859649240970609 -0.40949457883834833
decision_type=2 2 2 2 2 2 2 2 2 2 2 2 2
left_child=7 2 3 -2 5 -3 -4 10 9 -9 12 -12 -1
right_child=1 4 6 -5 -6 -7 -8 8 -10 -11 11 -13 -14
leaf_value=0.0031408575251902415 0.024373965559612448 -0.29083862952540895 0.01418830043949732 0.65154289941124111 -0.73607502673416769 0.22079505606589458 -0.64891655127016401 -0.39377470424080768 -0.31666237858682872 0.51542198828653263 0.51853876080797168 -0.15080738405648358 0.2139986488309937
leaf_weight=41256 493 591 195 312 259 256 198 154 230 629 248 2974 1037
leaf_count=41256 493 591 195 312 259 256 198 154 230 629 248 2974 1037
internal_value=4.3851e-05 -0.0968348 0.0744958 0.272462 -0.281422 -0.135429 -0.327707 0.00486092 0.184532 0.333891 0.000822427 -0.0978423 0.00836033
internal_weight=48832 2304 1198 805 1106 847 393 46528 1013 783 45515 3222 42293
internal_count=48832 2304 1198 805 1106 847 393 46528 1013 783 45515 3222 42293
is_linear=0
shrinkage=0.03


Tree=126
num_leaves=12
num_cat=0
split_feature=80 86 86 34 80 107 29 36 31 34 76
split_gain=25028 48094.5 42910.9 74365.1 65982.7 48839.3 45667.7 39966.5 65859.6 47410.8 31337.9
threshold=0.7677569091320039 -0.7773684263229369 -0.65333333611488331 1.5549999475479128 0.62640789151191723 0.24794637411832812 2.5497499704360966 2.2029999494552617 0.34665000438690191 0.49500000476837164 -2.5442628860473628
decision_type=2 2 2 2 2 2 2 2 2 2 2
left_child=2 7 3 5 6 -1 -4 8 -2 -9 -6
right_child=1 -3 4 -5 10 -7 -8 9 -10 -11 -12
leaf_value=-0.13162982311155721 0.09080824406411897 0.44066939511418557 -0.0018337549245052746 0.54001786898890158 0.61668659853109387 0.33032064207933015 -0.3851635528942372 0.067267769704591446 0.78581467585684728 -0.09844608609815296 0.16333514845364425
leaf_weight=4717 541 262 34447 153 156 206 272 4750 150 2297 881
leaf_count=4717 541 262 34447 153 156 206 272 4750 150 2297 881
internal_value=4.02318e-05 0.0485277 -0.00946923 -0.0910031 0.00212771 -0.111669 -0.00494693 0.0346987 0.250736 0.0131897 0.236773
internal_weight=48832 8000 40832 5076 35756 4923 34719 7738 691 7047 1037
internal_count=48832 8000 40832 5076 35756 4923 34719 7738 691 7047 1037
is_linear=0
shrinkage=0.03


Tree=127
num_leaves=7
num_cat=0
split_feature=154 90 158 11 147 106
split_gain=25427.9 30262 32569.9 32164.6 31464 14863.1
threshold=12.437215805053713 -0.089546065777540193 1.630623519420624 0.14123220741748813 0.00073266230174340319 4.0975708961486825
decision_type=2 2 2 2 2 2
left_child=1 5 3 -3 -4 -1
right_child=-2 2 4 -5 -6 -7
leaf_value=0.10709320747260162 -0.3358389390459155 0.010616751542682585 0.079390654446986994 -0.046479446460072099 0.5824566087071199 0.46077723132031306
leaf_weight=297 192 35855 380 11792 151 165
leaf_count=297 192 35855 380 11792 151 165
internal_value=5.38758e-05 0.00144853 -0.000893226 -0.00352059 0.230569 0.240495
internal_weight=48832 48640 48178 47647 531 462
internal_count=48832 48640 48178 47647 531 462
is_linear=0
shrinkage=0.03


Tree=128
num_leaves=16
num_cat=0
split_feature=151 172 35 35 82 123 153 145 76 35 122 159 172 63 44
split_gain=25076.1 54600.3 70590.6 76812.8 47670.5 39192 47022 41917.6 37952.7 48617.1 48507.6 45705 69244.6 63661.5 44445.5
threshold=12.40570116043091 -0.99253037571907032 -0.038675889372825616 0.19169047474861148 2.5849999189376835 0.48947916924953466 0.0027268233243376021 0.00063328942633233975 -0.46619568765163416 -2.6802046298980708 0.0043321293778717527 1.6719491481781008 0.4245829582214356 1.2265387177467348 1.0000000180025095e-35
decision_type=2 2 2 2 2 2 2 2 2 2 2 2 2 2 2
left_child=8 5 4 -4 -3 7 -7 -2 11 14 -11 12 -1 -13 -10
right_child=1 2 3 -5 -6 6 -8 -9 9 10 -12 13 -14 -15 -16
leaf_value=0.07541436274987659 -0.020442880579138803 -0.027816650650881874 -0.77300552047450433 -0.127223658468614 -0.31435192519922617 -0.47621302795245418 0.041860805292556438 0.31527598578495969 0.60349549777532385 -0.032142029849257556 0.11933782368829311 0.25995532843543878 -0.071411800664720568 -0.11728246156507256 0.010705495503203696
leaf_weight=8599 549 6081 254 459 562 189 753 843 208 21434 2078 1723 4343 518 239
leaf_count=8599 549 6081 254 459 562 189 753 843 208 21434 2078 1723 4343 518 239
internal_value=5.75299e-05 -0.0431243 -0.0832177 -0.364787 -0.0524937 0.083053 -0.0659943 0.183668 0.0107559 -0.0127602 -0.0187091 0.0478486 0.0261262 0.172624 0.293715
internal_weight=48832 9690 7356 713 6643 2334 942 1392 39142 23959 23512 15183 12942 2241 447
internal_count=48832 9690 7356 713 6643 2334 942 1392 39142 23959 23512 15183 12942 2241 447
is_linear=0
shrinkage=0.03


Tree=129
num_leaves=14
num_cat=0
split_feature=57 32 26 131 99 124 153 82 124 25 155 131 29
split_gain=24964.8 55021.9 131370 115812 67959.4 57091.4 32745.9 49362.7 61372.5 42578.9 40990.1 112138 108354
threshold=0.001141417305916548 0.062052631750702865 0.0032314105192199354 -0.33275362849235529 0.0013048380496911707 -0.24230168759822843 0.0035341936163604264 2.7549999952316289 -0.18936527520418164 88.73581695556642 0.13462847471237185 0.19169047474861148 -0.27745237946510309
decision_type=2 2 2 2 2 2 2 2 2 2 2 2 2
left_child=1 2 -1 4 -3 -4 7 9 -9 -2 11 -8 -12
right_child=6 3 5 -5 -6 -7 10 8 -10 -11 12 -13 -14
leaf_value=0.8250032927994343 -0.042401756113305766 0.023456956357960159 0.35107747363037195 -0.67651696748849821 0.503461567333087 -0.27395824195029805 0.02117680841858709 -0.80795803527746879 0.025283082325011492 0.39006070851276697 -0.53762732085892262 0.39257191968286104 -0.019679362569795779
leaf_weight=262 14055 4550 230 195 272 281 18439 158 150 198 369 752 8921
leaf_count=262 14055 4550 230 195 272 281 18439 158 150 198 369 752 8921
internal_value=5.25248e-05 0.0584813 0.292385 0.0219323 0.051519 0.00870776 -0.00781906 -0.0443991 -0.414125 -0.0361248 0.0108916 0.0359268 -0.0408083
internal_weight=48832 5790 773 5017 4822 511 43042 14561 308 14253 28481 19191 9290
internal_count=48832 5790 773 5017 4822 511 43042 14561 308 14253 28481 19191 9290
is_linear=0
shrinkage=0.03


end of trees

feature_importances:
Column_170=88
Column_26=74
Column_122=51
Column_29=50
Column_74=45
Column_169=42
Column_34=38
Column_35=37
Column_32=31
Column_172=30
Column_3=28
Column_39=28
Column_155=28
Column_30=27
Column_40=27
Column_63=26
Column_106=24
Column_44=22
Column_37=21
Column_33=20
Column_38=20
Column_99=20
Column_56=19
Column_124=19
Column_107=18
Column_121=18
Column_76=17
Column_82=16
Column_147=15
Column_90=13
Column_25=12
Column_36=12
Column_59=12
Column_87=12
Column_151=11
Column_152=11
Column_153=11
Column_31=10
Column_62=10
Column_131=10
Column_80=9
Column_83=9
Column_86=9
Column_154=9
Column_75=8
Column_167=8
Column_11=7
Column_28=7
Column_41=7
Column_45=7
Column_73=7
Column_77=7
Column_117=7
Column_2=6
Column_7=6
Column_18=6
Column_84=6
Column_85=6
Column_92=6
Column_111=6
Column_130=6
Column_146=6
Column_9=5
Column_14=5
Column_46=5
Column_51=5
Column_69=5
Column_81=5
Column_105=5
Column_156=5
Column_165=5
Column_15=4
Column_57=4
Column_78=4
Column_88=4
Column_89=4
Column_98=4
Column_125=4
Column_135=4
Column_158=4
Column_159=4
Column_21=3
Column_49=3
Column_79=3
Column_94=3
Column_103=3
Column_123=3
Column_140=3
Column_145=3
Column_171=3
Column_16=2
Column_93=2
Column_104=2
Column_108=2
Column_120=2
Column_127=2
Column_129=2
Column_136=2
Column_161=2
Column_178=2
Column_181=2
Column_0=1
Column_1=1
Column_4=1
Column_8=1
Column_17=1
Column_23=1
Column_43=1
Column_47=1
Column_50=1
Column_58=1
Column_65=1
Column_68=1
Column_95=1
Column_113=1
Column_119=1
Column_128=1
Column_160=1
Column_162=1
Column_164=1
Column_168=1
Column_175=1
Column_176=1
Column_183=1
Column_188=1

parameters:
[boosting: gbdt]
[objective: regression]
[metric: l2]
[tree_learner: serial]
[device_type: cpu]
[data_sample_strategy: bagging]
[data: ]
[valid: ]
[num_iterations: 130]
[learning_rate: 0.03]
[num_leaves: 31]
[num_threads: 4]
[seed: 42]
[deterministic: 0]
[force_col_wise: 0]
[force_row_wise: 0]
[histogram_pool_size: -1]
[max_depth: 4]
[min_data_in_leaf: 150]
[min_sum_hessian_in_leaf: 0.001]
[bagging_fraction: 0.8]
[pos_bagging_fraction: 1]
[neg_bagging_fraction: 1]
[bagging_freq: 0]
[bagging_seed: 400]
[bagging_by_query: 0]
[feature_fraction: 0.7]
[feature_fraction_bynode: 1]
[feature_fraction_seed: 30056]
[extra_trees: 0]
[extra_seed: 12879]
[early_stopping_round: 0]
[early_stopping_min_delta: 0]
[first_metric_only: 0]
[max_delta_step: 0]
[lambda_l1: 0]
[lambda_l2: 10]
[linear_lambda: 0]
[min_gain_to_split: 0]
[drop_rate: 0.1]
[max_drop: 50]
[skip_drop: 0.5]
[xgboost_dart_mode: 0]
[uniform_drop: 0]
[drop_seed: 17869]
[top_rate: 0.2]
[other_rate: 0.1]
[min_data_per_group: 100]
[max_cat_threshold: 32]
[cat_l2: 10]
[cat_smooth: 10]
[max_cat_to_onehot: 4]
[top_k: 20]
[monotone_constraints: ]
[monotone_constraints_method: basic]
[monotone_penalty: 0]
[feature_contri: ]
[forcedsplits_filename: ]
[refit_decay_rate: 0.9]
[cegb_tradeoff: 1]
[cegb_penalty_split: 0]
[cegb_penalty_feature_lazy: ]
[cegb_penalty_feature_coupled: ]
[path_smooth: 0]
[interaction_constraints: ]
[verbosity: -1]
[saved_feature_importance_type: 0]
[use_quantized_grad: 0]
[num_grad_quant_bins: 4]
[quant_train_renew_leaf: 0]
[stochastic_rounding: 1]
[linear_tree: 0]
[max_bin: 255]
[max_bin_by_feature: ]
[min_data_in_bin: 3]
[bin_construct_sample_cnt: 200000]
[data_random_seed: 175]
[is_enable_sparse: 1]
[enable_bundle: 1]
[use_missing: 1]
[zero_as_missing: 0]
[feature_pre_filter: 1]
[pre_partition: 0]
[two_round: 0]
[header: 0]
[label_column: ]
[weight_column: ]
[group_column: ]
[ignore_column: ]
[categorical_feature: ]
[forcedbins_filename: ]
[precise_float_parser: 0]
[parser_config_file: ]
[objective_seed: 16083]
[num_class: 1]
[is_unbalance: 0]
[scale_pos_weight: 1]
[sigmoid: 1]
[boost_from_average: 1]
[reg_sqrt: 0]
[alpha: 0.9]
[fair_c: 1]
[poisson_max_delta_step: 0.7]
[tweedie_variance_power: 1.5]
[lambdarank_truncation_level: 30]
[lambdarank_norm: 1]
[label_gain: ]
[lambdarank_position_bias_regularization: 0]
[eval_at: ]
[multi_error_top_k: 1]
[auc_mu_weights: ]
[num_machines: 1]
[local_listen_port: 12400]
[time_out: 120]
[machine_list_filename: ]
[machines: ]
[gpu_platform_id: -1]
[gpu_device_id: -1]
[gpu_device_id_list: ]
[gpu_use_dp: 0]
[num_gpu: 1]

end of parameters

pandas_categorical:null
