tree
version=v4
num_class=1
num_tree_per_iteration=1
label_index=0
max_feature_idx=191
objective=regression
feature_names=Column_0 Column_1 Column_2 Column_3 Column_4 Column_5 Column_6 Column_7 Column_8 Column_9 Column_10 Column_11 Column_12 Column_13 Column_14 Column_15 Column_16 Column_17 Column_18 Column_19 Column_20 Column_21 Column_22 Column_23 Column_24 Column_25 Column_26 Column_27 Column_28 Column_29 Column_30 Column_31 Column_32 Column_33 Column_34 Column_35 Column_36 Column_37 Column_38 Column_39 Column_40 Column_41 Column_42 Column_43 Column_44 Column_45 Column_46 Column_47 Column_48 Column_49 Column_50 Column_51 Column_52 Column_53 Column_54 Column_55 Column_56 Column_57 Column_58 Column_59 Column_60 Column_61 Column_62 Column_63 Column_64 Column_65 Column_66 Column_67 Column_68 Column_69 Column_70 Column_71 Column_72 Column_73 Column_74 Column_75 Column_76 Column_77 Column_78 Column_79 Column_80 Column_81 Column_82 Column_83 Column_84 Column_85 Column_86 Column_87 Column_88 Column_89 Column_90 Column_91 Column_92 Column_93 Column_94 Column_95 Column_96 Column_97 Column_98 Column_99 Column_100 Column_101 Column_102 Column_103 Column_104 Column_105 Column_106 Column_107 Column_108 Column_109 Column_110 Column_111 Column_112 Column_113 Column_114 Column_115 Column_116 Column_117 Column_118 Column_119 Column_120 Column_121 Column_122 Column_123 Column_124 Column_125 Column_126 Column_127 Column_128 Column_129 Column_130 Column_131 Column_132 Column_133 Column_134 Column_135 Column_136 Column_137 Column_138 Column_139 Column_140 Column_141 Column_142 Column_143 Column_144 Column_145 Column_146 Column_147 Column_148 Column_149 Column_150 Column_151 Column_152 Column_153 Column_154 Column_155 Column_156 Column_157 Column_158 Column_159 Column_160 Column_161 Column_162 Column_163 Column_164 Column_165 Column_166 Column_167 Column_168 Column_169 Column_170 Column_171 Column_172 Column_173 Column_174 Column_175 Column_176 Column_177 Column_178 Column_179 Column_180 Column_181 Column_182 Column_183 Column_184 Column_185 Column_186 Column_187 Column_188 Column_189 Column_190 Column_191
feature_infos=[0:1] [1.6689300537109375e-06:0.0074708065949380398] [3.2544135137868579e-06:0.0041124760173261166] [4.1723251342773438e-06:0.0025176724884659052] [4.3966842895315494e-06:0.051646482199430466] [0:1] [1.6762237548828125:99.999580383300781] [-286.24609375:271.9420166015625] [-315.36013793945312:363.60232543945312] [-8.3818158600479364e-06:0.03893657773733139] [0.0068777166306972504:21.24195671081543] [0.02105877548456192:0.81548726558685303] [-4.0363707542419434:4.1135702133178711] [0.10000000149011612:1.9255849123001099] [0.10000000149011612:1.7447570562362671] [0.12463502585887909:2.9185793399810791] [-5.1930127143859863:8] [0.00014501799887511879:0.99999880790710449] [0.0055541461333632469:50.099300384521484] [-0.029210165143013:0.016503453254699707] [0.2869110107421875:99.945037841796875] [4.6491622924804688e-06:0.006483572069555521] [-8.9997072219848633:8.6436433792114258] [-9.1281642913818359:104.88381195068359] [-0.029210165143013:0.024096488952636719] [2.209259033203125:99.822830200195312] [0.00022138016356620938:0.0082964468747377396] [-6.7826237678527832:12.696244239807129] [-6.029381275177002:10.763909339904785] [-0.84095239639282227:2.9259090423583984] [0.47499999403953552:4.0300002098083496] [-1.4399000406265259:1.7858999967575073] [-0.58238095045089722:1.4936841726303101] [0.008999999612569809:4.3969998359680176] [-1.0800000429153442:2.9000000953674316] [-2.9259090423583984:0.84095239639282227] [0.47499999403953552:4.0300002098083496] [-1.7858999967575073:1.4399000406265259] [-1.4936841726303101:0.58238095045089722] [-2.2556111812591553:-0.23015454411506653] [-0.64727270603179932:2.9534347057342529] [-4.3969998359680176:-0.008999999612569809] [-0.3985714316368103:0.48033127188682556] [0:0.24516962468624115] [-0.99976199865341187:0.96592581272125244] [-1:-0.02181488461792469] [-0.95105654001235962:0.95105654001235962] [-0.80901700258255005:1] [0:1] [0.0032450358849018812:0.78600054979324341] [0.0041000368073582649:0.46614152193069458] [0.00640843715518713:0.28925526142120361] [8.8347762357443571e-05:0.068586677312850952] [0:1] [0:99.676277160644531] [-336.58505249023438:376.80148315429688] [-351.91058349609375:395.38861083984375] [1.5760495443828404e-05:0.093322508037090302] [0.16657303273677826:47.749237060546875] [0.019239716231822968:0.50744485855102539] [-3.9246389865875244:4.5987167358398438] [0.10000000149011612:1.9393829107284546] [0.10000000149011612:1.7498627901077271] [0.13222971558570862:3.2284483909606934] [-5.107551097869873:8] [0.00016771920491009951:0.99999880790710449] [0.0077564693056046963:2.2987627983093262] [-0.034263134002685547:0.035608768463134766] [0.14531707763671875:100] [0.0089639937505125999:0.67618125677108765] [-10.076188087463379:9.9408779144287109] [-9.8451633453369141:9.0574283599853516] [-0.034263134002685547:0.035608768463134766] [1.8060302734375:100] [0.019069671630859375:0.99714553356170654] [-9.1253042221069336:7.5205512046813965] [-7.8212118148803711:9.0613164901733398] [-0.84095239639282227:2.9259090423583984] [0.47499999403953552:4.0300002098083496] [-1.4399000406265259:1.7858999967575073] [-0.58238095045089722:1.4936841726303101] [0.008999999612569809:4.3969998359680176] [-1.0800000429153442:2.9000000953674316] [-2.9259090423583984:0.84095239639282227] [0.47499999403953552:4.0300002098083496] [-1.7858999967575073:1.4399000406265259] [-1.4936841726303101:0.58238095045089722] [-2.2556111812591553:-0.23015454411506653] [-0.64727270603179932:2.9534347057342529] [-4.3969998359680176:-0.008999999612569809] [-0.3985714316368103:0.48033127188682556] [0:0.24516962468624115] [-0.99976199865341187:0.96592581272125244] [-1:-0.02181488461792469] [-0.95105654001235962:0.95105654001235962] [-0.80901700258255005:1] [0:1] [7.3273979069199413e-05:0.025020817294716835] [0.00010498166375327855:0.011271256022155285] [0.000140436488436535:0.0063286623917520046] [0.00019987962150480598:0.1607879102230072] [0:1] [0.11544036865234375:99.999404907226562] [-831.280029296875:231.87071228027344] [-881.58966064453125:336.12518310546875] [1.1104270924988668e-05:0.13288982212543488] [0.3219640851020813:47.77081298828125] [0.021008225157856941:0.86117368936538696] [-4.4389419555664062:4.6449317932128906] [0.10000000149011612:1.9329853057861328] [0.16528689861297607:1.7398487329483032] [0.27483668923377991:8.7600412368774414] [-4.4932951927185059:8] [0.00047696605906821787:0.99999880790710449] [0.013368581421673298:8.6405553817749023] [-0.083681434392929077:0.01551896333694458] [0.534332275390625:99.999786376953125] [0.00026323966449126601:0.017711741849780083] [-10.682263374328613:9.245051383972168] [-10.503238677978516:8.5481958389282227] [-0.083681434392929077:0.017779901623725891] [0.3349609375:99.999908447265625] [0.00070071220397949219:0.021935343742370605] [-7.9213366508483887:6.5769400596618652] [-7.790863037109375:7.3775491714477539] [-0.84095239639282227:2.9259090423583984] [0.47499999403953552:4.0300002098083496] [-1.4399000406265259:1.7858999967575073] [-0.58238095045089722:1.4936841726303101] [0.008999999612569809:4.3969998359680176] [-1.0800000429153442:2.9000000953674316] [-2.9259090423583984:0.84095239639282227] [0.47499999403953552:4.0300002098083496] [-1.7858999967575073:1.4399000406265259] [-1.4936841726303101:0.58238095045089722] [-2.2556111812591553:-0.23015454411506653] [-0.64727270603179932:2.9534347057342529] [-4.3969998359680176:-0.008999999612569809] [-0.3985714316368103:0.48033127188682556] [0:0.24516962468624115] [-0.99976199865341187:0.96592581272125244] [-1:-0.02181488461792469] [-0.95105654001235962:0.95105654001235962] [-0.80901700258255005:1] [0:1] [2.082188984786626e-05:0.0067574777640402317] [5.9014557336922735e-05:0.0036179900635033846] [8.5512794612441212e-05:0.0026329159736633301] [0.00016230455366894603:0.043886370956897736] [0:1] [0:99.999755859375] [-236.20367431640625:241.05891418457031] [-312.33877563476562:254.68989562988281] [7.0109177613630891e-05:0.11543251574039459] [0.17402119934558868:44.995391845703125] [0.020244615152478218:0.56472659111022949] [-3.8917300701141357:4.0276756286621094] [0.10000000149011612:1.906816840171814] [0.10000000149011612:1.7380797863006592] [0.45485201478004456:10.929666519165039] [-6.7633657455444336:8] [1.0016679880209267e-05:0.99999880790710449] [0.015558860264718533:7.3024897575378418] [-0.013829398900270462:0.0213184654712677] [1.6669235229492188:99.999832153320312] [0.00014894349442329258:0.0051643168553709984] [-9.4218387603759766:8.684260368347168] [-9.760218620300293:9.3332185745239258] [-0.019947409629821777:0.0213184654712677] [0:99.086631774902344] [0.00057210243539884686:0.0096116149798035622] [-7.0655269622802734:7.2225184440612793] [-7.2990913391113281:6.6795001029968262] [-0.84095239639282227:2.9259090423583984] [0.47499999403953552:4.0300002098083496] [-1.4399000406265259:1.7858999967575073] [-0.58238095045089722:1.4936841726303101] [0.008999999612569809:4.3969998359680176] [-1.0800000429153442:2.9000000953674316] [-2.9259090423583984:0.84095239639282227] [0.47499999403953552:4.0300002098083496] [-1.7858999967575073:1.4399000406265259] [-1.4936841726303101:0.58238095045089722] [-2.2556111812591553:-0.23015454411506653] [-0.64727270603179932:2.9534347057342529] [-4.3969998359680176:-0.008999999612569809] [-0.3985714316368103:0.48033127188682556] [0:0.24516962468624115] [-0.99976199865341187:0.96592581272125244] [-1:-0.02181488461792469] [-0.95105654001235962:0.95105654001235962] [-0.80901700258255005:1]
tree_sizes=1094 1475 1473 1127 1135 1217 1128 1575 1209 1482 1218 861 1307 1211 1316 946 866 1217 1409 1122 868 1598 1303 1131 1472 1207 1222 1309 708 1115 1145 1227 1397 1115 868 1145 953 1221 1316 1044 1304 1220 780 1297 1225 956 1316 1318 1144 1140 783 867 1223 1231 1390 1135 963 1328 1129 1490 1040 776 1153 1222 874 1234 1401 1238 1499 1131 1313 875 1316 1315 1037 1407 1223 1040 787 1118 1037 1322 861 950 790 1236 1231 1138 780 1234 1394 1039 1307 1230 1234 1145 1123 790 871 1488 696 1153 1233 956 1408 1230 1308 1148 957 1313 1147 1326 1595 951 1322 1301 1048 1212 959 883 1243 956 1331 1320 1298 964 1321 1133 1407 1326

Tree=0
num_leaves=11
num_cat=0
split_feature=169 74 8 73 122 188 84 87 32 147
split_gain=149946 162325 228333 207382 162155 170301 119584 126352 79743.2 72881.7
threshold=21.334903717041019 0.40640041232109075 77.986194610595717 21.866245269775394 0.0037442998727783565 -0.47136868536472315 3.1575000286102299 -0.40119004249572748 1.3599675297737124 0.00096948741702362906
decision_type=2 2 2 2 2 2 2 2 2 2
left_child=6 4 3 -3 8 -6 7 9 -2 -1
right_child=1 2 -4 -5 5 -7 -8 -9 -10 -11
leaf_value=1.1193054660622763 0.97716784247567934 2.0576917556872409 0.16915889950209184 1.1674148239500157 0.64997136630788255 0.92883652922882265 1.8227546938899839 1.9344833322144221 0.52271807631127087 0.5107326271268382
leaf_weight=1949 34921 256 174 2130 3102 5385 237 152 341 185
leaf_count=1949 34921 256 174 2130 3102 5385 237 152 341 185
internal_value=0.970197 0.957906 1.18962 1.26708 0.9443 0.826654 1.19495 1.12643 0.972647 1.06465
internal_weight=48832 46309 2560 2386 43749 8487 2523 2286 35262 2134
internal_count=48832 46309 2560 2386 43749 8487 2523 2286 35262 2134
is_linear=0
shrinkage=1


Tree=1
num_leaves=15
num_cat=0
split_feature=170 59 25 51 38 122 50 169 30 69 140 51 176 30
split_gain=143846 200111 231209 223956 126978 112618 123465 108596 156918 112126 121493 104532 80972.3 59836.3
threshold=0.003261417150497437 0.096935153007507338 50.685924530029304 0.10431302338838579 0.18534632027149203 0.0048065907321870336 0.046702003106474883 21.916713714599613 3.1575000286102299 0.24133899807929995 0.24825246632099154 0.12620951235294345 1.3599675297737124 2.742499947547913
decision_type=2 2 2 2 2 2 2 2 2 2 2 2 2 2
left_child=7 5 3 -3 -4 6 -2 8 13 12 -11 -7 -9 -1
right_child=1 2 4 -5 -6 11 -8 9 -10 10 -12 -13 -14 -15
leaf_value=0.2014710166061473 -0.082247570147156959 0.11789136994584888 -0.12244869711018125 1.0595315957665443 -0.93281763106584548 -0.2369038637269707 -0.65453908637126901 0.0044556568766889581 0.94406833945959812 0.68100429686276542 -0.053162507440510327 0.4677825148526249 -0.44443657472586795 -0.23455004229196499
leaf_weight=1804 487 1226 1377 270 190 939 1133 39458 230 446 363 227 355 327
leaf_count=1804 487 1226 1377 270 190 939 1133 39458 230 446 363 227 355 327
internal_value=7.29912e-06 -0.139442 0.0279801 0.293747 -0.225999 -0.322952 -0.484058 0.0190111 0.216365 0.00749028 0.354955 -0.0969025 0.000342428 0.133781
internal_weight=48832 5849 3063 1496 1567 2786 1620 42983 2361 40622 809 1166 39813 2131
internal_count=48832 5849 3063 1496 1567 2786 1620 42983 2361 40622 809 1166 39813 2131
is_linear=0
shrinkage=0.03


Tree=2
num_leaves=15
num_cat=0
split_feature=170 74 29 73 172 31 9 31 50 26 80 26 9 47
split_gain=135393 167216 345724 150920 237961 128777 102801 100492 89456.7 77148.1 76603 38386.2 49908.7 31901.9
threshold=0.003261417150497437 0.44033758342266088 1.5347726941108706 25.698936462402347 1.3495441079139712 -0.91830000281333912 0.0013172825565561654 1.0464499592781069 0.12783660739660266 0.0027855464722961192 1.3599675297737124 0.0024555027484893803 0.0019485334632918241 1.0000000180025095e-35
decision_type=2 2 2 2 2 2 2 2 2 2 2 2 2 2
left_child=7 3 6 4 -2 -5 -3 8 10 -10 -1 13 -13 -9
right_child=1 2 -4 5 -6 -7 -8 11 9 -11 -12 12 -14 -15
leaf_value=0.033212194127922465 -1.1354009325727821 1.3124839343604717 -0.55865098821908921 0.49792723375071379 0.076624681355924942 -0.17978797334153887 0.40951646450177909 -0.14018755938118424 0.12448253642715953 0.61428820416180863 -0.41350692139276674 -0.76670326005870648 -0.13666810405201213 -0.0030394290043300755
leaf_weight=34626 350 166 291 259 243 4177 363 2852 949 411 339 155 379 3272
leaf_count=34626 350 166 291 259 243 4177 363 2852 949 411 339 155 379 3272
internal_value=1.14727e-05 -0.135278 0.25975 -0.200077 -0.645702 -0.139188 0.711961 0.0184485 0.0380905 0.275908 0.0287641 -0.0886116 -0.330276 -0.0670349
internal_weight=48832 5849 820 5029 593 4436 529 42983 36325 1360 34965 6658 534 6124
internal_count=48832 5849 820 5029 593 4436 529 42983 36325 1360 34965 6658 534 6124
is_linear=0
shrinkage=0.03


Tree=3
num_leaves=11
num_cat=0
split_feature=169 74 170 8 59 59 36 39 74 36
split_gain=135833 144058 222703 210607 179984 139944 105249 121129 67384 65845.7
threshold=21.334903717041019 0.40640041232109075 0.003261417150497437 77.986194610595717 0.13100486993789676 0.096935153007507338 3.1575000286102299 -0.40119004249572748 0.41776983439922338 0.93050000071525585
decision_type=2 2 2 2 2 2 2 2 2 2
left_child=6 2 9 4 -3 -4 7 8 -1 -2
right_child=1 3 5 -5 -6 -7 -8 -9 -10 -11
leaf_value=0.13788880771261428 -0.14946638098877674 0.087589685960689542 -0.39201317072002578 -0.77339178983041124 0.63174606732208938 -0.057191894067318193 0.80292991570962469 0.94078056366631269 -0.48485615425250106 0.0086161315381246394
leaf_weight=1974 2525 1546 2236 174 840 2256 237 152 160 36732
leaf_count=1974 2525 1546 2236 174 840 2256 237 152 160 36732
internal_value=9.49641e-06 -0.0116888 -0.0245065 0.206603 0.280999 -0.224358 0.213927 0.149631 0.0891538 -0.00158717
internal_weight=48832 46309 43749 2560 2386 4492 2523 2286 2134 39257
internal_count=48832 46309 43749 2560 2386 4492 2523 2286 2134 39257
is_linear=0
shrinkage=0.03


Tree=4
num_leaves=11
num_cat=0
split_feature=169 74 170 38 110 59 30 39 147 30
split_gain=128004 135541 209597 200424 157807 131710 99310.4 114466 64230 61968.6
threshold=21.334903717041019 0.40640041232109075 0.003261417150497437 -1.2290475964546201 0.58735260367393505 0.096935153007507338 3.1575000286102299 -0.40119004249572748 0.00096948741702362906 0.93050000071525585
decision_type=2 2 2 2 2 2 2 2 2 2
left_child=6 2 9 -3 -5 -4 7 8 -1 -2
right_child=1 3 5 4 -6 -7 -8 -9 -10 -11
leaf_value=0.13774802599492461 -0.14500007937716308 -0.79082530486982228 -0.38030513352985662 -0.44627795570596934 0.35176002971962006 -0.055483714643165483 0.77981721707729068 0.91429933136260066 -0.43354355203188383 0.0083577091863389855
leaf_weight=1949 2525 162 2236 240 2158 2256 237 152 185 36732
leaf_count=1949 2525 162 2236 240 2158 2256 237 152 185 36732
internal_value=1.38274e-05 -0.0113423 -0.0237754 0.200399 0.270368 -0.217657 0.207674 0.145219 0.0864307 -0.00154064
internal_weight=48832 46309 43749 2560 2398 4492 2523 2286 2134 39257
internal_count=48832 46309 43749 2560 2398 4492 2523 2286 2134 39257
is_linear=0
shrinkage=0.03


Tree=5
num_leaves=12
num_cat=0
split_feature=169 38 69 38 122 105 30 39 169 121 74
split_gain=120637 128718 119955 229819 123247 93964.7 93704.9 108168 75179.6 72393.4 62365.9
threshold=21.334903717041019 0.21651515364646914 0.17994799464941028 -0.65333333611488331 0.0036198241868987684 0.0025747212348505859 3.1575000286102299 -0.40119004249572748 49.696662902832038 35.573364257812507 0.41776983439922338
decision_type=2 2 2 2 2 2 2 2 2 2 2
left_child=6 2 4 -4 -2 8 7 10 -3 -7 -1
right_child=1 5 3 -5 -6 9 -8 -9 -10 -11 -12
leaf_value=0.1306893612630102 0.010349329530510008 -1.1395399524925685 -0.1183826402681309 0.33492977228488408 -0.11924052219129208 -0.47451235293100275 0.75736985599049012 0.88856352453706444 -0.3329949986574513 0.0010520470526065911 -0.4684015894532203
leaf_weight=1974 31905 154 1679 2488 8319 386 237 152 321 1057 160
leaf_count=1974 31905 154 1679 2488 8319 386 237 152 321 1057 160
internal_value=1.30553e-05 -0.0110115 -0.000588932 0.152431 -0.016475 -0.25098 0.20161 0.140944 -0.612589 -0.128551 0.0837964
internal_weight=48832 46309 44391 4167 40224 1918 2523 2286 475 1443 2134
internal_count=48832 46309 44391 4167 40224 1918 2523 2286 475 1443 2134
is_linear=0
shrinkage=0.03


Tree=6
num_leaves=11
num_cat=0
split_feature=169 74 8 170 73 32 30 39 31 147
split_gain=113691 123699 194912 193943 191761 117745 88417.7 102217 61017.2 59413.7
threshold=21.334903717041019 0.40640041232109075 77.986194610595717 0.003261417150497437 21.866245269775394 -0.10344047844409941 3.1575000286102299 -0.40119004249572748 0.97760000824928295 0.00096948741702362906
decision_type=2 2 2 2 2 2 2 2 2 2
left_child=6 3 4 8 -3 -5 7 9 -2 -1
right_child=1 2 -4 5 -6 -7 -8 -9 -10 -11
leaf_value=0.13059840544357976 0.016320401092170304 1.0232623737694038 -0.75108222851448736 -0.48676617757927981 0.16747197397710389 -0.12382507455628958 0.7355686394454013 0.86355210220372236 -0.081065394303902333 -0.41884077420601479
leaf_weight=1949 32208 256 174 1044 2130 3448 237 152 7049 185
leaf_count=1949 32208 256 174 1044 2130 3448 237 152 7049 185
internal_value=9.40401e-06 -0.010693 0.191587 -0.0225706 0.263179 -0.209071 0.195716 0.136787 -0.00118242 0.0812352
internal_weight=48832 46309 2560 43749 2386 4492 2523 2286 39257 2134
internal_count=48832 46309 2560 43749 2386 4492 2523 2286 39257 2134
is_linear=0
shrinkage=0.03


Tree=7
num_leaves=16
num_cat=0
split_feature=170 59 9 74 74 152 121 31 35 129 129 26 146 41 95
split_gain=105612 174735 158590 191452 129207 101752 93477.4 89578.1 80442.5 91197.5 87172.1 36061.5 48460.7 33198.1 30157.6
threshold=0.003261417150497437 0.07060974091291429 0.0025566073600202803 0.42466953396797186 0.27212306857109075 51.029436111450202 67.207412719726577 1.0464499592781069 -2.1788526773452754 4.1870000362396249 4.12150001525879 0.0024555027484893803 0.00070651175337843608 -1.1784999966621397 1.0000000180025095e-35
decision_type=2 2 2 2 2 2 2 2 2 2 2 2 2 2 2
left_child=7 4 3 -3 13 -6 -4 8 9 -1 -10 14 -13 -2 -9
right_child=1 2 6 -5 5 -7 -8 11 10 -11 -12 12 -14 -15 -16
leaf_value=0.60894816740623892 -0.23540645089943835 0.016571687259749182 -0.11101490948983476 0.71537699126883547 -0.84743157714036443 -0.019939651934655158 -0.61694714845096976 -0.13499345987548309 0.034175652078992036 -0.17301519029632662 -0.38837105775415226 -0.1082235050082698 -0.70603283581137655 0.20326273746992626 -0.0016515730459825096
leaf_weight=429 531 1835 1675 427 599 172 401 2852 35273 188 435 354 180 209 3272
leaf_count=429 531 1835 1675 427 599 172 401 2852 35273 188 435 354 180 209 3272
internal_value=1.57287e-05 -0.119472 -0.0224082 0.151054 -0.396157 -0.665448 -0.21123 0.0162993 0.0348442 0.371724 0.0289208 -0.0847797 -0.319007 -0.110454 -0.0638689
internal_weight=48832 5849 4338 2262 1511 771 2076 42983 36325 617 35708 6658 534 740 6124
internal_count=48832 5849 4338 2262 1511 771 2076 42983 36325 617 35708 6658 534 740 6124
is_linear=0
shrinkage=0.03


Tree=8
num_leaves=12
num_cat=0
split_feature=169 38 74 32 25 35 89 122 30 87 74
split_gain=107361 117518 105211 200530 89502.7 151331 116415 86162.8 82973.7 96405 56636.9
threshold=21.334903717041019 0.21651515364646914 0.40640041232109075 0.58294048905372631 56.30842590332032 0.39852271974086767 -0.94850000739097584 0.0037442998727783565 3.1575000286102299 -0.40119004249572748 0.41776983439922338
decision_type=2 2 2 2 2 2 2 2 2 2 2
left_child=8 2 7 -4 6 -6 -3 -2 9 10 -1
right_child=1 4 3 -5 5 -7 -8 -9 -10 -11 -12
leaf_value=0.12383468736491668 0.0085741188303456138 -0.28592988541119307 0.43695068080505078 -0.10358945574227509 -0.229766718886417 -1.2450191260168844 0.3255282129972738 -0.10301338618367925 0.7131588888198499 0.83889651563432477 -0.4470704644024372
leaf_weight=1974 34321 873 1337 1135 466 178 401 7598 237 152 160
leaf_count=1974 34321 873 1337 1135 466 178 401 7598 237 152 160
internal_value=4.41928e-06 -0.0103958 -0.000437043 0.189348 -0.239687 -0.525126 -0.092433 -0.0116713 0.190185 0.133096 0.0791446
internal_weight=48832 46309 44391 2472 1918 644 1274 41919 2523 2286 2134
internal_count=48832 46309 44391 2472 1918 644 1274 41919 2523 2286 2134
is_linear=0
shrinkage=0.03


Tree=9
num_leaves=15
num_cat=0
split_feature=170 59 122 25 99 50 31 9 31 128 44 31 26 122
split_gain=98115.7 163407 152717 137645 120731 86904.7 81728.4 82203.8 77136.1 76442.4 54931.2 81885.1 34776.3 24281.7
threshold=0.003261417150497437 0.07060974091291429 0.0070748373400419959 53.638305664062507 0.0021830499172210698 0.1492630019783974 0.14209999889135363 0.0013447044184431436 1.0464499592781069 1.3599675297737124 0.054511256515979774 -0.27795000374317164 0.0024555027484893803 0.0037234042538329963
decision_type=2 2 2 2 2 2 2 2 2 2 2 2 2 2
left_child=5 10 3 -3 -4 8 7 -7 9 -1 11 -2 -10 -12
right_child=1 2 4 -5 -6 6 -8 -9 12 -11 13 -13 -14 -15
leaf_value=0.032150782632960645 -0.22321730441341164 0.07425468360198452 0.87185700056912174 -0.28779882423269065 -0.02161620473308461 0.67629010840422565 0.81308029444594132 -0.14449721166326421 -0.063029953564725349 -0.40250137012887177 0.13095808063234601 -0.81079048524658659 -0.31401291971194567 -0.27858109608478848
leaf_weight=35270 413 2098 277 1705 258 152 218 333 6120 358 172 456 532 470
leaf_count=35270 413 2098 277 1705 258 152 218 333 6120 358 172 456 532 470
internal_value=4.4862e-06 -0.115165 -0.0213009 -0.0883939 0.448495 0.0156995 0.34415 0.121205 0.0101582 0.0276716 -0.382731 -0.537257 -0.0835438 -0.168535
internal_weight=48832 5849 4338 3803 535 42983 703 485 42280 35628 1511 869 6652 642
internal_count=48832 5849 4338 3803 535 42983 703 485 42280 35628 1511 869 6652 642
is_linear=0
shrinkage=0.03


Tree=10
num_leaves=12
num_cat=0
split_feature=169 32 69 32 170 105 30 87 106 92 35
split_gain=101616 108083 107057 211322 143212 101624 85625.1 88356 60847.8 59480.2 56382.5
threshold=21.916713714599613 -0.24618182331323621 0.17994799464941028 0.65139609575271618 0.0034616206539794807 0.0025747212348505859 3.1575000286102299 -0.40119004249572748 2.6673768758773808 -0.3317298144102096 -1.6516363620758054
decision_type=2 2 2 2 2 2 2 2 2 2 2
left_child=6 5 4 -4 -3 9 7 10 -7 -2 -1
right_child=1 2 3 -5 -6 8 -8 -9 -10 -11 -12
leaf_value=-0.12783645305094285 -1.1517389751719309 -0.0016151676149006968 0.31127002478369031 -0.1215592478807567 -0.21845746744928585 0.41434982036054135 0.68452886561296078 0.7838165926368984 -0.22035417522723966 -0.31432031112892383 0.18184410337208678
leaf_weight=810 150 37556 2567 1668 2947 150 261 159 912 166 1486
leaf_count=810 150 37556 2567 1668 2947 150 261 159 912 166 1486
internal_value=4.67513e-06 -0.0105137 -0.00242441 0.140911 -0.0174427 -0.271231 0.177984 0.121573 -0.127678 -0.734965 0.0725121
internal_weight=48832 46116 44738 4235 40503 1378 2716 2455 1062 316 2296
internal_count=48832 46116 44738 4235 40503 1378 2716 2455 1062 316 2296
is_linear=0
shrinkage=0.03


Tree=11
num_leaves=8
num_cat=0
split_feature=104 69 9 32 87 121 33
split_gain=96288.6 130327 185552 127839 102257 83450.5 75932.9
threshold=135.18511962890628 0.2144475653767586 0.0012885082396678629 0.62640789151191723 -0.24903181195259091 31.137863159179691 0.64750000834465038
decision_type=2 2 2 2 2 2 2
left_child=1 4 3 -3 6 -4 -1
right_child=-2 2 5 -5 -6 -7 -8
leaf_value=0.24049879934679083 -0.65689968908596785 1.0227646075861285 0.49855335397668682 0.1268604145002365 -0.55687495016443878 -0.031680704326584756 -0.01090038622496948
leaf_weight=1098 190 358 316 240 294 1474 44862
leaf_count=1098 190 358 316 240 294 1474 44862
internal_value=5.88272e-06 0.00270631 0.218351 0.671205 -0.0084718 0.0641746 -0.00484336
internal_weight=48832 48642 2388 598 46254 1790 45960
internal_count=48832 48642 2388 598 46254 1790 45960
is_linear=0
shrinkage=0.03


Tree=12
num_leaves=13
num_cat=0
split_feature=38 99 69 9 38 147 38 59 25 125 35 9
split_gain=91153 98028.8 92524.7 193350 145704 112228 105083 91587.4 73047 118978 116602 65679.2
threshold=0.21651515364646914 0.00072067082510329794 0.17994799464941028 0.0013036986929364505 -0.60775688290595997 0.00089841781300492596 -1.2590476274490354 0.085482686758041396 56.30842590332032 0.18793995678424838 0.39852271974086767 0.00097236377769149851
decision_type=2 2 2 2 2 2 2 2 2 2 2 2
left_child=2 -2 5 4 -4 11 -5 -7 9 -3 -10 -1
right_child=1 8 3 6 -6 7 -8 -9 10 -11 -12 -13
leaf_value=-0.10477854740937534 0.41352668577348284 0.14012149320653272 0.032993326318110618 -0.52911765536392108 0.74251686958971141 -0.32145558073867037 0.074791363800405228 -0.039001769172393203 -0.24512000326525304 -0.46401657447190725 -1.1362923375223621 0.024615560595216669
leaf_weight=3928 202 651 415 273 694 1691 3091 2640 421 519 188 34119
leaf_count=3928 202 651 415 273 694 1691 3091 2640 421 519 188 34119
internal_value=9.58748e-06 -0.198799 0.00845645 0.138064 0.479673 -0.005253 0.0243591 -0.14977 -0.27025 -0.129529 -0.53414 0.0112328
internal_weight=48832 1981 46851 4473 1109 42378 3364 4331 1779 1170 609 38047
internal_count=48832 1981 46851 4473 1109 42378 3364 4331 1779 1170 609 38047
is_linear=0
shrinkage=0.03


Tree=13
num_leaves=12
num_cat=0
split_feature=169 74 25 76 170 32 59 87 36 159 74
split_gain=95668.4 100584 185196 150086 149725 125273 109843 73603.9 86525.2 61634.1 52938.7
threshold=21.334903717041019 0.40640041232109075 29.660507202148441 1.5430864095687868 0.003261417150497437 1.1487143039703371 0.096935153007507338 -0.40119004249572748 3.1575000286102299 2.8736276626586919 0.41776983439922338
decision_type=2 2 2 2 2 2 2 2 2 2 2
left_child=7 4 3 -3 9 -4 -6 8 10 -2 -1
right_child=1 2 5 -5 6 -7 -8 -9 -10 -11 -12
leaf_value=0.11793329993030056 -0.0047900447207259089 1.4859118303354897 0.13681483290972843 0.17962510127179762 -0.33291894379921105 -0.73413358097523451 -0.036366649539176399 0.79907561121163539 0.668381824674394 0.46042418078281155 -0.43400236224689903
leaf_weight=1974 39009 153 2097 160 2236 150 2256 152 237 248 160
leaf_count=1974 39009 153 2097 160 2236 150 2256 152 237 248 160
internal_value=6.36927e-07 -0.00981689 0.172587 0.844396 -0.0205273 0.075679 -0.184394 0.179526 0.136619 -0.00173462 0.0747198
internal_weight=48832 46309 2560 313 43749 2247 4492 2523 2371 39257 2134
internal_count=48832 46309 2560 313 43749 2247 4492 2523 2371 39257 2134
is_linear=0
shrinkage=0.03


Tree=14
num_leaves=13
num_cat=0
split_feature=169 32 105 74 32 26 46 92 147 39 165 92
split_gain=90201.4 96466.2 95735.1 94822.2 186316 185432 81670 69969.6 61906.3 55987.5 60052.9 55034.5
threshold=21.916713714599613 -0.24618182331323621 0.0025747212348505859 0.40640041232109075 0.58294048905372631 0.0055435982067137965 -0.76942089200019825 0.33172981441020971 0.00058010470820590865 -0.43288230895996088 0.0017482254770584407 -0.3317298144102096
decision_type=2 2 2 2 2 2 2 2 2 2 2 2
left_child=6 2 11 5 -5 -3 7 -1 -4 10 -8 -2
right_child=1 3 8 4 -6 -7 9 -9 -10 -11 -12 -13
leaf_value=0.80314552161854957 -1.1071361204199492 -0.0081938755757467868 0.40853099230611534 0.40927369170349498 -0.10921535616976694 -0.85148093914515455 0.095487524749652566 0.092647485760481735 -0.21430313230812156 0.58299261195069929 -0.4458534606764229 -0.30169233744117346
leaf_weight=291 150 42007 161 1379 1126 226 1834 218 901 178 195 166
leaf_count=291 150 42007 161 1379 1126 226 1834 218 901 178 195 166
internal_value=1.4783e-05 -0.00989529 -0.256204 -0.00225304 0.176705 -0.012907 0.167701 0.506494 -0.116951 0.0876327 0.0415297 -0.706257
internal_weight=48832 46116 1378 44738 2505 42233 2716 509 1062 2207 2029 316
internal_count=48832 46116 1378 44738 2505 42233 2716 509 1062 2207 2029 316
is_linear=0
shrinkage=0.03


Tree=15
num_leaves=9
num_cat=0
split_feature=104 50 121 73 35 170 37 79
split_gain=87259.5 89225.6 116845 131525 88805.5 80534 144457 63714
threshold=135.18511962890628 0.1194896697998047 56.774930953979499 33.159675598144538 -1.5867424607276914 0.003261417150497437 0.87784999608993541 1.0464499592781069
decision_type=2 2 2 2 2 2 2 2
left_child=1 5 4 -4 -3 7 -7 -1
right_child=-2 2 3 -5 -6 6 -8 -9
leaf_value=0.023052772097793509 -0.62533780828937879 0.09501893003932943 0.29682687505008842 -0.36553661320727909 0.55676006793737853 -0.16636789322711432 0.4621075815632677 -0.07847224059047618
leaf_weight=34515 190 704 484 585 804 4583 345 6622
leaf_count=34515 190 704 484 585 804 4583 345 6622
internal_value=1.03672e-05 0.00258106 0.174018 -0.0656736 0.343245 -0.00704526 -0.121523 0.00669475
internal_weight=48832 48642 2577 1069 1508 46065 4928 41137
internal_count=48832 48642 2577 1069 1508 46065 4928 41137
is_linear=0
shrinkage=0.03


Tree=16
num_leaves=8
num_cat=0
split_feature=104 69 35 92 29 87 33
split_gain=82356.9 109410 102058 143772 103983 91701.9 69555.7
threshold=135.18511962890628 0.2144475653767586 -1.5867424607276914 0.74455857276916515 1.6935682296752932 -0.24903181195259091 0.64750000834465038
decision_type=2 2 2 2 2 2 2
left_child=1 5 4 -4 -3 6 -1
right_child=-2 2 3 -5 -6 -7 -8
leaf_value=0.23051654255333681 -0.60751568176522852 -0.55541181430039621 0.52541554300405546 -0.30136090765663226 0.14152882908356107 -0.52706198015054195 -0.010094321873868724
leaf_weight=1098 190 237 1062 223 866 294 44862
leaf_count=1098 190 237 1062 223 866 294 44862
internal_value=1.12781e-05 0.00250871 0.200092 0.380717 -0.0118665 -0.00773316 -0.00429715
internal_weight=48832 48642 2388 1285 1103 46254 45960
internal_count=48832 48642 2388 1285 1103 46254 45960
is_linear=0
shrinkage=0.03


Tree=17
num_leaves=12
num_cat=0
split_feature=169 38 105 74 25 26 121 39 84 169 74
split_gain=85116.3 94689.9 79460.2 76166 172965 157215 70434.6 67972.8 79010.1 63921.6 48987.8
threshold=21.334903717041019 0.21651515364646914 0.0025747212348505859 0.40640041232109075 29.660507202148441 0.0055435982067137965 35.573364257812507 -0.40119004249572748 3.1575000286102299 49.696662902832038 0.41776983439922338
decision_type=2 2 2 2 2 2 2 2 2 2 2
left_child=7 3 9 5 -5 -2 -4 8 10 -3 -1
right_child=1 2 6 4 -6 -7 -8 -9 -10 -11 -12
leaf_value=0.11056663372721937 -0.0056359378783236809 -1.03299788641891 -0.4438924062316249 0.80872393110173035 0.06398521221664065 -0.80610623688512562 0.024990704226732642 0.76467798568308354 0.63625565175042464 -0.29044901088825525 -0.42034929285088884
leaf_weight=1974 41707 154 386 313 2159 212 1057 152 237 321 160
leaf_count=1974 41707 154 386 313 2159 212 1057 152 237 321 160
internal_value=4.15552e-06 -0.00925613 -0.215076 -0.000316845 0.161161 -0.0098755 -0.102627 0.16934 0.128123 -0.547526 0.0689855
internal_weight=48832 46309 1918 44391 2472 41919 1443 2523 2371 475 2134
internal_count=48832 46309 1918 44391 2472 41919 1443 2523 2371 475 2134
is_linear=0
shrinkage=0.03


Tree=18
num_leaves=14
num_cat=0
split_feature=169 38 46 152 69 38 26 105 121 152 39 165 162
split_gain=80240.5 85446.9 75906.7 75572 75021.8 178729 126331 72591.3 67250.6 65874.3 50897.6 55663.4 34416.6
threshold=21.916713714599613 0.21651515364646914 -0.76942089200019825 -13.175606727600096 0.17994799464941028 -0.65333333611488331 0.0049623677041381606 0.0025747212348505859 35.573364257812507 -16.145463943481442 -0.43288230895996088 0.0017482254770584407 0.24383556097745898
decision_type=2 2 2 2 2 2 2 2 2 2 2 2 2
left_child=2 4 3 12 6 -6 -2 9 -9 -3 11 -4 -1
right_child=1 7 10 -5 5 -7 -8 8 -10 -11 -12 -13 -14
leaf_value=0.48527341831293769 -0.0066332873699373324 -0.0069265171443974533 0.089002496256309196 0.92674293500384641 -0.11928740794414096 0.28143850858128672 -0.43120492896607693 -0.43091191303775161 0.027581962705199217 -0.76217164602333842 0.55328093841870096 -0.43216687415285804 -0.13061333390513816
leaf_weight=154 39427 152 1834 199 1668 2481 631 386 1051 320 178 195 156
leaf_count=154 39427 152 1834 199 1668 2481 631 386 1051 320 178 195 156
internal_value=4.0657e-07 -0.00934648 0.158157 0.484764 -0.00083905 0.120437 -0.0134272 -0.205323 -0.0977033 -0.524147 0.0809848 0.0370409 0.180947
internal_weight=48832 46116 2716 509 44207 4149 40058 1909 1437 472 2207 2029 310
internal_count=48832 46116 2716 509 44207 4149 40058 1909 1437 472 2207 2029 310
is_linear=0
shrinkage=0.03


Tree=19
num_leaves=11
num_cat=0
split_feature=151 69 123 9 169 57 94 69 4 7
split_gain=80135.8 99335.8 118366 139500 77458.6 76489.1 70670 45599 28811.2 32706.8
threshold=-46.330858230590813 0.2144475653767586 2.0406168699264531 0.0012449715868569913 21.334903717041019 0.0029618917033076291 -0.76942089200019825 0.16659763455390933 0.0033668798860162501 47.46723937988282
decision_type=2 2 2 2 2 2 2 2 2 2
left_child=7 4 3 -3 6 -6 -2 8 -1 -10
right_child=1 2 -4 -5 5 -7 -8 -9 9 -11
leaf_value=0.12108926701174635 0.51130431034477763 0.69960940255796455 -0.49004084300303802 0.12665887023612288 -0.052619501810263494 0.027112541515148841 0.084663832898138974 -0.59123469249444438 -0.49501176927228119 0.015050408498424551
leaf_weight=247 424 493 197 1623 21886 21415 1824 272 254 197
leaf_count=247 424 493 197 1623 21886 21415 1824 272 254 197
internal_value=6.5981e-07 0.00549816 0.196857 0.262812 -0.00426021 -0.01319 0.167041 -0.268547 -0.136226 -0.276719
internal_weight=48832 47862 2313 2116 45549 43301 2248 970 698 451
internal_count=48832 47862 2313 2116 45549 43301 2248 970 698 451
is_linear=0
shrinkage=0.03


Tree=20
num_leaves=8
num_cat=0
split_feature=104 69 9 162 38 39 80
split_gain=76458.3 91883.6 155234 109055 108525 84731.5 69040.2
threshold=135.18511962890628 0.2144475653767586 0.0012885082396678629 0.099498126655817046 -0.60775688290595997 -0.24903181195259091 1.3599675297737124
decision_type=2 2 2 2 2 2 2
left_child=1 5 4 -4 -3 6 -1
right_child=-2 2 3 -5 -6 -7 -8
leaf_value=-0.00043750078912317583 -0.58536582682058202 0.09705501833796501 0.61094054943495069 -0.05306384643035069 0.92150174423951003 -0.50618030946493442 -0.42101813280860245
leaf_weight=45616 190 240 250 1540 358 294 344
leaf_count=45616 190 240 250 1540 358 294 344
internal_value=3.71973e-07 0.00240671 0.183475 0.0425531 0.597659 -0.00697909 -0.00367635
internal_weight=48832 48642 2388 1790 598 46254 45960
internal_count=48832 48642 2388 1790 598 46254 45960
is_linear=0
shrinkage=0.03


Tree=21
num_leaves=16
num_cat=0
split_feature=170 59 122 169 117 74 152 31 37 44 170 122 26 146 47
split_gain=75652.2 140370 141528 184465 150031 129632 90235.8 71134.9 80442.4 180766 67334.4 35718 32029.9 45803.8 28131.5
threshold=0.003261417150497437 0.07060974091291429 0.0070748373400419959 52.690486907958991 0.0036226724041625862 0.27212306857109075 51.029436111450202 1.0464499592781069 -0.67245000600814808 -0.2693240344524383 0.0011441239039413633 0.0045732217840850362 0.0024555027484893803 0.00070651175337843608 1.0000000180025095e-35
decision_type=2 2 2 2 2 2 2 2 2 2 2 2 2 2 2
left_child=7 5 3 -3 -4 11 -7 8 9 -1 -10 -2 14 -14 -9
right_child=1 2 4 -5 -6 6 -8 12 10 -11 -12 -13 13 -15 -16
leaf_value=0.38236589559980827 -0.19419505693137437 -0.27984197366337643 1.0500752072825958 0.13726773747401994 0.032232742763104429 -0.79012738039194064 -0.011313015135762456 -0.12528558154609953 0.17213705983292119 -0.0097012558435327027 0.0018173261654604407 0.25957232740233571 -0.092519804510866166 -0.67317091261752338 0.0034839520182471614
leaf_weight=1783 530 1968 207 1835 328 599 172 2852 2237 2582 29723 210 354 180 3272
leaf_count=1783 530 1968 207 1835 328 599 172 2852 2237 2582 29723 210 354 180 3272
internal_value=7.53829e-07 -0.101129 -0.0141462 -0.0787486 0.438094 -0.349116 -0.618754 0.0137825 0.0303086 0.150957 0.0137888 -0.0636792 -0.0762916 -0.297021 -0.0565916
internal_weight=48832 5849 4338 3803 535 1511 771 42983 36325 4365 31960 740 6658 534 6124
internal_count=48832 5849 4338 3803 535 1511 771 42983 36325 4365 31960 740 6658 534 6124
is_linear=0
shrinkage=0.03


Tree=22
num_leaves=13
num_cat=0
split_feature=169 176 59 34 159 34 170 36 35 31 124 28
split_gain=72481.9 81766.8 99052.9 82052 78950.7 134733 128363 68129.8 74419.5 98641.1 46814.1 46543.9
threshold=21.916713714599613 -0.24618182331323621 0.072074137628078475 1.6349999904632571 2.8736276626586919 1.8650000095367434 0.0034616206539794807 3.1575000286102299 -1.6516363620758054 0.19705000519752505 -1.0686816573143003 2.2506400346755986
decision_type=2 2 2 2 2 2 2 2 2 2 2 2
left_child=7 2 10 -4 6 -6 -3 8 11 -10 -2 -1
right_child=1 4 3 -5 5 -7 -8 -9 9 -11 -12 -13
leaf_value=0.016871547651826406 -0.20034795265623501 0.0065101757780612491 -0.034380224257471698 -0.59722388259122072 0.67074147588085609 -0.017482481419370477 -0.1891811317033677 0.60209224394546668 0.081038700184858536 0.61665632844403173 0.45614853002230327 -0.47165119457623267
leaf_weight=566 165 40425 369 629 411 652 3250 261 1241 404 215 244
leaf_count=566 165 40425 369 629 411 652 3250 261 1241 404 215 244
internal_value=-1.1612e-07 -0.00888363 -0.235651 -0.391524 -0.00184774 0.252385 -0.00809183 0.150316 0.100038 0.215514 0.173263 -0.134246
internal_weight=48832 46116 1378 998 44738 1063 43675 2716 2455 1645 380 810
internal_count=48832 46116 1378 998 44738 1063 43675 2716 2455 1645 380 810
is_linear=0
shrinkage=0.03


Tree=23
num_leaves=11
num_cat=0
split_feature=151 69 104 35 169 80 46 69 24 4
split_gain=73581.7 89489.6 99984.4 118846 70058.2 70917.2 65297.2 42714 33167.5 24505.8
threshold=-46.330858230590813 0.2144475653767586 69.610027313232436 -1.5867424607276914 21.334903717041019 -0.24618182331323621 -0.76942089200019825 0.16659763455390933 -0.00025871396064758295 0.0036659867037087683
decision_type=2 2 2 2 2 2 2 2 2 2
left_child=7 4 3 -3 6 -6 -2 8 -1 -10
right_child=1 2 -4 -5 5 -7 -8 -9 9 -11
leaf_value=-0.44338300570494155 0.48983494322263899 0.010089587932177804 -0.39499437918514013 0.46343932989272951 -0.23534611372465195 -0.005867308108994853 0.079750958392863752 -0.56961158927450783 0.26675289327109403 -0.15839197756283266
leaf_weight=202 424 973 230 1110 1238 42063 1824 272 188 308
leaf_count=202 424 973 230 1110 1238 42063 1824 272 188 308
internal_value=5.664e-06 0.00527356 0.186901 0.252733 -0.00398858 -0.0124811 0.158925 -0.257326 -0.129306 0.00483878
internal_weight=48832 47862 2313 2083 45549 43301 2248 970 698 496
internal_count=48832 47862 2313 2083 45549 43301 2248 970 698 496
is_linear=0
shrinkage=0.03


Tree=24
num_leaves=15
num_cat=0
split_feature=87 74 26 36 146 87 29 170 34 170 172 28 44 26
split_gain=70019.3 195382 135100 123118 118357 117963 197141 114691 100912 93222.5 79733.4 58553.2 55224.7 33635.3
threshold=-1.0655976533889768 0.42466953396797186 0.0055435982067137965 1.2465000152587893 0.00082799792289733898 -1.0928206443786619 1.0463635921478274 0.001222865888848901 1.8650000095367434 0.0034616206539794807 0.53884026408195507 0.70680198073387157 -0.09801131114363669 0.0015921209123916926
decision_type=2 2 2 2 2 2 2 2 2 2 2 2 2 2
left_child=5 2 7 -4 -3 6 11 -2 -6 -8 13 -1 -12 -7
right_child=1 4 3 -5 8 10 9 -9 -10 -11 12 -13 -14 -15
leaf_value=-0.26950210666656493 0.24976886366335974 -0.11883292838538947 0.046019767520408476 -0.96687465873506406 1.0792778391737332 -0.12893121516598122 0.041840530009191051 -0.064432641089612261 0.1739028393398577 -0.20244660921260973 1.0443704191558061 -1.0967367133186305 0.27980265476192745 0.31999554468023161
leaf_weight=155 1098 218 176 266 274 242 25232 18618 189 1479 190 162 165 368
leaf_count=155 1098 218 176 266 274 242 25232 18618 189 1479 190 162 165 368
internal_value=2.43419e-06 -0.041622 -0.058598 -0.571455 0.454454 0.030993 0.019291 -0.0468168 0.721187 0.0282435 0.355187 -0.712864 0.70641 0.14269
internal_weight=48832 20839 20158 442 681 27993 27028 19716 463 26711 965 317 355 610
internal_count=48832 20839 20158 442 681 27993 27028 19716 463 26711 965 317 355 610
is_linear=0
shrinkage=0.03


Tree=25
num_leaves=12
num_cat=0
split_feature=151 74 25 26 76 8 168 69 69 4 7
split_gain=68948.6 83921.8 173506 117622 114360 110258 110241 77775.2 40674.4 25785.7 30766.1
threshold=-46.330858230590813 0.40640041232109075 29.660507202148441 0.0055435982067137965 1.6592581272125246 77.986194610595717 0.00069244205951690685 0.21033804863691333 0.16659763455390933 0.0033668798860162501 47.46723937988282
decision_type=2 2 2 2 2 2 2 2 2 2 2
left_child=8 3 4 7 -3 -4 -5 -2 9 -1 -11
right_child=1 2 5 6 -6 -7 -8 -9 -10 10 -12
leaf_value=0.11910005168221049 -0.0061715500053744878 1.3869447511655313 0.14177182996970508 -0.9442246966757204 0.22363931556542713 -0.58939671453730813 0.074963892221189377 0.25497958066358406 -0.55381161909312648 -0.46888279663314197 0.025312106162309646
leaf_weight=247 43769 152 2174 220 152 193 161 1041 272 254 197
leaf_count=247 43769 152 2174 220 152 193 161 1041 272 254 197
internal_value=4.74067e-06 0.00510409 0.168182 -0.00456967 0.830938 0.0799252 -0.522642 -4.91019e-05 -0.249093 -0.124204 -0.257148
internal_weight=48832 47862 2671 45191 304 2367 381 44810 970 698 451
internal_count=48832 47862 2671 45191 304 2367 381 44810 970 698 451
is_linear=0
shrinkage=0.03


Tree=26
num_leaves=12
num_cat=0
split_feature=80 122 39 30 82 26 82 117 30 98 23
split_gain=68657.1 121507 110949 117831 171755 107413 142885 104024 97893.4 69344.4 39612.6
threshold=1.1487143039703371 0.0029440309153869752 -1.4374071359634397 3.3775000572204594 -0.58499997854232777 0.0019181157695129516 0.49500000476837164 0.00089651771122589718 3.2024999856948857 0.00052349269390106212 1.4219869971275332
decision_type=2 2 2 2 2 2 2 2 2 2 2
left_child=2 7 5 8 -5 9 -7 -2 -4 -1 -9
right_child=1 -3 3 4 -6 6 -8 10 -10 -11 -12
leaf_value=-0.072485143444859707 -0.69189309788246944 -0.82138458382016344 -0.015551012281906751 -0.027129895499764155 -1.1702347747733672 0.4232725942171075 0.042680657254014716 0.1709318854583019 0.52765968332456981 0.13070853253216808 -0.35211770372731344
leaf_weight=3312 188 233 37178 302 185 1718 1831 679 291 2764 151
leaf_count=3312 188 233 37178 302 185 1718 1831 679 291 2764 151
internal_value=2.53877e-06 -0.218485 0.00579173 -0.0172825 -0.476178 0.0967078 0.227589 -0.073846 -0.0111925 0.0200115 0.0727156
internal_weight=48832 1251 47581 37956 487 9625 3549 1018 37469 6076 830
internal_count=48832 1251 47581 37956 487 9625 3549 1018 37469 6076 830
is_linear=0
shrinkage=0.03


Tree=27
num_leaves=13
num_cat=0
split_feature=169 30 170 168 26 30 35 31 28 123 80 33
split_gain=65575.9 74911.4 79915.7 137890 68708.3 63307.9 70120.1 92692.3 43118 34777.9 37162.8 32578.5
threshold=21.916713714599613 3.5874999761581425 0.003261417150497437 0.0010028332471847536 0.0026244904147461061 3.1575000286102299 -1.6516363620758054 0.19705000519752505 2.2506400346755986 0.085168182849884047 0.7425062656402589 3.1640000343322758
decision_type=2 2 2 2 2 2 2 2 2 2 2 2
left_child=5 2 4 -4 -2 6 8 -8 -1 10 -3 -11
right_child=1 9 3 -5 -6 -7 7 -9 -10 11 -12 -13
leaf_value=0.01262536794830036 -0.025443155962281909 -0.21316560349406466 -0.23406977267167231 0.09052115470722967 0.061918623124505356 0.57844845662974298 0.076270928955134404 0.59545692388832128 -0.45763176936252908 0.73321619942310379 0.24168218636424232 0.23910410699130474
leaf_weight=566 28213 260 3485 1770 11355 261 1241 404 244 159 394 480
leaf_count=566 28213 260 3485 1770 11355 261 1241 404 244 159 394 480
internal_value=-8.93546e-06 -0.00845865 -0.0149739 -0.124776 -0.000363258 0.142967 0.0945103 0.206607 -0.132886 0.215779 0.0603688 0.371455
internal_weight=48832 46116 44823 5255 39568 2716 2455 1645 810 1293 654 639
internal_count=48832 46116 44823 5255 39568 2716 2455 1645 810 1293 654 639
is_linear=0
shrinkage=0.03


Tree=28
num_leaves=6
num_cat=0
split_feature=104 26 34 155 57
split_gain=64281.3 78174.6 74670.6 152081 119014
threshold=135.18511962890628 0.0066485491115599879 -0.26500000059604639 0.085453581064939513 0.0028343715239316229
decision_type=2 2 2 2 2
left_child=1 2 3 -1 -4
right_child=-2 -3 4 -5 -6
leaf_value=0.34233129773760873 -0.53673073885291811 0.66012691567617432 -0.071305363649172601 -0.0022824081364125619 0.029536163869097732
leaf_weight=1668 190 152 18240 3680 24902
leaf_count=1668 190 152 18240 3680 24902
internal_value=1.76635e-06 0.00220818 1.01414e-05 0.105638 -0.0131053
internal_weight=48832 48642 48490 5348 43142
internal_count=48832 48642 48490 5348 43142
is_linear=0
shrinkage=0.03


Tree=29
num_leaves=11
num_cat=0
split_feature=151 50 45 74 32 30 69 24 28 4
split_gain=63562.6 83486 121399 80861.2 66262 72194.8 37700.6 34509.9 32142.8 22555.1
threshold=-46.330858230590813 0.17293815314769748 -0.60003554821014393 0.41197803616523748 1.3599675297737124 3.1750000715255742 0.16830389946699145 -0.00025871396064758295 0.35770721733570104 0.0044265789911150941
decision_type=2 2 2 2 2 2 2 2 2 2
left_child=6 4 3 -3 5 -2 7 -1 -6 -9
right_child=1 2 -4 -5 8 -7 -8 9 -10 -11
leaf_value=-0.44066506815430162 -0.0087085495013485403 0.22353464498476017 -0.22150545118990991 1.1936055894019686 -0.15129812712556329 0.11263162206448533 -0.53926787148935951 0.23688834081505583 -0.71818930196156716 -0.16023283356382531
leaf_weight=204 42077 153 181 159 222 4920 263 219 150 284
leaf_count=204 42077 153 181 159 222 4920 263 219 150 284
internal_value=4.30355e-06 0.00490044 0.38936 0.739613 0.000817783 0.00401551 -0.239167 -0.121567 -0.3927 0.0139161
internal_weight=48832 47862 493 312 47369 46997 970 707 372 503
internal_count=48832 47862 493 312 47369 46997 970 707 372 503
is_linear=0
shrinkage=0.03


Tree=30
num_leaves=11
num_cat=0
split_feature=57 32 74 121 32 34 39 15 29 42
split_gain=61988.3 113658 251438 168703 80519.5 131713 97292.6 63433.2 61781.2 49389.2
threshold=0.0029618917033076291 -0.05881818197667598 0.42466953396797186 77.171932220458999 1.1487143039703371 0.37500000000000006 -1.4207809567451475 0.1618611887097359 -0.41072510182857508 -0.010035714134573935
decision_type=2 2 2 2 2 2 2 2 2 2
left_child=1 2 3 -1 6 -6 -3 -2 -9 -10
right_child=7 4 -4 -5 5 -7 -8 8 9 -11
leaf_value=-0.21302258358053741 0.58185347786498443 0.098343068785678459 0.85405100703239445 -1.0676199202350132 -0.0072738874574356221 -0.69587966415218838 -0.040955828381158375 0.53748756397619979 -0.11842718911376607 0.038476172850676955
leaf_weight=2387 179 6552 176 219 670 389 14439 204 1960 21657
leaf_count=2387 179 6552 176 219 670 389 14439 204 1960 21657
internal_value=1.26811e-06 -0.0332217 -0.213555 -0.288647 -0.0103829 -0.264361 0.00255019 0.0343754 0.0300191 0.02541
internal_weight=48832 24832 2782 2606 22050 1059 20991 24000 23821 23617
internal_count=48832 24832 2782 2606 22050 1059 20991 24000 23821 23617
is_linear=0
shrinkage=0.03


Tree=31
num_leaves=12
num_cat=0
split_feature=169 57 33 74 155 74 44 39 30 69 74
split_gain=61819.9 74554.7 120668 177689 85775.4 74821.8 116384 65231.4 62212.4 49445.6 43068
threshold=21.334903717041019 0.0029618917033076291 1.4754999876022341 0.42466953396797186 0.24031205475330356 0.35095487534999853 0.58244305849075328 -0.40119004249572748 3.1575000286102299 0.2144475653767586 0.41776983439922338
decision_type=2 2 2 2 2 2 2 2 2 2 2
left_child=7 2 3 -2 -4 9 -7 8 10 -3 -1
right_child=1 5 4 -5 -6 6 -8 -9 -10 -11 -12
leaf_value=0.090659393283178014 -0.21124097835266589 0.0099418479253505533 0.0053510283658616117 0.60137232599670398 -0.30237675430847888 0.38270709184228929 -0.14401716835877817 0.72727873813705868 0.55489441878761847 0.42312511329285124 -0.40704885464556073
leaf_weight=1974 4990 20718 17513 245 845 1202 542 152 237 254 160
leaf_count=1974 4990 20718 17513 245 845 1202 542 152 237 254 160
internal_value=1.02732e-06 -0.00789088 -0.0452324 -0.172136 -0.00897028 0.0308951 0.219124 0.144314 0.104044 0.0151453 0.0516184
internal_weight=48832 46309 23593 5235 18358 22716 1744 2523 2371 20972 2134
internal_count=48832 46309 23593 5235 18358 22716 1744 2523 2371 20972 2134
is_linear=0
shrinkage=0.03


Tree=32
num_leaves=14
num_cat=0
split_feature=169 57 33 44 89 74 44 46 15 33 44 87 32
split_gain=58369.8 69079.1 110274 173218 85573.5 71126.9 122629 59459.6 74373 53833.7 50353.3 48178.8 50267.1
threshold=21.916713714599613 0.0029618917033076291 1.4754999876022341 -0.47136868536472315 -2.1019999980926509 0.39510671794414526 0.56457334756851207 -0.76942089200019825 0.33910955488681799 3.9605000019073491 0.24825246632099154 -0.43288230895996088 0.90755954384803783
decision_type=2 2 2 2 2 2 2 2 2 2 2 2 2
left_child=7 2 3 -2 -4 9 -7 8 10 -3 -1 12 -9
right_child=1 5 4 -5 -6 6 -8 11 -10 -11 -12 -13 -14
leaf_value=0.959374083461774 -0.39032811220057823 0.01085849786007839 -0.045946136802786579 -0.032480630571443479 0.10545277166058679 0.49301793118970022 -0.19439970233147696 -0.020732746431663472 -0.1264689541856448 0.34726154291861666 0.229456409223431 0.52609867176397684 0.51944795583060677
leaf_weight=201 1930 21153 13862 3274 4424 706 340 1870 152 427 156 178 159
leaf_count=201 1930 21153 13862 3274 4424 706 340 1870 152 427 156 178 159
internal_value=1.16272e-05 -0.00796032 -0.0439868 -0.165689 -0.00928002 0.0294448 0.269849 0.134903 0.423949 0.0176726 0.655362 0.0666286 0.0239378
internal_weight=48832 46116 23490 5204 18286 22626 1046 2716 509 21580 357 2207 2029
internal_count=48832 46116 23490 5204 18286 22626 1046 2716 509 21580 357 2207 2029
is_linear=0
shrinkage=0.03


Tree=33
num_leaves=11
num_cat=0
split_feature=151 50 45 32 30 52 63 28 100 74
split_gain=59666.1 77069.6 137724 60130.2 65863.8 35941.6 40634.1 31514 22415 24504.9
threshold=-46.330858230590813 0.18992538750171664 -0.68355163931846608 1.3599675297737124 3.1750000715255742 0.005244599888101221 0.68315500020980846 0.35770721733570104 0.006080478662624956 0.2493749335408211
decision_type=2 2 2 2 2 2 2 2 2 2
left_child=5 3 -3 4 -2 8 -7 -5 9 -1
right_child=1 2 -4 7 -6 6 -8 -9 -10 -11
leaf_value=-0.13291072576032842 -0.007512454881514332 1.0291605492522207 -0.18781677598236529 -0.13353524024213881 0.10793876471987494 -0.06551198330609237 -0.68035207651379537 -0.68904282757109658 -0.3728825744785414 0.33424545111863507
leaf_weight=262 42202 168 153 225 4961 160 244 153 153 151
leaf_count=262 42202 168 153 225 4961 160 244 153 153 151
internal_value=2.59001e-05 0.00476958 0.460956 0.00159309 0.00465198 -0.231698 -0.444315 -0.370347 -0.0748577 0.0417537
internal_weight=48832 47862 321 47541 47163 970 404 378 566 413
internal_count=48832 47862 321 47541 47163 970 404 378 566 413
is_linear=0
shrinkage=0.03


Tree=34
num_leaves=8
num_cat=0
split_feature=104 122 169 124 170 169 31
split_gain=58717.3 68239.1 143300 124756 85273.2 124997 59592.3
threshold=135.18511962890628 0.0070748373400419959 65.532363891601577 -0.40171909332275385 0.003261417150497437 53.054029464721687 1.0464499592781069
decision_type=2 2 2 2 2 2 2
left_child=1 4 3 -3 6 -6 -1
right_child=-2 2 -4 -5 5 -7 -8
leaf_value=0.026850282389760758 -0.51295728537440299 1.1958536055675622 -0.47485707397141108 0.20153054922559985 -0.26172515210116404 0.035536680457353788 -0.070866970739116047
leaf_weight=36267 190 166 154 335 2624 2460 6636
leaf_count=36267 190 166 154 335 2624 2460 6636
internal_value=2.02206e-05 0.00212898 0.303942 0.547942 -0.0020531 -0.118101 0.0117229
internal_weight=48832 48642 655 501 47987 5084 42903
internal_count=48832 48642 655 501 47987 5084 42903
is_linear=0
shrinkage=0.03


Tree=35
num_leaves=11
num_cat=0
split_feature=138 52 39 38 34 31 51 39 57 146
split_gain=56556.4 82138.2 163356 80720.6 75111.4 73138.5 31195.2 19588 14704.1 12087.1
threshold=-0.0021536797285079952 0.0040981816127896318 -0.24903181195259091 -1.2590476274490354 1.9149999618530276 -0.34969998896121973 0.11717243120074274 -1.7518363595008848 0.0038339575985446577 0.00042224675416946417
decision_type=2 2 2 2 2 2 2 2 2 2
left_child=6 2 5 -3 -5 -2 7 9 -9 -1
right_child=1 3 -4 4 -6 -7 -8 8 -10 -11
leaf_value=-0.071224588670767836 -0.10194671309736229 -0.54481545847840607 -0.84438407418545358 0.18492494860843381 -0.03926613785482444 0.014016726080343855 -0.47953121634116808 -0.19688866786064876 -0.061309105830287224 0.28731498029989161
leaf_weight=150 5749 158 199 4746 1871 32615 191 1232 1746 175
leaf_count=150 5749 158 199 4746 1871 32615 191 1232 1746 175
internal_value=2.047e-05 0.00899318 -0.00794057 0.105249 0.12157 -0.0033829 -0.116102 -0.0937027 -0.11787 0.124649
internal_weight=48832 45338 38563 6775 6617 38364 3494 3303 2978 325
internal_count=48832 45338 38563 6775 6617 38364 3494 3303 2978 325
is_linear=0
shrinkage=0.03


Tree=36
num_leaves=9
num_cat=0
split_feature=56 69 9 39 32 39 44 33
split_gain=56444.7 71679.5 142849 91692.6 85244.3 69589.4 127025 63772.4
threshold=-168.22814941406247 0.2144475653767586 0.0012449715868569913 -0.76219999790191639 0.62640789151191723 -0.24903181195259091 -0.076279435306787477 0.64750000834465038
decision_type=2 2 2 2 2 2 2 2
left_child=-1 5 4 -4 -3 7 -7 -2
right_child=1 2 3 -5 -6 6 -8 -9
leaf_value=-0.49919850474801558 0.21870692593375868 0.89623564732835648 0.12416905824981529 -0.49477898004457355 0.083553975715152329 -1.0365630852458652 0.15979134892690583 -0.008600104099173559
leaf_weight=193 1129 319 1549 240 183 152 153 44914
leaf_count=193 1129 319 1549 240 183 152 153 44914
internal_value=8.47319e-06 0.00209154 0.165525 0.0388465 0.607397 -0.00602099 -0.450404 -0.00298013
internal_weight=48832 48639 2291 1789 502 46348 305 46043
internal_count=48832 48639 2291 1789 502 46348 305 46043
is_linear=0
shrinkage=0.03


Tree=37
num_leaves=12
num_cat=0
split_feature=32 122 99 87 30 82 26 82 30 98 40
split_gain=55639 106247 105795 87114.5 117792 161117 100578 126757 87453.6 64472.5 42020.3
threshold=1.1487143039703371 0.0029440309153869752 0.0005214482662267984 -1.4374071359634397 3.3775000572204594 -0.58499997854232777 0.0019181157695129516 0.49500000476837164 3.2024999856948857 0.00052349269390106212 1.0875965952873232
decision_type=2 2 2 2 2 2 2 2 2 2 2
left_child=3 2 -2 6 8 -6 9 -8 -5 -1 -4
right_child=1 -3 10 4 5 -7 7 -9 -10 -11 -12
leaf_value=-0.077598652913157887 -0.72229354583037397 -0.76042150413916432 -0.22578726857261996 -0.013261321589904453 -0.038706971845374652 -1.1462870407199057 0.39673220682181431 0.038275663029968571 0.50016684866723826 0.11832316113375368 0.22108844164388292
leaf_weight=3312 170 233 270 37178 302 185 1718 1831 291 2764 578
leaf_count=3312 170 233 270 37178 302 185 1718 1831 291 2764 578
internal_value=4.79963e-06 -0.196682 -0.061511 0.00521632 -0.0152298 -0.474049 0.0857773 0.212424 -0.00914143 0.011575 0.0778317
internal_weight=48832 1251 1018 47581 37956 487 9625 3549 37469 6076 848
internal_count=48832 1251 1018 47581 37956 487 9625 3549 37469 6076 848
is_linear=0
shrinkage=0.03


Tree=38
num_leaves=13
num_cat=0
split_feature=169 28 170 74 73 82 63 11 39 46 93 165
split_gain=55566.9 66857.6 92714.7 86324.9 163099 78564.6 64594.5 59632.9 58566.6 65413.7 70748.8 50213.9
threshold=21.916713714599613 2.3199771642684941 0.003261417150497437 0.40640041232109075 21.866245269775394 -0.47499999403953547 1.0745877027511599 0.2104107812047005 -0.40119004249572748 -0.76942089200019825 -0.74455857276916493 0.0017482254770584407
decision_type=2 2 2 2 2 2 2 2 2 2 2 2
left_child=8 3 7 5 -5 -2 -4 -3 9 10 -1 -11
right_child=1 2 6 4 -6 -7 -8 -9 -10 11 -12 -13
leaf_value=0.75771461763729642 -0.19688299064366771 -0.12491229984460822 -0.76104774593848445 0.92391942632746993 0.095013579935909379 0.0018479500159044283 -0.03969889326409979 0.24326612159321387 0.67296144730857843 0.071085675372551144 0.025508423307121303 -0.42096071523600731
leaf_weight=242 1868 2672 315 229 2047 38358 172 455 159 1892 226 197
leaf_count=242 1868 2672 315 229 2047 38358 172 455 159 1892 226 197
internal_value=-5.84637e-06 -0.00778403 -0.131474 0.00276194 0.182091 -0.00742728 -0.512205 -0.0707351 0.131607 0.0954539 0.412059 0.0228995
internal_weight=48832 46116 3614 42502 2276 40226 487 3127 2716 2557 468 2089
internal_count=48832 46116 3614 42502 2276 40226 487 3127 2716 2557 468 2089
is_linear=0
shrinkage=0.03


Tree=39
num_leaves=10
num_cat=0
split_feature=151 49 153 121 57 45 69 24 170
split_gain=55012.7 71526.1 52834.9 89711.2 63189.4 43073 35697.6 32151.6 18802
threshold=-46.330858230590813 0.23074722290039065 0.00097423151601105939 48.569543838500984 0.0028343715239316229 -0.68355163931846608 0.16830389946699145 -0.00025871396064758295 0.0027976888231933121
decision_type=2 2 2 2 2 2 2 2 2
left_child=6 2 3 -2 -4 -3 7 -1 -9
right_child=1 5 4 -5 -6 -7 -8 8 -10
leaf_value=-0.41627105865801606 0.62936258164261072 0.77779849793630484 -0.038456348824318323 -0.11019340181571856 0.031198211419285839 0.08380153480651123 -0.51441868086437592 -0.15694978583476615 0.20285948522489231
leaf_weight=204 305 160 22402 273 24564 158 263 253 250
leaf_count=204 305 160 22402 273 24564 158 263 253 250
internal_value=1.99432e-06 0.00455694 0.00151082 0.284123 -0.00202697 0.44605 -0.222503 -0.108252 0.0223502
internal_weight=48832 47862 47544 578 46966 318 970 707 503
internal_count=48832 47862 47544 578 46966 318 970 707 503
is_linear=0
shrinkage=0.03


Tree=40
num_leaves=13
num_cat=0
split_feature=30 57 169 40 20 15 77 123 38 30 152 46
split_gain=54427.2 67105.5 87860.7 87423.1 80066.3 59777 56822.6 32608 38605.8 34371.6 27060.5 21659.4
threshold=3.5874999761581425 0.0029618917033076291 20.674884796142582 1.9462045431137087 69.121150970458999 0.1618611887097359 -0.41072510182857508 0.085168182849884047 -0.73574998974800099 3.7725000381469731 -9.4991459846496564 -1.0000000180025095e-35
decision_type=2 2 2 2 2 2 2 2 2 2 2 2
left_child=1 2 4 -4 -1 -3 -7 8 11 10 -9 -2
right_child=7 5 3 -5 -6 6 -8 9 -10 -11 -12 -13
leaf_value=0.36589060326349943 -0.024251486029243093 0.56293203588555307 -0.032242715942059463 -0.21392271482415828 -0.20841465600059936 0.51249656862883919 0.021401062939978469 0.79881661233203161 -0.23754787268935815 0.068278613544918682 0.28134507784641449 0.40924047397340041
leaf_weight=829 182 178 19743 2702 288 204 23560 164 263 263 228 228
leaf_count=829 182 178 19743 2702 288 204 23560 164 263 263 228 228
internal_value=4.93589e-06 -0.00530887 -0.0412428 -0.0541995 0.21728 0.0300571 0.0258306 0.188705 0.040838 0.337736 0.512324 0.220817
internal_weight=48832 47504 23562 22445 1117 23942 23764 1328 673 655 392 410
internal_count=48832 47504 23562 22445 1117 23942 23764 1328 673 655 392 410
is_linear=0
shrinkage=0.03


Tree=41
num_leaves=12
num_cat=0
split_feature=42 52 183 151 159 40 63 51 183 8 145
split_gain=53210.3 76013 140981 99260.2 89769.8 76463.9 40286.5 29703.4 18246.3 18464 11754.9
threshold=-0.0021536797285079952 0.0045156762935221204 -0.24903181195259091 -40.682033538818352 2.4635229110717778 2.5766004323959355 0.77296477556228649 0.11717243120074274 -1.7518363595008848 -70.111713409423814 0.00043831765651702886
decision_type=2 2 2 2 2 2 2 2 2 2 2
left_child=7 2 5 6 -5 -2 -3 8 10 -10 -1
right_child=1 3 -4 4 -6 -7 -8 -9 9 -11 -12
leaf_value=-0.0532664432089422 0.0018202686097399984 0.020971289512029916 -0.74642521267027961 0.10611647493906558 0.50453854365970774 -0.52139732950584217 -0.53112250189817245 -0.46726961050126975 0.18920870754781155 -0.1321926252380112 0.2995173292086426
leaf_weight=169 39303 205 220 4533 565 243 271 191 162 2814 156
leaf_count=169 39303 205 220 4533 565 243 271 191 162 2814 156
internal_value=1.89391e-05 0.0087195 -0.00583344 0.112368 0.151174 -0.00152577 -0.297812 -0.112651 -0.0907831 -0.114122 0.119956
internal_weight=48832 45340 39766 5574 5098 39546 476 3492 3301 2976 325
internal_count=48832 45340 39766 5574 5098 39546 476 3492 3301 2976 325
is_linear=0
shrinkage=0.03


Tree=42
num_leaves=7
num_cat=0
split_feature=104 159 74 25 39 170
split_gain=53252.1 81143.6 121739 121591 102007 69730.1
threshold=135.18511962890628 2.8736276626586919 0.42466953396797186 46.250919342041023 -0.24903181195259091 0.0034616206539794807
decision_type=2 2 2 2 2 2
left_child=1 4 3 -3 5 -1
right_child=-2 2 -4 -5 -6 -7
leaf_value=0.0086988634857969489 -0.48851148791313176 0.49484059501983479 0.94220684026205348 -0.1508093164768505 -0.7466594342981655 -0.12964348525145683
leaf_weight=43705 190 435 179 632 156 3535
leaf_count=43705 190 435 179 632 156 3535
internal_value=1.02059e-05 0.00201843 0.240017 0.114563 -0.00428766 -0.00167863
internal_weight=48832 48642 1246 1067 47396 47240
internal_count=48832 48642 1246 1067 47396 47240
is_linear=0
shrinkage=0.03


Tree=43
num_leaves=13
num_cat=0
split_feature=38 26 25 26 83 159 82 26 26 59 25 29
split_gain=52308.7 88678.3 97026.8 92137.1 75380.5 70373.5 119275 188267 98078.4 123535 86632.7 74193.7
threshold=0.21651515364646914 0.0021586035145446662 56.30842590332032 0.0043153848964720973 0.39852271974086767 2.8736276626586919 1.8650000095367434 0.0042192637920379647 0.005178136285394431 0.073030520230531706 48.498228073120124 0.10928229615092279
decision_type=2 2 2 2 2 2 2 2 2 2 2 2
left_child=5 -2 3 -3 -4 8 7 -7 11 -10 -8 -1
right_child=1 2 4 -5 -6 6 10 -9 9 -11 -12 -13
leaf_value=-0.15217795325302208 0.49019150016180585 -0.21249593647987988 -0.28288883606986753 0.37451026085831901 -1.0025189978606774 0.030957766315886672 0.36396472663955481 1.3519064286227691 -1.0603864762880679 -0.081985959514975545 -0.30181391873884766 0.014864113878919333
leaf_weight=2525 168 880 425 320 188 203 319 177 164 355 368 42740
leaf_count=2525 168 880 425 320 188 203 319 177 164 355 368 42740
internal_value=9.47052e-06 -0.150595 -0.212336 -0.0541595 -0.51614 0.00640825 0.246109 0.66513 0.000769481 -0.405354 0.0081187 0.00551452
internal_weight=48832 1981 1813 1200 613 46851 1067 380 45784 519 687 45265
internal_count=48832 1981 1813 1200 613 46851 1067 380 45784 519 687 45265
is_linear=0
shrinkage=0.03


Tree=44
num_leaves=12
num_cat=0
split_feature=32 122 99 39 30 34 26 34 30 105 170
split_gain=51970.7 98700.5 99637.6 80965.7 108623 150825 94829 115549 82375.4 54658.1 41777.4
threshold=1.1487143039703371 0.0029440309153869752 0.0005214482662267984 -1.4374071359634397 3.3775000572204594 -0.58499997854232777 0.001931092585437 0.49500000476837164 3.2024999856948857 0.0043139699846506127 0.0019999742507934575
decision_type=2 2 2 2 2 2 2 2 2 2 2
left_child=3 2 -2 6 8 -6 9 -8 -5 -1 -4
right_child=1 -3 10 4 5 -7 7 -9 -10 -11 -12
leaf_value=0.10224958427220422 -0.70106291075920069 -0.73343933223206315 -0.11401475047587223 -0.012820135364457664 -0.034171981951938227 -1.1056754934329254 0.38598437564083382 0.040077554663673132 0.48547848407711303 -0.076348586167720237 0.30461359212896727
leaf_weight=3036 170 233 467 37178 302 185 1678 1797 291 3114 381
leaf_count=3036 170 233 467 37178 302 185 1678 1797 291 3114 381
internal_value=6.31147e-06 -0.190086 -0.0597981 0.00504311 -0.0146682 -0.455268 0.082709 0.207737 -0.00882164 0.0118408 0.0754299
internal_weight=48832 1251 1018 47581 37956 487 9625 3475 37469 6150 848
internal_count=48832 1251 1018 47581 37956 487 9625 3475 37469 6150 848
is_linear=0
shrinkage=0.03


Tree=45
num_leaves=9
num_cat=0
split_feature=56 69 9 39 32 39 44 41
split_gain=51513.7 64239.9 131148 87012.9 79432.3 57379.6 116633 59414.2
threshold=-168.22814941406247 0.2144475653767586 0.0012449715868569913 -0.76219999790191639 0.62640789151191723 -0.24903181195259091 -0.076279435306787477 -0.64750000834465016
decision_type=2 2 2 2 2 2 2 2
left_child=-1 5 4 -4 -3 7 -7 -2
right_child=1 2 3 -5 -6 6 -8 -9
leaf_value=-0.47690620063414124 -0.008356082703559576 0.85889283396462168 0.11846811344812434 -0.48447130801141258 0.074778480855603291 -0.97108047728185298 0.17431376193198689 0.21104642714968211
leaf_weight=193 44914 319 1549 240 183 152 153 1129
leaf_count=193 44914 319 1549 240 183 152 153 1129
internal_value=-2.83937e-06 0.00198716 0.156707 0.0353385 0.580094 -0.00569284 -0.409212 -0.00293155
internal_weight=48832 48639 2291 1789 502 46348 305 46043
internal_count=48832 48639 2291 1789 502 46348 305 46043
is_linear=0
shrinkage=0.03


Tree=46
num_leaves=13
num_cat=0
split_feature=11 74 73 37 35 28 33 39 41 40 46 170
split_gain=51164.2 184081 137181 97759.3 128366 68673.6 181688 114795 81696.1 90731 55471.4 37353
threshold=0.081221431493759169 0.44033758342266088 23.122669219970707 0.34969998896121984 0.42738094925880438 -0.029406567104160782 0.49099999666213995 -2.0005352497100826 -0.5649999976158141 2.0870573520660405 0.76942089200019848 0.0032874898752197628
decision_type=2 2 2 2 2 2 2 2 2 2 2 2
left_child=1 3 -3 10 -5 8 -7 -8 9 -2 -1 -4
right_child=5 2 11 4 -6 6 7 -9 -10 -11 -12 -13
leaf_value=0.026890764439615127 0.024787812933563167 1.2927041524036653 0.0091509175189303169 -0.18282465451290994 0.47779758714523513 -0.95373521122699823 -0.45559463896508351 -0.038456677527104403 0.6247396125532686 -0.50127999812958635 0.17458162989264461 0.58161062092394433
leaf_weight=10625 14969 158 231 2965 281 195 608 15235 190 291 2909 175
leaf_count=10625 14969 158 231 2965 281 195 608 15235 190 291 2909 175
internal_value=-5.84577e-06 0.0413565 0.569647 0.0232712 -0.124344 -0.0227947 -0.0662603 -0.0547423 0.0223389 0.0144343 0.0587409 0.26395
internal_weight=48832 17344 564 16780 3246 31488 16038 15843 15450 15260 13534 406
internal_count=48832 17344 564 16780 3246 31488 16038 15843 15450 15260 13534 406
is_linear=0
shrinkage=0.03


Tree=47
num_leaves=13
num_cat=0
split_feature=169 25 170 47 41 25 136 59 87 46 15 38
split_gain=50526.6 62196.7 92309.2 91600.9 77264.1 118751 85357.4 57499.1 57079.9 61797.1 73004.1 46091.7
threshold=21.916713714599613 59.470685958862312 0.0030499994754791264 0.65450850129127514 -0.50199998915195454 42.540431976318366 1.9779040217399599 0.11157237365841867 -0.40119004249572748 -0.76942089200019825 0.30569025874137884 -0.90300863981246937
decision_type=2 2 2 2 2 2 2 2 2 2 2 2
left_child=8 4 7 -4 6 -6 -2 -3 9 10 -1 -11
right_child=1 2 3 -5 5 -7 -8 -9 -10 11 -12 -13
leaf_value=0.65231185838018468 0.020391551135419309 -0.088770756437241027 -0.31127186129883222 0.33521587183940693 1.0396040864262037 -0.01280504401992349 -0.21133493560969829 0.047820711033570336 0.6599001907120795 0.49442874078038174 -0.13478205888914915 -0.022161185475815203
leaf_weight=315 30941 6209 1881 212 157 228 1490 4998 159 159 153 1930
leaf_count=315 30941 6209 1881 212 157 228 1490 4998 159 159 153 1930
internal_value=9.65688e-07 -0.00741607 -0.0621169 -0.244506 0.0147658 0.431813 0.00968332 -0.0278666 0.125503 0.0898316 0.397556 0.0193262
internal_weight=48832 46116 13300 2093 32816 385 32431 11207 2716 2557 468 2089
internal_count=48832 46116 13300 2093 32816 385 32431 11207 2716 2557 468 2089
is_linear=0
shrinkage=0.03


Tree=48
num_leaves=11
num_cat=0
split_feature=30 186 52 87 168 51 73 154 94 8
split_gain=50211.1 54313.5 75759.6 125484 72932.9 38261.9 32263.6 36244.9 31739.6 16766.7
threshold=3.5874999761581425 -0.0021536797285079952 0.0040981816127896318 -0.24903181195259091 -0.0023279488086700435 0.11458587646484376 29.015483856201175 3.9000384807586674 -1.0000000180025095e-35 -70.111713409423814
decision_type=2 2 2 2 2 2 2 2 2 2
left_child=1 5 3 -3 -4 9 -2 8 -8 -1
right_child=6 2 4 -5 -6 -7 7 -9 -10 -11
leaf_value=0.19580383585210431 -0.20345452953708068 -0.0085724744580896097 -0.22678522998232628 -0.74572816599285197 0.12785939399288032 -0.51419691277605495 -0.009502081846981451 0.65072467327659778 0.32569233903212585 -0.11036463528787543
leaf_weight=161 164 37294 562 199 6047 199 481 155 528 3042
leaf_count=161 164 37294 562 199 6047 199 481 155 528 3042
internal_value=1.60988e-05 -0.00508775 0.00383293 -0.0126828 0.0974049 -0.120404 0.18126 0.236735 0.167377 -0.0944134
internal_weight=48832 47504 44102 37493 6609 3402 1328 1164 1009 3203
internal_count=48832 47504 44102 37493 6609 3402 1328 1164 1009 3203
is_linear=0
shrinkage=0.03


Tree=49
num_leaves=11
num_cat=0
split_feature=153 121 88 32 38 31 88 122 170 75
split_gain=49280.7 82394.6 51271.6 153632 130866 123028 99876.3 102078 82068.2 44123.2
threshold=0.00097423151601105939 47.644035339355476 1.9462045431137087 0.10675000026822092 -0.16136363148689267 -0.91830000281333912 1.8334318399429324 0.0032183186849579219 0.0034616206539794807 0.26620946824550634
decision_type=2 2 2 2 2 2 2 2 2 2
left_child=1 9 6 5 -5 -4 8 -8 -2 -1
right_child=2 -3 3 4 -6 -7 7 -9 -10 -11
leaf_value=0.22109894015640022 0.0059678041593298143 -0.099217737799432743 0.1379446378653667 -0.039584525495306506 0.58770789694072856 -0.45549378376453076 0.0082262673389925812 0.34628315286764377 -0.1507327685917623 0.95563461200050681
leaf_weight=150 37666 278 405 2026 341 1337 1715 1504 3259 151
leaf_count=150 37666 278 405 2026 341 1337 1715 1504 3259 151
internal_value=1.24308e-05 0.272765 -0.00331623 -0.104543 0.0528782 -0.317525 0.00612766 0.166758 -0.00654458 0.608466
internal_weight=48832 579 48253 4109 2367 1742 44144 3219 40925 301
internal_count=48832 579 48253 4109 2367 1742 44144 3219 40925 301
is_linear=0
shrinkage=0.03


Tree=50
num_leaves=7
num_cat=0
split_feature=26 26 56 44 165 69
split_gain=49692.3 89993 95269.6 65406.5 63953.9 63591.9
threshold=0.0066485491115599879 0.0055435982067137965 -50.008296966552727 -0.50938662886619557 0.0031449368689209227 0.17775045335292819
decision_type=2 2 2 2 2 2
left_child=1 4 -3 -4 5 -1
right_child=-2 2 3 -5 -6 -7
leaf_value=-0.0064346326672031313 0.47920365554923866 0.23836396148640238 -1.0960794856511056 -0.30167826723778385 -0.56828104608692231 0.1124418182332806
leaf_weight=43468 184 157 150 251 166 4456
leaf_count=43468 184 157 150 251 166 4456
internal_value=2.13808e-05 -0.00188913 -0.377296 -0.618274 0.00254434 0.00463972
internal_weight=48832 48648 558 401 48090 47924
internal_count=48832 48648 558 401 48090 47924
is_linear=0
shrinkage=0.03


Tree=51
num_leaves=8
num_cat=0
split_feature=56 122 117 25 26 38 50
split_gain=48607.8 55059.4 104207 123723 98570.5 79957.4 52416.1
threshold=-168.22814941406247 0.0070748373400419959 0.0036226724041625862 46.647813796997077 0.0055435982067137965 0.12831818312406543 0.15503998100757602
decision_type=2 2 2 2 2 2 2
left_child=-1 4 -3 -4 6 -6 -2
right_child=1 2 3 -5 5 -7 -8
leaf_value=-0.46324348319028252 -0.002448466703766943 0.68006704014163566 0.57765008479228297 -0.45130390819750332 -0.96928445404036001 -0.023681597815700835 0.24854312570763165
leaf_weight=193 46856 298 164 256 161 153 751
leaf_count=193 46856 298 164 256 161 153 751
internal_value=1.37225e-05 0.00194678 0.260886 -0.0454319 -0.00198653 -0.523481 0.00156229
internal_weight=48832 48639 718 420 47921 314 47607
internal_count=48832 48639 718 420 47921 314 47607
is_linear=0
shrinkage=0.03


Tree=52
num_leaves=12
num_cat=0
split_feature=169 32 59 159 34 170 105 87 122 142 124
split_gain=47909.9 58465.5 91255.8 75655.6 105565 85604.2 72470.3 53745 60633.9 93338 43538.4
threshold=21.916713714599613 -0.24618182331323621 0.072074137628078475 2.8736276626586919 1.8650000095367434 0.0034616206539794807 0.0025588488206267361 -0.40119004249572748 0.004035353660583497 -0.76942089200019825 -1.0686816573143003
decision_type=2 2 2 2 2 2 2 2 2 2 2
left_child=7 2 10 5 -5 -3 -4 8 9 -1 -2
right_child=1 3 6 4 -6 -7 -8 -9 -10 -11 -12
leaf_value=0.55108720674393352 -0.16830438652038573 0.0045499733452985984 -0.79415409075208454 0.61791775810092053 0.0083691427979790279 -0.15525804384195593 -0.19988452209271151 0.64077500410995181 -0.33405587845769791 0.0490586998514288 0.46553901737531023
leaf_weight=395 165 40425 239 411 652 3250 759 159 265 1897 215
leaf_count=395 165 40425 239 411 652 3250 759 159 265 1897 215
internal_value=1.08311e-05 -0.00721159 -0.198964 -0.00126216 0.247608 -0.00737468 -0.348666 0.12222 0.0876042 0.137596 0.193059
internal_weight=48832 46116 1378 44738 1063 43675 998 2716 2557 2292 380
internal_count=48832 46116 1378 44738 1063 43675 998 2716 2557 2292 380
is_linear=0
shrinkage=0.03


Tree=53
num_leaves=12
num_cat=0
split_feature=11 74 73 37 57 33 33 29 59 130 146
split_gain=48339.5 173040 128084 90516.5 88324.3 61899.9 53259.9 115608 104341 51965.6 40264.2
threshold=0.081221431493759169 0.44033758342266088 23.122669219970707 0.34969998896121984 0.0035425535170361404 0.49099999666213995 0.92899999022483837 0.087002165615558638 0.12651445716619494 0.14500000327825549 0.00095928012160584341
decision_type=2 2 2 2 2 2 2 2 2 2 2
left_child=1 3 -3 9 -5 -2 8 -8 -7 -1 -4
right_child=5 2 10 4 -6 6 7 -9 -10 -11 -12
leaf_value=0.19665802934078752 -0.46701824843242601 1.2511235900542566 0.0016612423295455593 -0.23118640287728684 0.098333681984101043 -0.015850061024721994 -0.37839350639020697 -0.016337159857740573 0.56599247596510571 0.032088653252520041 0.59825709609670585
leaf_weight=2023 269 158 238 2144 1102 856 806 29157 400 11511 168
leaf_count=2023 269 158 238 2144 1102 856 806 29157 400 11511 168
internal_value=1.47175e-05 0.040219 0.552422 0.0226844 -0.119358 -0.0221361 -0.0181544 -0.0261994 0.172457 0.0568148 0.256975
internal_weight=48832 17344 564 16780 3246 31488 31219 29963 1256 13534 406
internal_count=48832 17344 564 16780 3246 31488 31219 29963 1256 13534 406
is_linear=0
shrinkage=0.03


Tree=54
num_leaves=14
num_cat=0
split_feature=32 34 23 39 30 34 26 34 69 98 23 169 156
split_gain=47004.4 80471.3 155773 71922.5 104237 141553 88298 104547 73971.3 60106.4 47258.3 29861.6 24280.7
threshold=1.1487143039703371 0.37500000000000006 0.84639587998390209 -1.4374071359634397 3.3775000572204594 -0.58499997854232777 0.001931092585437 0.49500000476837164 0.18221528083086017 0.00052349269390106212 -0.84637153148651112 55.515132904052741 -0.55062964558601368
decision_type=2 2 2 2 2 2 2 2 2 2 2 2 2
left_child=3 10 11 6 8 -6 9 -8 -5 -1 -2 -3 -12
right_child=1 2 -4 4 5 -7 7 -9 -10 -11 12 -13 -14
leaf_value=-0.076601498655132647 -0.30636366314503527 -0.36622033560185263 -1.2355092310210678 -0.019839586614830412 -0.037286451507646298 -1.0754825738393343 0.36821043916922214 0.039175236790400261 0.1423932220539231 0.11130839349092084 -0.10852189921856632 0.16877988421085457 0.33527055577234882
leaf_weight=3329 252 187 153 34751 302 185 1678 1797 2718 2821 159 171 329
leaf_count=3329 252 187 153 34751 302 185 1678 1797 2718 2821 159 171 329
internal_value=2.43209e-05 -0.180757 -0.466381 0.00481442 -0.0137636 -0.445377 0.0780146 0.19866 -0.00803637 0.00963339 0.0200657 -0.113033 0.191399
internal_weight=48832 1251 511 47581 37956 487 9625 3475 37469 6150 740 358 488
internal_count=48832 1251 511 47581 37956 487 9625 3475 37469 6150 740 358 488
is_linear=0
shrinkage=0.03


Tree=55
num_leaves=11
num_cat=0
split_feature=42 134 122 99 50 31 82 51 87 8
split_gain=46931.5 58938.6 98501.4 92695.5 83135.6 97012.2 94841.5 27699.3 17073.3 15566
threshold=-0.0021536797285079952 -1.1437500119209287 0.0029440309153869752 0.0005214482662267984 0.1025640480220318 -0.45225000381469721 1.8650000095367434 0.11717243120074274 -1.8160476088523863 -70.111713409423814
decision_type=2 2 2 2 2 2 2 2 2 2
left_child=7 2 3 -2 5 -3 -6 8 -1 -10
right_child=1 4 -4 -5 6 -7 -8 -9 9 -11
leaf_value=0.1466151942710455 -0.69196274470772057 -0.13838634157473667 -0.76261368455307854 0.070133170829112843 0.20832510125419898 0.016673666213914619 -0.22633355580581913 -0.44821447889306648 0.17412831804780071 -0.12076761993420776
leaf_weight=256 165 4024 217 794 3252 36372 516 191 162 2883
leaf_count=256 165 4024 217 794 3252 36372 516 191 162 2883
internal_value=1.09335e-05 0.00818205 -0.200523 -0.0667765 0.0137836 0.00119712 0.14836 -0.105803 -0.0846968 -0.10456
internal_weight=48832 45340 1176 959 44164 40396 3768 3492 3301 3045
internal_count=48832 45340 1176 959 44164 40396 3768 3492 3301 3045
is_linear=0
shrinkage=0.03


Tree=56
num_leaves=9
num_cat=0
split_feature=56 69 9 87 32 147 41 3
split_gain=47318 52430.3 119422 79190.9 74805.7 53876.3 81943.6 72885.1
threshold=-168.22814941406247 0.2144475653767586 0.0012449715868569913 -0.76219999790191639 0.62640789151191723 0.00045885443978477275 -1.2705000042915342 0.00031116505851969128
decision_type=2 2 2 2 2 2 2 2
left_child=-1 5 4 -4 -3 6 -2 -7
right_child=1 2 3 -5 -6 7 -8 -9
leaf_value=-0.45706986068064359 0.018786821084159817 0.81620349402349768 0.10526006516726297 -0.46992205091714856 0.05628170871248208 -0.64341675097821283 0.25679165462785625 -0.024118147412766414
leaf_weight=193 13691 319 1549 240 183 162 1429 31066
leaf_count=193 13691 319 1549 240 183 162 1429 31066
internal_value=-2.81254e-07 0.00190695 0.141683 0.0259144 0.54569 -0.00503132 0.0414357 -0.0275358
internal_weight=48832 48639 2291 1789 502 46348 15120 31228
internal_count=48832 48639 2291 1789 502 46348 15120 31228
is_linear=0
shrinkage=0.03


Tree=57
num_leaves=13
num_cat=0
split_feature=57 32 105 32 26 30 155 40 46 47 117 40
split_gain=46857 87316.6 136668 94685.3 85117.1 77753.2 74789.5 48224 53321.9 50218.9 85983 62249.6
threshold=0.0029618917033076291 -0.05881818197667598 0.0021285834955051546 -0.15790043026208875 0.005178136285394431 2.6974999904632573 0.10358098149299623 2.4319523572921757 1.0000000180025095e-35 0.65450850129127514 0.002132134861312807 2.1180814504623418
decision_type=2 2 2 2 2 2 2 2 2 2 2 2
left_child=1 2 3 -1 6 -4 -3 9 -9 11 -11 -2
right_child=7 4 5 -5 -6 -7 -8 8 -10 10 -12 -13
leaf_value=-0.30087046844192911 0.015108077372406528 0.056425366850012842 -0.12783095455026139 -1.0885436439721119 -0.53336201378865677 0.51524746013170963 -0.054860037621928495 0.010768153032376653 0.74569997636443475 0.095685164992388008 0.72808643217292124 -0.38839443067067436
leaf_weight=410 20423 10299 1991 206 265 175 11486 179 167 2692 199 340
leaf_count=410 20423 10299 1991 206 265 175 11486 179 167 2692 199 340
internal_value=-2.36829e-06 -0.0288872 -0.186948 -0.577462 -0.00886929 -0.0737449 -0.00224739 0.0298834 0.376472 0.0246567 0.141576 0.00831682
internal_weight=48832 24832 2782 616 22050 2166 21785 24000 346 23654 2891 20763
internal_count=48832 24832 2782 616 22050 2166 21785 24000 346 23654 2891 20763
is_linear=0
shrinkage=0.03


Tree=58
num_leaves=11
num_cat=0
split_feature=153 9 121 27 32 15 122 26 75 145
split_gain=46839.2 102128 77670.3 75716.6 65853.1 56336.8 63851 46740.6 39507.4 29496.1
threshold=0.00097423151601105939 0.00052841121214441966 48.569543838500984 0.46864064037799841 0.074404764920473113 0.1618611887097359 0.0030206739902496342 0.0066485491115599879 0.26620946824550634 0.00060832998133264493
decision_type=2 2 2 2 2 2 2 2 2 2
left_child=2 3 8 4 -2 6 -3 -7 -1 -5
right_child=1 5 -4 9 -6 7 -8 -9 -10 -11
leaf_value=0.21656455120258031 -0.94359750942691512 0.06066386100370437 -0.1013066666491672 -0.14180670189205558 -0.28915435052605809 -0.0014415202200166006 0.80806973882900035 0.46518819307658782 0.90745615111641498 0.38453005982539618
leaf_weight=150 174 278 273 230 629 46453 155 184 156 150
leaf_count=150 174 278 273 230 629 46453 155 184 156 150
internal_value=-4.30477e-06 -0.00324946 0.265905 -0.277368 -0.440826 0.00369736 0.340412 0.000498835 0.586355 0.0704903
internal_weight=48832 48253 579 1183 803 47070 433 46637 306 380
internal_count=48832 48253 579 1183 803 47070 433 46637 306 380
is_linear=0
shrinkage=0.03


Tree=59
num_leaves=15
num_cat=0
split_feature=11 74 31 35 28 170 26 3 31 81 142 28 76 107
split_gain=45794.4 159665 81008.2 111875 75142.4 64768.6 101871 81737 259959 55991.8 51897.2 43601.1 34208 31843.5
threshold=0.081221431493759169 0.44033758342266088 -0.34969998896121973 0.42738094925880438 0.78871074318885814 0.0012002714793197813 0.0020218831486999993 0.00030252337455749517 0.058199999853968627 0.49099999666213995 0.76942089200019848 0.2414849251508713 0.45513078570365911 0.081838183104991927
decision_type=2 2 2 2 2 2 2 2 2 2 2 2 2 2
left_child=1 2 3 -1 13 6 12 8 -7 -9 -4 -8 -2 -3
right_child=5 4 10 -5 -6 7 11 9 -10 -11 -12 -13 -14 -15
leaf_value=-0.16668820679210941 -0.075766197172950356 0.49281500472619033 0.023775328572501583 0.45001408433176804 0.89906559941928765 -1.4024966637378822 0.95506164794028914 -0.4488354262949959 -0.060730446593696821 -0.021688262674169005 0.16662505063882052 0.27918307668950459 0.15717441113321001 -0.1042840268821628
leaf_weight=2965 1086 154 10625 281 258 153 152 269 646 27805 2909 209 1168 152
leaf_count=2965 1086 154 10625 281 258 153 152 269 646 27805 2909 209 1168 152
internal_value=4.2095e-06 0.0391358 0.0222922 -0.112083 0.531145 -0.0215556 0.121132 -0.0345162 -0.331825 -0.0259395 0.0545798 0.581836 0.0451023 0.202303
internal_weight=48832 17344 16780 3246 564 31488 2615 28873 799 28074 13534 361 2254 306
internal_count=48832 17344 16780 3246 564 31488 2615 28873 799 28074 13534 361 2254 306
is_linear=0
shrinkage=0.03


Tree=60
num_leaves=10
num_cat=0
split_feature=151 49 122 26 76 45 110 77 27
split_gain=45106.8 62035.2 46225.2 95947.5 92027.6 38535.4 34677.1 31277.8 31832.7
threshold=-46.330858230590813 0.23074722290039065 0.0070748373400419959 0.0055435982067137965 -1.8076329231262205 -0.68355163931846608 0.85838651657104503 0.10928229615092279 -0.21397333592176435
decision_type=2 2 2 2 2 2 2 2 2
left_child=6 2 3 -2 -4 -3 -1 -8 -9
right_child=1 5 4 -5 -6 -7 7 8 -10
leaf_value=0.18888865857455081 0.0012924995679735873 0.72903802312121668 -0.3658071361133321 -0.53341053047529918 0.45624650822986529 0.073097506008510074 -0.56822345991273993 -0.50325556082278489 -0.015292436624613572
leaf_weight=163 46614 160 155 294 481 158 233 160 414
leaf_count=163 46614 160 155 294 481 158 233 160 414
internal_value=1.11052e-05 0.00413562 0.00129881 -0.00217177 0.253342 0.415295 -0.201467 -0.281659 -0.157598
internal_weight=48832 47862 47544 46908 636 318 970 807 574
internal_count=48832 47862 47544 46908 636 318 970 807 574
is_linear=0
shrinkage=0.03


Tree=61
num_leaves=7
num_cat=0
split_feature=56 122 8 87 35 21
split_gain=44951.1 48305.6 119224 75915.4 70434.7 64772
threshold=-168.22814941406247 0.0070748373400419959 -21.521746635437008 -0.24903181195259091 0.42738094925880438 0.0024414360523223881
decision_type=2 2 2 2 2 2
left_child=-1 3 -3 4 -2 -4
right_child=1 2 5 -5 -6 -7
leaf_value=-0.44548354755187858 -0.001830379200225383 0.75342475651340057 0.3720513847912077 -0.47754971067756413 0.44337370048699354 -0.3333883873741878
leaf_weight=193 47319 254 189 290 312 275
leaf_count=193 47319 254 189 290 312 275
internal_value=7.47127e-06 0.00186639 0.244405 -0.00181779 0.00117832 -0.0442563
internal_weight=48832 48639 718 47921 47631 464
internal_count=48832 48639 718 47921 47631 464
is_linear=0
shrinkage=0.03


Tree=62
num_leaves=11
num_cat=0
split_feature=153 121 57 135 92 77 47 32 77 158
split_gain=44031.4 73132.8 54116.7 84825.4 122134 81811.9 45792.6 96958.1 63876.2 39821.3
threshold=0.00097423151601105939 47.644035339355476 0.0029618917033076291 -1.1310222744941709 -0.47136868536472315 1.0463635921478274 0.65450850129127514 0.14853571355342868 -0.41072510182857508 0.80481067299842846
decision_type=2 2 2 2 2 2 2 2 2 2
left_child=1 9 3 5 -5 -2 8 -8 -4 -1
right_child=2 -3 6 4 -6 -7 7 -9 -10 -11
leaf_value=0.20641467903979355 -0.60895083357434021 -0.092652196040823281 0.56088489374361539 -0.21934701787704172 -0.016497995509109051 0.026465252857975952 0.34272990595632563 -0.0062313275230700561 0.0083148497189067371 0.90383077297521675
leaf_weight=150 175 278 180 4348 6907 12833 1221 1714 20875 151
leaf_count=150 175 278 180 4348 6907 12833 1221 1714 20875 151
internal_value=9.15486e-06 0.257826 -0.00313723 -0.0347214 -0.0949872 0.0174556 0.0288076 0.139612 0.0133028 0.574094
internal_weight=48832 579 48253 24263 11255 13008 23990 2935 21055 301
internal_count=48832 579 48253 24263 11255 13008 23990 2935 21055 301
is_linear=0
shrinkage=0.03


Tree=63
num_leaves=12
num_cat=0
split_feature=169 28 172 35 74 73 82 73 39 36 74
split_gain=44847.5 56608 77676.9 98084.5 66670.5 141282 74288.7 54823.5 51957 56285.1 46055.7
threshold=21.916713714599613 2.3199771642684941 0.59226337075233471 -0.068675890564918504 0.40640041232109075 21.866245269775394 -0.47499999403953547 45.585186004638679 -0.40119004249572748 3.1575000286102299 0.41776983439922338
decision_type=2 2 2 2 2 2 2 2 2 2 2
left_child=8 4 3 -3 6 -6 -2 -4 9 10 -1
right_child=1 2 7 -5 5 -7 -8 -9 -10 -11 -12
leaf_value=0.073665987727830312 -0.19045073527539264 -0.005061667728968414 -0.65418414344084774 -0.55977472144126661 0.85072036558364728 0.079334171143906909 0.0027963288085707579 0.00086972717195749278 0.62809320194657736 0.49316987045356708 -0.43527182287563476
leaf_weight=2133 1868 2774 364 310 229 2047 38358 166 159 261 163
leaf_count=2133 1868 2774 364 310 229 2047 38358 166 159 261 163
internal_value=1.56669e-05 -0.00697211 -0.120787 -0.0624498 0.00273183 0.160329 -0.00622271 -0.4528 0.118254 0.084228 0.0358041
internal_weight=48832 46116 3614 3084 42502 2276 40226 530 2716 2557 2296
internal_count=48832 46116 3614 3084 42502 2276 40226 530 2716 2557 2296
is_linear=0
shrinkage=0.03


Tree=64
num_leaves=8
num_cat=0
split_feature=26 26 164 57 32 122 87
split_gain=43958.4 77970.3 88644.3 47597.7 47274.2 107355 61867.5
threshold=0.0066485491115599879 0.0055435982067137965 60.335441589355476 0.0021723555400967602 1.1487143039703371 0.0029440309153869752 -1.4374071359634397
decision_type=2 2 2 2 2 2 2
left_child=1 4 3 -3 6 -6 -1
right_child=-2 2 -4 -5 5 -7 -8
leaf_value=0.074948891071176943 0.4507063403113063 -0.94500786930166614 0.19829506618120976 -0.26480796245884558 -0.050571999891175515 -0.78335351578585088 -0.010348360594190208
leaf_weight=9622 184 181 176 201 1018 209 37241
leaf_count=9622 184 181 176 201 1018 209 37241
internal_value=1.6941e-05 -0.00177997 -0.351211 -0.602987 0.00234675 -0.180713 0.00717729
internal_weight=48832 48648 558 382 48090 1227 46863
internal_count=48832 48648 558 382 48090 1227 46863
is_linear=0
shrinkage=0.03


Tree=65
num_leaves=12
num_cat=0
split_feature=42 52 39 152 56 11 40 51 84 99 74
split_gain=43906.6 62083.9 104227 79188.4 80106.1 77027.2 64475.8 26355.4 16162.6 20162.4 17247.1
threshold=-0.0021536797285079952 0.0045156762935221204 -0.24903181195259091 -23.242463111877438 -43.742656707763665 0.079407822340726866 2.5766004323959355 0.11717243120074274 3.0049999952316289 0.00067258477793075155 0.15302549302577975
decision_type=2 2 2 2 2 2 2 2 2 2 2
left_child=7 2 6 5 -5 -3 -2 8 10 -10 -1
right_child=1 3 -4 4 -6 -7 -8 -9 9 -11 -12
leaf_value=-0.018193602786610034 0.0015360333755768322 0.24052466652137575 -0.64201961660269724 0.40646962696836164 0.094718245356881101 -0.2365299780169004 -0.47891883515366335 -0.43633058291762622 -0.075734520218357804 0.35640303095112796 -0.16659231332276248
leaf_weight=1195 39303 429 220 960 3196 989 243 191 236 152 1718
leaf_count=1195 39303 429 220 960 3196 989 243 191 236 152 1718
internal_value=8.26255e-06 0.00791167 -0.00524047 0.101583 0.167533 -0.0915288 -0.00153657 -0.102339 -0.0817542 0.0982578 -0.105985
internal_weight=48832 45340 39766 5574 4156 1418 39546 3492 3301 388 2913
internal_count=48832 45340 39766 5574 4156 1418 39546 3492 3301 388 2913
is_linear=0
shrinkage=0.03


Tree=66
num_leaves=14
num_cat=0
split_feature=36 81 36 81 44 44 31 8 123 32 36 51 94
split_gain=42124.9 59730.2 206991 125151 124972 120060 86660.6 73804.5 31402.7 37601.3 30126.4 21545.7 19399.2
threshold=3.5874999761581425 2.1035000085830693 2.6045000553131108 2.3020000457763676 1.0000000180025095e-35 1.0000000180025095e-35 -0.18989999592304227 87.659507751464858 0.085168182849884047 0.7425062656402589 3.7725000381469731 0.070700902491807951 -1.0000000180025095e-35
decision_type=2 2 2 2 2 2 2 2 2 2 2 2 2
left_child=1 2 6 5 -4 -3 -1 -5 9 -2 11 -10 -11
right_child=8 3 4 7 -6 -7 -8 -9 10 12 -12 -13 -14
leaf_value=-0.056251662799066918 -0.25320425793119183 -0.36544905908483311 0.99406019272390878 -0.0024180208297252229 0.12942493551021927 -0.022415131809929292 0.055684079296904797 -0.63433215360024142 0.25843553168735905 -0.032368456525728104 0.060130134245360289 0.71899686254317996 0.37743055208390497
leaf_weight=10171 263 1912 300 16893 299 1761 16010 158 218 182 263 174 228
leaf_count=10171 263 1912 300 16893 299 1761 16010 158 218 182 263 174 228
internal_value=2.1509e-06 -0.00467269 0.0249165 -0.042902 0.571676 -0.201491 0.0121935 -0.00864191 0.166011 0.0212137 0.312232 0.475668 0.19908
internal_weight=48832 47504 26780 20724 599 3673 26181 17051 1328 673 655 392 410
internal_count=48832 47504 26780 20724 599 3673 26181 17051 1328 673 655 392 410
is_linear=0
shrinkage=0.03


Tree=67
num_leaves=12
num_cat=0
split_feature=169 25 170 83 159 25 165 39 147 59 46
split_gain=42423.1 54537.5 85983.4 82007.5 70462.5 92701.1 82210.8 53091.9 54235.7 52980.2 51376.7
threshold=21.334903717041019 59.470685958862312 0.0030499994754791264 0.39852271974086767 2.8736276626586919 46.250919342041023 0.0024660527706146245 -0.40119004249572748 0.00096948741702362906 0.11157237365841867 -0.76942089200019825
decision_type=2 2 2 2 2 2 2 2 2 2 2
left_child=7 4 9 -4 6 -6 -2 8 10 -3 -1
right_child=1 2 3 -5 5 -7 -8 -9 -10 -11 -12
leaf_value=0.43607091327261188 0.013966455298611855 -0.082699814958412485 -0.17406971913867725 -0.83896978866005234 0.54159748610264014 -0.073569768235881614 -0.32237464253015502 0.64538412476027451 -0.37785523319031511 0.04770908856334078 0.058259333896506761
leaf_weight=387 31321 6272 1944 174 501 384 658 152 200 5055 1784
leaf_count=387 31321 6272 1944 174 501 384 658 152 200 5055 1784
internal_value=9.62751e-06 -0.00652799 -0.0574044 -0.232379 0.0142972 0.276838 0.00694729 0.119558 0.0832792 -0.0245103 0.127298
internal_weight=48832 46309 13445 2118 32864 885 31979 2523 2371 11327 2171
internal_count=48832 46309 13445 2118 32864 885 31979 2523 2371 11327 2171
is_linear=0
shrinkage=0.03


Tree=68
num_leaves=15
num_cat=0
split_feature=11 74 73 31 83 170 3 31 21 172 31 155 146 76
split_gain=42077.3 147041 112541 74187.2 100493 58711.8 78190.1 243447 77438.4 63079.1 50621.7 48258.3 37127.9 19109.3
threshold=0.081221431493759169 0.44033758342266088 23.122669219970707 -0.34969998896121973 0.42738094925880438 0.0012002714793197813 0.00030252337455749517 0.058199999853968627 0.00075805187225341808 3.7848029136657719 0.073999997228384032 0.16918360441923144 0.00095928012160584341 0.45513078570365911
decision_type=2 2 2 2 2 2 2 2 2 2 2 2 2 2
left_child=1 3 -3 4 -1 8 7 -7 13 -8 -5 -10 -4 -2
right_child=5 2 12 10 -6 6 9 -9 11 -11 -12 -13 -14 -15
leaf_value=-0.15898972489678559 -0.097101930426831906 1.1644909107019858 -0.011636046736140644 0.12703463641851764 0.42550790717921305 -1.3599020873960908 -0.018253752904496125 -0.061396599144450524 0.46156786676725009 -0.34303154844403916 0.0072619415472024475 -0.11525257256038174 0.56070923401095141 0.098252493161730708
leaf_weight=2965 867 158 238 5077 281 153 27535 646 674 539 8457 157 168 917
leaf_count=2965 867 158 238 5077 281 153 27535 646 674 539 8457 157 168 917
internal_value=8.56143e-06 0.0375185 0.509678 0.0213544 -0.107239 -0.0206577 -0.0329974 -0.323783 0.115195 -0.0246092 0.0522528 0.352515 0.232982 0.00330082
internal_weight=48832 17344 564 16780 3246 31488 28873 799 2615 28074 13534 831 406 1784
internal_count=48832 17344 564 16780 3246 31488 28873 799 2615 28074 13534 831 406 1784
is_linear=0
shrinkage=0.03


Tree=69
num_leaves=11
num_cat=0
split_feature=153 9 27 121 38 15 98 56 75 145
split_gain=41886.6 92036.2 71203.5 68694.1 60396.6 52745.2 54429.2 44804.7 38661.7 28510.5
threshold=0.00097423151601105939 0.00052841121214441966 0.46864064037799841 47.644035339355476 -0.073722943663597093 0.1618611887097359 0.00074256359948776673 -168.22814941406247 0.26620946824550634 0.00060832998133264493
decision_type=2 2 2 2 2 2 2 2 2 2
left_child=3 2 4 8 -2 6 -3 -7 -1 -4
right_child=1 5 9 -5 -6 7 -8 -9 -10 -11
leaf_value=0.19631912818551064 -0.27655696801946195 0.043384085632020369 -0.13493364770058541 -0.088251529431436201 -0.9032834586181232 -0.45102919062079505 0.71849744116235026 0.0023576916183687523 0.88274619761275952 0.38259972513746471
leaf_weight=150 629 256 230 278 174 187 177 46450 151 150
leaf_count=150 629 256 230 278 174 187 177 46450 151 150
internal_value=1.24763e-05 -0.00305632 -0.263279 0.251472 -0.421801 0.00353833 0.329344 0.00044345 0.557985 0.0739279
internal_weight=48832 48253 1183 579 803 47070 433 46637 301 380
internal_count=48832 48253 1183 579 803 47070 433 46637 301 380
is_linear=0
shrinkage=0.03


Tree=70
num_leaves=13
num_cat=0
split_feature=138 81 82 81 92 87 81 8 51 32 8 99
split_gain=41636.8 54038.2 234084 140402 129875 115042 89741.8 65492.9 24757.6 14721.2 14804.9 7526.85
threshold=-0.0021536797285079952 2.1035000085830693 0.39499999582767492 2.3020000457763676 1.0000000180025095e-35 -1.4207809567451475 2.02649998664856 87.659507751464858 0.11458587646484376 0.8187738060951234 -70.111713409423814 0.00061868032207712542
decision_type=2 2 2 2 2 2 2 2 2 2 2 2
left_child=8 2 4 5 -2 -3 -4 -5 9 10 -1 -11
right_child=1 3 6 7 -6 -7 -8 -9 -10 11 -12 -13
leaf_value=0.17701356642576585 0.68614189229112676 0.21584013826668264 0.0060690064138047171 0.012513346441571569 0.09170074994709404 -0.27822808741258953 0.38328901732590087 -0.55962894569468369 -0.4104138906210798 -0.026189637163633039 -0.11559426080761132 0.25991384715680033
leaf_weight=156 737 490 22969 16935 600 2863 572 172 207 168 2813 150
leaf_count=156 737 490 22969 16935 600 2863 572 172 207 168 2813 150
internal_value=1.43855e-05 0.00771316 0.0374084 -0.0283949 0.422038 -0.205599 0.0153936 0.00643724 -0.0996215 -0.0788638 -0.0996772 0.112575
internal_weight=48832 45338 24878 20460 1337 3353 23541 17107 3494 3287 2969 318
internal_count=48832 45338 24878 20460 1337 3353 23541 17107 3494 3287 2969 318
is_linear=0
shrinkage=0.03


Tree=71
num_leaves=8
num_cat=0
split_feature=26 26 164 57 32 122 39
split_gain=41218.2 72610.4 82800.9 44666.4 44141.3 99917.5 56399.4
threshold=0.0066485491115599879 0.0055435982067137965 60.335441589355476 0.0026750311953946952 1.1487143039703371 0.0029440309153869752 -1.4374071359634397
decision_type=2 2 2 2 2 2 2
left_child=1 4 3 -3 6 -6 -1
right_child=-2 2 -4 -5 5 -7 -8
leaf_value=0.07163414245497858 0.43643268151074338 -0.85517292088583896 0.19213495881326736 -0.19120866895043129 -0.049075994820475345 -0.75602155067026611 -0.0098065081179326725
leaf_weight=9622 184 218 176 164 1018 209 37241
leaf_count=9622 184 218 176 164 1018 209 37241
internal_value=1.6672e-05 -0.00172333 -0.338931 -0.58227 0.00225902 -0.174631 0.00692676
internal_weight=48832 48648 558 382 48090 1227 46863
internal_count=48832 48648 558 382 48090 1227 46863
is_linear=0
shrinkage=0.03


Tree=72
num_leaves=13
num_cat=0
split_feature=103 152 159 111 170 32 26 10 171 75 51 121
split_gain=41237 55862.8 108417 90374.4 68439.8 121848 74310.2 46533.2 76387.8 37410 48292.1 33590.3
threshold=-28.169080734252926 38.603990554809577 2.7742022275924687 0.88100892305374157 0.0035398049512878065 0.65139609575271618 0.0027855464722961192 6.2999370098114023 0.23987209051847461 -0.82743644714355458 0.064383316785097136 70.422355651855483
decision_type=2 2 2 2 2 2 2 2 2 2 2 2
left_child=7 4 3 -3 6 -6 -2 9 -9 10 -1 -11
right_child=1 2 -4 -5 5 -7 -8 8 -10 11 -12 -13
leaf_value=0.0042431398352065419 -0.01009691469881681 0.025747745019261328 0.47203705160805348 -0.27103762315392832 -0.048237132830898373 -0.5627020805918983 0.088072968036603985 -0.081291945714641489 0.80224088881383926 -0.029952265511435126 0.48553089245668563 0.32010258363281457
leaf_weight=371 29101 1527 257 2320 2364 493 9102 152 194 2315 370 266
leaf_count=371 29101 1527 257 2320 2364 493 9102 152 194 2315 370 266
internal_value=9.04003e-06 -0.00785571 -0.11325 -0.153472 0.00270357 -0.138666 0.0133093 0.0966056 0.422719 0.0614729 0.247827 0.00722088
internal_weight=48832 45164 4104 3847 41060 2857 38203 3668 346 3322 741 2581
internal_count=48832 45164 4104 3847 41060 2857 38203 3668 346 3322 741 2581
is_linear=0
shrinkage=0.03


Tree=73
num_leaves=13
num_cat=0
split_feature=116 11 29 41 34 41 57 41 74 11 172 46
split_gain=40688 54187.9 77738.2 105702 75810.7 186402 72424.5 30207.1 48020 35306.2 25530.2 19404.4
threshold=21.359294891357425 0.10755070298910142 -0.35568921267986292 -0.94850000739097584 0.16499999910593036 -1.9854999780654905 0.0019469294929876926 -2.8805000782012935 0.24103573709726336 0.071397237479686751 2.2058718204498295 1.0000000180025095e-35
decision_type=2 2 2 2 2 2 2 2 2 2 2 2
left_child=7 4 -3 -4 5 -2 -6 11 10 -10 -9 -1
right_child=1 2 3 -5 6 -7 -8 8 9 -11 -12 -13
leaf_value=-0.27867222965272959 0.093989509334697546 -0.57123833212881314 -0.050533199366874053 0.30842262764388578 -0.11149406980039304 1.0645462865094022 0.026107722445260165 0.13170176624057478 -0.015929378216586462 0.50330619942834265 -0.17892661825763032 0.1153228244919495
leaf_weight=246 4289 238 19165 758 4280 176 17417 1141 154 484 291 193
leaf_count=246 4289 238 19165 758 4280 176 17417 1141 154 484 291 193
internal_value=1.61073e-05 -0.00636774 -0.0433183 -0.0367283 0.0221128 0.13454 -0.00107478 0.117437 0.165266 0.379662 0.0677752 -0.106747
internal_weight=48832 46323 20161 19923 26162 4465 21697 2509 2070 638 1432 439
internal_count=48832 46323 20161 19923 26162 4465 21697 2509 2070 638 1432 439
is_linear=0
shrinkage=0.03


Tree=74
num_leaves=10
num_cat=0
split_feature=153 9 76 76 171 15 58 42 45
split_gain=40247.4 85192 61356 59391.9 54568 49733.2 62349.9 42879.5 42180
threshold=0.00097423151601105939 0.00052841121214441966 -2.5442628860473628 0.89233589172363292 -0.52964958548545826 0.1618611887097359 2.9351480007171635 -0.081363637000322328 -0.8253108263015746
decision_type=2 2 2 2 2 2 2 2 2
left_child=3 2 -2 8 -4 6 -3 -7 -1
right_child=1 5 4 -5 -6 7 -8 -9 -10
leaf_value=0.33255565984505359 0.29891791426576675 0.030944409813638107 -0.0048480428220635209 0.68482788771863967 -0.47805013078523229 -0.27403757894367597 0.76020251476764678 0.0033677221864594079 -0.26895218709013557
leaf_weight=204 150 268 314 179 719 497 165 46140 196
leaf_count=204 150 268 314 179 719 497 165 46140 196
internal_value=2.19913e-05 -0.00298616 -0.253347 0.246511 -0.335637 0.00335857 0.319725 0.000353363 0.0384458
internal_weight=48832 48253 1183 579 1033 47070 433 46637 400
internal_count=48832 48253 1183 579 1033 47070 433 46637 400
is_linear=0
shrinkage=0.03


Tree=75
num_leaves=14
num_cat=0
split_feature=169 122 92 122 57 32 74 155 74 92 81 74 12
split_gain=39854.9 53772.3 53411.7 69781.2 49672.7 71870.8 119448 87433.1 66989.7 101182 50341.6 17651.9 17185.3
threshold=21.916713714599613 0.0019164127879776063 0.33172981441020971 0.0031169609865173702 0.0028343715239316229 -0.05881818197667598 0.41776983439922338 0.10358098149299623 0.39510671794414526 0.58244305849075328 3.9605000019073491 0.15962519496679309 0.11063721776008607
decision_type=2 2 2 2 2 2 2 2 2 2 2 2 2
left_child=1 12 3 -3 5 6 -2 -7 10 -10 -6 -4 -1
right_child=4 2 11 -5 8 7 -8 -9 9 -11 -12 -13 -14
leaf_value=-0.34472270435992292 -0.24644792151049927 0.48438574783051003 0.14651449770703912 0.071260348927298808 0.005678318524208842 0.046424362027317666 0.56106010518884386 -0.080005780260620885 0.43514366646007269 -0.18212709693701107 0.31338952000749992 -0.13743255153476835 0.030253464911057022
leaf_weight=254 2330 726 315 744 22312 9419 168 10292 780 336 479 491 186
leaf_count=254 2330 726 315 744 22312 9419 168 10292 780 336 479 491 186
internal_value=2.79953e-05 0.111491 0.170167 0.277188 -0.00655936 -0.0388543 -0.190119 -0.0195976 0.0234455 0.249332 0.0122801 -0.0260251 -0.18906
internal_weight=48832 2716 2276 1470 46116 22209 2498 19711 23907 1116 22791 806 440
internal_count=48832 2716 2276 1470 46116 22209 2498 19711 23907 1116 22791 806 440
is_linear=0
shrinkage=0.03


Tree=76
num_leaves=12
num_cat=0
split_feature=78 41 34 92 41 87 159 31 73 76 87
split_gain=39560.3 51392.2 180278 154193 97117.9 120692 82160.5 69476.3 31093.1 47379.7 35267.5
threshold=3.5874999761581425 -2.1019999980926509 0.24499999731779101 1.0000000180025095e-35 -2.2994999885559078 -1.4207809567451475 1.807638466358185 -0.18989999592304227 29.015483856201175 -1.349091053009033 -1.7592830657958982
decision_type=2 2 2 2 2 2 2 2 2 2 2
left_child=1 4 3 -3 6 -6 -1 -4 -2 -10 -11
right_child=8 2 7 -5 5 -7 -8 -9 9 10 -12
leaf_value=-0.0020260638384132596 -0.21625301495708266 0.82105276188716803 -0.05257401448210279 0.034042085356801081 0.25183239420864822 -0.24885389688881573 -0.55537539886706033 0.048050497916264978 0.68777227341722091 0.33931064890765328 -0.016728313723879475
leaf_weight=16882 164 454 10171 435 494 3146 235 15687 155 430 579
leaf_count=16882 164 454 10171 435 494 3146 235 15687 155 430 579
internal_value=3.39324e-05 -0.00449638 0.0229887 0.44062 -0.0399071 -0.1804 -0.00994285 0.00846577 0.16091 0.21544 0.136844
internal_weight=48832 47504 26747 889 20757 3640 17117 25858 1328 1164 1009
internal_count=48832 47504 26747 889 20757 3640 17117 25858 1328 1164 1009
is_linear=0
shrinkage=0.03


Tree=77
num_leaves=10
num_cat=0
split_feature=151 50 45 55 20 26 110 9 94
split_gain=38719.5 59274.3 113687 46105 58532.3 41464.2 32818.3 31569.3 26085.2
threshold=-46.330858230590813 0.18992538750171664 -0.68355163931846608 -26.018619537353512 61.680356979370124 0.005178136285394431 0.85838651657104503 0.0016336412518285217 -1.0000000180025095e-35
decision_type=2 2 2 2 2 2 2 2 2
left_child=6 3 -3 4 -2 -5 -1 -8 -9
right_child=1 2 -4 5 -6 -7 7 8 -10
leaf_value=0.19280119415200342 0.20574474466441148 0.9203079422818643 -0.18475016814068052 -0.0032755337407550851 -0.045910279283773461 -0.22204968523372537 -0.62892492056677207 -0.33211536496052063 0.047895851430256625
leaf_weight=163 2093 168 153 43293 1371 784 161 360 286
leaf_count=163 2093 168 153 43293 1371 784 161 360 286
internal_value=3.96111e-05 0.00386096 0.403929 0.00107529 0.106298 -0.00721637 -0.18663 -0.26469 -0.16571
internal_weight=48832 47862 321 47541 3464 44077 970 807 646
internal_count=48832 47862 321 47541 3464 44077 970 807 646
is_linear=0
shrinkage=0.03


Tree=78
num_leaves=7
num_cat=0
split_feature=26 26 56 44 165 147
split_gain=38986.1 66306.8 84271.4 60965 54954.2 50126.4
threshold=0.0066485491115599879 0.0055435982067137965 -50.008296966552727 -0.50938662886619557 0.0031449368689209227 0.0012021939037367704
decision_type=2 2 2 2 2 2
left_child=1 4 -3 -4 5 -1
right_child=-2 2 3 -5 -6 -7
leaf_value=-0.0015974811668180357 0.42447312512425417 0.25383768531912099 -1.0110398429408669 -0.24749111836326534 -0.52698794360113832 0.16945201466314283
leaf_weight=46339 184 157 150 251 166 1585
leaf_count=46339 184 157 150 251 166 1585
internal_value=3.81138e-05 -0.00165412 -0.323892 -0.550758 0.00215144 0.00409384
internal_weight=48832 48648 558 401 48090 47924
internal_count=48832 48648 558 401 48090 47924
is_linear=0
shrinkage=0.03


Tree=79
num_leaves=11
num_cat=0
split_feature=122 76 8 170 32 35 122 74 73 154
split_gain=38877 128650 127844 64702.4 109803 130334 91032.3 87296.8 58386.4 56368.6
threshold=0.0070748373400419959 -2.0518188476562496 -17.31656455993652 0.0034616206539794807 0.58294048905372631 -1.6129545569419859 0.0056475019082427034 0.42466953396797186 12.380611419677736 6.0831549167633066
decision_type=2 2 2 2 2 2 2 2 2 2
left_child=3 -2 -3 6 7 -6 8 -5 -1 -4
right_child=1 2 9 4 5 -7 -8 -9 -10 -11
leaf_value=0.34083775584427811 -0.5220450638234615 0.95413993176072831 0.43056092848599942 -0.09130902233912605 -0.81387757559265217 -0.058858453958198942 -0.518922522845773 0.42377250862663446 0.0071042222908380987 -0.31039054940617272
leaf_weight=467 158 230 171 2881 392 425 284 320 43325 179
leaf_count=467 158 230 171 2881 392 425 284 320 43325 179
internal_value=3.1201e-05 0.214649 0.420782 -0.00330604 -0.118399 -0.426581 0.0072104 -0.0386576 0.0107402 0.0535214
internal_weight=48832 738 580 48094 4018 817 44076 3201 43792 350
internal_count=48832 738 580 48094 4018 817 44076 3201 43792 350
is_linear=0
shrinkage=0.03


Tree=80
num_leaves=10
num_cat=0
split_feature=153 9 27 76 32 15 40 104 93
split_gain=38567.9 79509.4 65107.2 55644.4 53478.9 47619.6 112048 44545 39781.2
threshold=0.00097423151601105939 0.00052841121214441966 0.74883252382278453 0.89233589172363292 0.074404764920473113 0.17297325283288958 0.20252941548824313 135.18511962890628 -0.8253108263015746
decision_type=2 2 2 2 2 2 2 2 2
left_child=3 2 4 8 -2 6 -3 -7 -1
right_child=1 5 -4 -5 -6 7 -8 -9 -10
leaf_value=0.32542827289377418 -0.79100723573991227 0.78356866327042762 0.14816659806912871 0.66559278907283903 -0.2384873852138473 0.00084692318761831137 0.025424348548359916 -0.45009582956293309 -0.25874024027470244
leaf_weight=204 200 224 283 179 700 45954 704 188 196
leaf_count=204 200 224 283 179 700 45954 704 188 196
internal_value=2.92884e-05 -0.00291544 -0.244782 0.241321 -0.368613 0.00321404 0.214827 -0.00108752 0.0398565
internal_weight=48832 48253 1183 579 900 47070 928 46142 400
internal_count=48832 48253 1183 579 900 47070 928 46142 400
is_linear=0
shrinkage=0.03


Tree=81
num_leaves=13
num_cat=0
split_feature=11 74 73 122 74 28 81 39 41 40 86 57
split_gain=38423.2 132297 102471 66405.7 106235 57358.9 141391 97750.5 73726.6 74020.6 56301.4 37623.5
threshold=0.081221431493759169 0.44033758342266088 23.122669219970707 0.0037442998727783565 0.37145479023456579 -0.029406567104160782 0.49099999666213995 -2.0005352497100826 -0.5649999976158141 2.0870573520660405 0.21651515364646914 0.0035648709163069729
decision_type=2 2 2 2 2 2 2 2 2 2 2 2
left_child=1 3 -3 10 -5 8 -7 -8 9 -2 -1 -4
right_child=5 2 11 4 -6 6 7 -9 -10 -11 -12 -13
leaf_value=0.063745768452488638 0.023370419568424405 1.108530955053866 0.43923360654757221 -0.040341204659570369 -0.59329886080228822 -0.84233997403548622 -0.41917871167792858 -0.034254348232257203 0.59379402616918087 -0.45179065426322707 -0.26799174063648074 -0.1441941999389631
leaf_weight=12706 14969 158 252 3270 336 195 608 15235 190 291 468 154
leaf_count=12706 14969 158 252 3270 336 195 608 15235 190 291 468 154
internal_value=2.97038e-05 0.0358739 0.483736 0.0205414 -0.093363 -0.0197189 -0.0594429 -0.0492815 0.0215288 0.0140194 0.0517666 0.219787
internal_weight=48832 17344 564 16780 3606 31488 16038 15843 15450 15260 13174 406
internal_count=48832 17344 564 16780 3606 31488 16038 15843 15450 15260 13174 406
is_linear=0
shrinkage=0.03


Tree=82
num_leaves=8
num_cat=0
split_feature=122 76 8 165 26 154 50
split_gain=38229.7 120964 119430 91287.9 70830 52845.1 46272.7
threshold=0.0070748373400419959 -2.0518188476562496 -17.31656455993652 0.0031449368689209227 0.0055435982067137965 6.0831549167633066 0.15503998100757602
decision_type=2 2 2 2 2 2 2
left_child=3 -2 -3 4 6 -4 -1
right_child=1 2 5 -5 -6 -7 -8
leaf_value=-0.0017175586508002133 -0.50162505487179654 0.92821040506847197 0.42247254668534295 -0.67022409002195393 -0.45794958696576143 -0.29499348592190516 0.22615385888431988
leaf_weight=46821 158 230 171 174 293 179 806
leaf_count=46821 158 230 171 174 293 179 806
internal_value=2.5344e-05 0.212849 0.412685 -0.003284 -0.000722974 0.0575382 0.00218541
internal_weight=48832 738 580 48094 47920 350 47627
internal_count=48832 738 580 48094 47920 350 47627
is_linear=0
shrinkage=0.03


Tree=83
num_leaves=9
num_cat=0
split_feature=159 8 74 39 74 170 41 29
split_gain=39337.3 149365 83921.6 67023 64948.3 47169.5 104098 62958
threshold=2.8736276626586919 54.697690963745124 0.42466953396797186 -0.24903181195259091 0.37628664076328283 0.0034616206539794807 -0.96799999475479115 0.072640694677829756
decision_type=2 2 2 2 2 2 2 2
left_child=3 2 4 5 -2 7 -7 -1
right_child=1 -3 -4 -5 -6 6 -8 -9
leaf_value=-0.16139700898109799 0.30967010934660966 -0.47253097961639567 0.92075175840792989 -0.60446265642514485 -0.35627973403944635 -0.16835113516595096 0.31561788358914306 0.013897676651007761
leaf_weight=1919 767 261 164 157 150 3131 449 41834
leaf_count=1919 767 261 164 157 150 3131 449 41834
internal_value=2.24358e-05 0.159589 0.315142 -0.00451933 0.198068 -0.0024021 -0.106942 0.00617416
internal_weight=48832 1342 1081 47490 917 47333 3580 43753
internal_count=48832 1342 1081 47490 917 47333 3580 43753
is_linear=0
shrinkage=0.03


Tree=84
num_leaves=7
num_cat=0
split_feature=26 26 56 76 165 147
split_gain=39221.4 60374.6 80001.5 57974.8 47536.7 48123.5
threshold=0.0066485491115599879 0.0055435982067137965 -50.008296966552727 -0.14407157152891156 0.0031449368689209227 0.0012021939037367704
decision_type=2 2 2 2 2 2
left_child=1 4 -3 -4 5 -1
right_child=-2 2 3 -5 -6 -7
leaf_value=-0.0018152909594334526 0.42573472178320293 0.25347953174285548 -0.91783247525256773 -0.19165926085271198 -0.49018015224952249 0.16578200846954852
leaf_weight=46339 184 157 179 222 166 1585
leaf_count=46339 184 157 179 222 166 1585
internal_value=2.05153e-05 -0.00167682 -0.309162 -0.530256 0.00195455 0.00376112
internal_weight=48832 48648 558 401 48090 47924
internal_count=48832 48648 558 401 48090 47924
is_linear=0
shrinkage=0.03


Tree=85
num_leaves=12
num_cat=0
split_feature=138 52 183 151 159 40 148 58 30 155 74
split_gain=38042.1 55662.1 96011.4 66563.1 74089.5 48078.2 35996.8 25424.5 15575.5 22135.5 17158
threshold=-0.0021536797285079952 0.0040981816127896318 -0.24903181195259091 -40.682033538818352 2.5260838270187382 2.5766004323959355 0.0088183647021651285 7.1513075828552255 3.0049999952316289 0.11184572800993921 0.15302549302577975
decision_type=2 2 2 2 2 2 2 2 2 2 2
left_child=7 2 5 6 -5 -2 -3 8 10 -10 -1
right_child=1 3 -4 4 -6 -7 -8 -9 9 -11 -12
leaf_value=-0.012488749071218577 -0.00044114991983995057 0.011592351863541269 -0.64781943081953874 0.079387925547050001 0.42299968937254956 -0.43177714298837461 -0.47831875599424045 -0.40781409133835272 0.30815996819286856 -0.11286128417421609 -0.16158538827215588
leaf_weight=1193 38140 269 199 5627 619 224 260 210 208 224 1659
leaf_count=1193 38140 269 199 5627 619 224 260 210 208 224 1659
internal_value=1.52536e-05 0.00737419 -0.00656573 0.0866123 0.114063 -0.0030715 -0.233603 -0.0952225 -0.0740561 0.0922383 -0.0994794
internal_weight=48832 45338 38563 6775 6246 38364 529 3494 3284 432 2852
internal_count=48832 45338 38563 6775 6246 38364 529 3494 3284 432 2852
is_linear=0
shrinkage=0.03


Tree=86
num_leaves=12
num_cat=0
split_feature=99 147 88 32 32 37 39 29 74 170 159
split_gain=37769.3 88171.2 85933.5 73580.8 94457.5 67560.8 59160.2 167018 108828 56700.3 50615.6
threshold=0.00052791635971516382 0.00039277970790863043 0.86947727203369152 1.09481817483902 1.0039502382278445 0.1357499957084656 -1.071850001811981 1.0463635921478274 0.42466953396797186 0.001359935326036066 1.3659234642982485
decision_type=2 2 2 2 2 2 2 2 2 2 2
left_child=3 2 5 4 10 -2 7 -3 -8 -4 -1
right_child=1 6 9 -5 -6 -7 8 -9 -10 -11 -12
leaf_value=-0.090531787930705154 -0.031704072750311479 -0.66763240680578018 0.11289804678491436 -0.6176822939641633 0.54630325236635935 0.35764032207634616 -0.058736366235094824 0.042400775917316343 0.33029521757034153 0.42912390716697646 0.33929699044241463
leaf_weight=5701 2663 293 1000 202 221 462 17595 18732 662 1053 248
leaf_count=5701 2663 293 1000 202 221 462 17595 18732 662 1053 248
internal_value=6.00621e-06 0.0102316 0.126108 -0.0680415 -0.0490764 0.0268138 -0.00589168 0.0311207 -0.044457 0.276387 -0.0720739
internal_weight=48832 42460 5178 6372 6170 3125 37282 19025 18257 2053 5949
internal_count=48832 42460 5178 6372 6170 3125 37282 19025 18257 2053 5949
is_linear=0
shrinkage=0.03


Tree=87
num_leaves=11
num_cat=0
split_feature=169 87 147 30 57 32 74 3 15 88
split_gain=37723.2 50534 47053.4 48737.6 46567.3 71208 168975 69063.4 50792.4 41656
threshold=21.334903717041019 -0.40119004249572748 0.00096948741702362906 3.1575000286102299 0.0029618917033076291 -0.05881818197667598 0.42466953396797186 0.0014642209280282261 0.1618611887097359 2.4319523572921757
decision_type=2 2 2 2 2 2 2 2 2 2
left_child=1 2 3 -1 5 6 -2 -7 -6 -10
right_child=4 -3 -4 -5 8 7 -8 -9 9 -11
leaf_value=0.069058420348528826 -0.24277023739831458 0.62571037996422352 -0.35214779116293149 0.52963586552261277 0.53073818476523382 -0.010173597405404649 0.73284965453963524 -0.45094088581708758 0.015428249752991348 0.34764388621630876
leaf_weight=1949 2506 152 200 222 167 20611 161 315 22214 335
leaf_count=1949 2506 152 200 222 167 20611 161 315 22214 335
internal_value=1.00747e-05 0.112742 0.0773666 0.118368 -0.00615477 -0.0356666 -0.181357 -0.0170207 0.0244986 0.0205157
internal_weight=48832 2523 2371 2171 46309 23593 2667 20926 22716 22549
internal_count=48832 2523 2371 2171 46309 23593 2667 20926 22716 22549
is_linear=0
shrinkage=0.03


Tree=88
num_leaves=7
num_cat=0
split_feature=56 122 59 135 135 35
split_gain=37644.5 42337.6 98760.5 96044 60143.9 66243.5
threshold=-168.22814941406247 0.0070748373400419959 0.076399028301239028 -0.56481361389160145 -0.24903181195259091 0.42738094925880438
decision_type=2 2 2 2 2 2
left_child=-1 4 -3 -4 5 -2
right_child=1 2 3 -5 -6 -7
leaf_value=-0.40765945822073907 -0.0019781057085581904 -0.331764256902363 0.11289252391574606 0.94220271885182172 -0.42516842580288644 0.42977701232207488
leaf_weight=193 47319 197 321 200 290 312
leaf_count=193 47319 197 321 200 290 312
internal_value=2.07983e-05 0.00172194 0.228784 0.442994 -0.00172715 0.000939662
internal_weight=48832 48639 718 521 47921 47631
internal_count=48832 48639 718 521 47921 47631
is_linear=0
shrinkage=0.03


Tree=89
num_leaves=12
num_cat=0
split_feature=116 11 105 41 35 41 73 26 25 35 38
split_gain=37489.5 49499.9 75763.2 71386.4 68920.2 98539.5 66165.8 32155.7 57545.7 41204.9 43234.3
threshold=21.359294891357425 0.10755070298910142 0.0024558213772252206 -4.2139999866485587 0.35568921267986303 -0.94850000739097584 72.111522674560561 0.0037283897399902348 47.723474502563484 -0.36750000715255732 -0.072368424385786043
decision_type=2 2 2 2 2 2 2 2 2 2 2
left_child=7 2 6 -4 5 -3 -2 9 -9 10 -1
right_child=1 4 3 -5 -6 -7 -8 8 -10 -11 -12
leaf_value=0.040330532514845654 -0.11852873507197366 -0.048545472156421028 -0.54279696461851479 0.052456185181544122 -0.53850094106709279 0.29803472601989595 0.19464399028553425 0.67961470603673169 -0.071553350503033977 -0.32612591321269674 0.39522837179775683
leaf_weight=1562 4739 19165 173 20563 238 758 687 211 154 206 376
leaf_count=1562 4739 19165 173 20563 238 758 687 211 154 206 376
internal_value=2.21287e-05 -0.00610567 0.0211151 0.0472308 -0.0414217 -0.0352164 -0.078592 0.112733 0.369227 0.0675555 0.110861
internal_weight=48832 46323 26162 20736 20161 19923 5426 2509 365 2144 1938
internal_count=48832 46323 26162 20736 20161 19923 5426 2509 365 2144 1938
is_linear=0
shrinkage=0.03


Tree=90
num_leaves=14
num_cat=0
split_feature=30 33 30 44 33 44 31 83 123 32 33 69 94
split_gain=37079.6 51901.7 168522 106162 104648 112503 73584 59856.8 29848.6 35169.2 29897.6 22640.2 17866.2
threshold=3.5874999761581425 2.1035000085830693 2.6045000553131108 1.0000000180025095e-35 2.3020000457763676 1.0000000180025095e-35 0.87720000743865978 -1.5897499918937681 0.085168182849884047 0.7425062656402589 3.1640000343322758 0.10607583075761796 -1.0000000180025095e-35
decision_type=2 2 2 2 2 2 2 2 2 2 2 2 2
left_child=1 2 6 -4 5 -3 -1 -6 9 -2 -10 -12 -11
right_child=8 4 3 -5 7 -7 -8 -9 10 12 11 -13 -14
leaf_value=0.0063495676457007858 -0.25060469982961375 -0.34372987829823759 0.90581405546203742 0.10933063808575416 -0.036938626477233338 -0.011730063528849 0.48126323222888234 0.10295454232397125 0.63291804735077895 -0.035118138486286629 -0.015628309521176244 0.38977862463368995 0.35796770981906234
leaf_weight=25894 263 1912 300 299 13611 1761 287 3440 168 182 266 221 228
leaf_count=25894 263 1912 300 299 13611 1761 287 3440 168 182 266 221 228
internal_value=2.15529e-05 -0.00436441 0.0232176 0.516561 -0.0400005 -0.185018 0.0117374 -0.0086717 0.155772 0.0146977 0.298323 0.172486 0.186794
internal_weight=48832 47504 26780 599 20724 3673 26181 17051 1328 673 655 487 410
internal_count=48832 47504 26780 599 20724 3673 26181 17051 1328 673 655 487 410
is_linear=0
shrinkage=0.03


Tree=91
num_leaves=10
num_cat=0
split_feature=153 9 76 170 76 15 40 124 45
split_gain=36842.1 71718.7 55539.6 51435.1 51095 43849.1 104756 41118.2 37373.3
threshold=0.00097423151601105939 0.00052841121214441966 -2.5442628860473628 0.0025957055622711782 0.89233589172363292 0.17297325283288958 0.20252941548824313 3.7550886869430546 -0.8253108263015746
decision_type=2 2 2 2 2 2 2 2 2
left_child=4 2 -2 -4 8 6 -3 -7 -1
right_child=1 5 3 -5 -6 7 -8 -9 -10
leaf_value=0.31940359426296761 0.29260486476682129 0.75596073755469073 -0.16292577148746371 -0.61737051704898471 0.64244080320237174 0.0024672871003537798 0.022929650293350094 -0.22282336659065866 -0.24683699515476387
leaf_weight=204 150 224 707 326 179 45411 704 731 196
leaf_count=204 150 224 707 326 179 45411 704 731 196
internal_value=3.4988e-05 -0.0028431 -0.232554 -0.310886 0.235866 0.00297836 0.206041 -0.00114936 0.0426926
internal_weight=48832 48253 1183 1033 579 47070 928 46142 400
internal_count=48832 48253 1183 1033 579 47070 928 46142 400
is_linear=0
shrinkage=0.03


Tree=92
num_leaves=13
num_cat=0
split_feature=42 107 30 57 32 121 123 32 63 51 25 59
split_gain=36665.9 43240.4 42944.5 52851.9 62019.9 52130.9 37406.2 37916.6 31893.8 21195.6 25885.2 8376.95
threshold=0.039761904627084739 0.19099847972393039 3.5874999761581425 0.0029618917033076291 -0.05881818197667598 71.364650726318374 0.085168182849884047 0.7425062656402589 0.57215523719787609 0.05920855142176152 41.855754852294929 0.098879110068082823
decision_type=2 2 2 2 2 2 2 2 2 2 2 2
left_child=2 9 3 4 -1 -5 7 -4 -8 11 -11 -2
right_child=1 -3 6 5 -6 -7 8 -9 -10 10 -12 -13
leaf_value=-0.17633055149782659 -0.028205846323770413 -0.23094861390892987 -0.27693859126375514 0.0054571960632171087 -0.023937282053367998 0.14375280274357546 0.1426162317000427 0.18883778217622996 0.5839881575130067 0.51766227026107992 0.16088581790488055 0.16236538292035083
leaf_weight=2719 366 250 248 20012 20194 2786 352 393 255 291 504 462
leaf_count=2719 366 250 248 20012 20194 2786 352 393 255 291 504 462
internal_value=3.87654e-05 0.129844 -0.00516517 -0.00992188 -0.0420903 0.022413 0.167755 0.00714511 0.334496 0.186493 0.296288 0.078796
internal_weight=48832 1873 46959 45711 22913 22798 1248 641 607 1623 795 828
internal_count=48832 1873 46959 45711 22913 22798 1248 641 607 1623 795 828
is_linear=0
shrinkage=0.03


Tree=93
num_leaves=12
num_cat=0
split_feature=99 147 88 25 29 169 32 32 57 49 63
split_gain=36334.5 82124.4 80363.8 74550.5 144430 75010.9 68575.8 89208.1 64542.5 60901 58318.9
threshold=0.00052791635971516382 0.00039042234129738068 0.86947727203369152 35.922214508056648 -0.35568921267986292 26.999069213867191 1.09481817483902 1.0039502382278445 0.0011740986374206843 0.082082748413085951 0.79199299216270458
decision_type=2 2 2 2 2 2 2 2 2 2 2
left_child=6 2 9 4 -3 -5 7 10 -4 -2 -1
right_child=1 3 8 5 -6 -7 -8 -9 -10 -11 -12
leaf_value=-0.08653358685450567 -0.0077945411016125937 0.90414238330770702 0.74293557029169521 0.099995303659545426 0.052523943014657619 -0.04750008595768563 -0.59731974518945752 0.53021577676879117 0.20839192708175655 0.54138233931178281 0.48236677646458509
leaf_weight=5792 2871 173 223 3536 8849 24866 202 221 1758 184 157
leaf_count=5792 2871 173 223 3536 8849 24866 202 221 1758 184 157
internal_value=4.47838e-05 0.0100742 0.123685 -0.00524286 0.069837 -0.0291084 -0.0666977 -0.0483872 0.271994 0.0269403 -0.0707355
internal_weight=48832 42460 5036 37424 9022 28402 6372 6170 1981 3055 5949
internal_count=48832 42460 5036 37424 9022 28402 6372 6170 1981 3055 5949
is_linear=0
shrinkage=0.03


Tree=94
num_leaves=12
num_cat=0
split_feature=138 81 34 27 81 38 81 40 58 39 107
split_gain=35840.4 48331.2 191587 168132 117495 106123 79924.8 58332.1 24050.5 14411.2 12435.7
threshold=-0.0021536797285079952 2.1035000085830693 0.39499999582767492 0.15454016625881198 2.3020000457763676 -0.037613637745380395 2.02649998664856 1.4238803982734682 7.1513075828552255 -1.8721857070922849 0.062476821243762977
decision_type=2 2 2 2 2 2 2 2 2 2 2
left_child=8 2 3 -2 5 -3 -4 -6 9 -1 -11
right_child=1 4 6 -5 7 -7 -8 -9 -10 10 -12
leaf_value=0.14233692117063826 0.67648504065867543 -0.14661480472894953 0.0065697433211620773 0.00014881960398545769 -0.027691028849916356 -0.86723591272320066 0.36256058669120994 0.098920420730282552 -0.39640517102926964 -0.22587089870742263 -0.062580077028275269
leaf_weight=252 753 3167 22969 584 12706 186 572 4401 210 497 2535
leaf_count=252 753 3167 22969 584 12706 186 572 4401 210 497 2535
internal_value=6.07787e-05 0.00720359 0.035287 0.383256 -0.0269445 -0.18905 0.0153699 0.00492019 -0.0923801 -0.0717943 -0.0900009
internal_weight=48832 45338 24878 1337 20460 3353 23541 17107 3494 3284 3032
internal_count=48832 45338 24878 1337 20460 3353 23541 17107 3494 3284 3032
is_linear=0
shrinkage=0.03


Tree=95
num_leaves=11
num_cat=0
split_feature=103 56 171 99 32 10 111 75 74 124
split_gain=35695.1 53190.2 48552.7 94739.6 70407.7 42004.7 77409.8 35423.6 56701.1 28353.5
threshold=-28.169080734252926 -168.22814941406247 0.30740629136562353 0.00082226493395864974 0.40281385183334356 6.2999370098114023 1.6136403083801272 -0.82743644714355458 0.23303658515214923 2.1861598491668706
decision_type=2 2 2 2 2 2 2 2 2 2
left_child=5 -2 4 -4 -3 7 -7 8 -1 -9
right_child=1 2 3 -5 -6 6 -8 9 -10 -11
leaf_value=0.010575277135287596 -0.52926793137277883 0.061771010460830209 0.013395337272185226 -0.12817603274591249 -0.035320488386171939 0.7929476478381372 -0.092711350080852725 -0.025057700917523219 0.53714982346321138 0.34419478051419478
leaf_weight=427 165 15531 10483 7148 11837 189 157 2388 314 193
leaf_count=427 165 15531 10483 7148 11837 189 157 2388 314 193
internal_value=5.62567e-05 -0.00726097 -0.00522974 -0.044041 0.0197802 0.0899279 0.399758 0.056555 0.237893 0.00377583
internal_weight=48832 45164 44999 17631 27368 3668 346 3322 741 2581
internal_count=48832 45164 44999 17631 27368 3668 346 3322 741 2581
is_linear=0
shrinkage=0.03


Tree=96
num_leaves=11
num_cat=0
split_feature=159 25 38 34 33 39 170 32 29 37
split_gain=35489.6 109956 120849 164193 87400.9 58935.1 44902.9 102526 58663.9 34028.4
threshold=2.8736276626586919 46.250919342041023 0.18534632027149203 1.8750000000000002 0.57749998569488536 -0.24903181195259091 0.0034616206539794807 0.58294048905372631 0.072640694677829756 0.44125001132488256
decision_type=2 2 2 2 2 2 2 2 2 2
left_child=5 4 3 -3 -2 6 8 -8 -1 -6
right_child=1 2 -4 -5 9 -7 7 -9 -10 -11
leaf_value=-0.15565603634189021 1.0531049549161342 0.80560787336770689 -0.61091684814010339 -0.20836992951580466 0.49595543526598934 -0.56683492442938743 -0.014435384967447555 -0.39056871522500536 0.013554935924157347 -0.090052914153732178
leaf_weight=1919 161 219 242 378 174 157 2733 847 41834 168
leaf_count=1919 161 219 242 378 174 157 2733 847 41834 168
internal_value=6.04012e-05 0.151622 -0.0592631 0.170736 0.497675 -0.00425353 -0.00226816 -0.104266 0.0060995 0.213711
internal_weight=48832 1342 839 597 503 47490 47333 3580 43753 342
internal_count=48832 1342 839 597 503 47490 47333 3580 43753 342
is_linear=0
shrinkage=0.03


Tree=97
num_leaves=7
num_cat=0
split_feature=26 26 56 44 165 147
split_gain=36603.6 57091.1 74479.7 57193.3 43488.6 45205.1
threshold=0.0066485491115599879 0.0055435982067137965 -50.008296966552727 -0.50938662886619557 0.0031449368689209227 0.0012021939037367704
decision_type=2 2 2 2 2 2
left_child=1 4 -3 -4 5 -1
right_child=-2 2 3 -5 -6 -7
leaf_value=-0.0017246319774905782 0.41132220933271435 0.24238388827282512 -0.95933070670987941 -0.22114253549055121 -0.46876228664832359 0.16071137746380273
leaf_weight=46339 184 157 150 251 166 1585
leaf_count=46339 184 157 150 251 166 1585
internal_value=6.06245e-05 -0.00157909 -0.300586 -0.513896 0.00195213 0.00368005
internal_weight=48832 48648 558 401 48090 47924
internal_count=48832 48648 558 401 48090 47924
is_linear=0
shrinkage=0.03


Tree=98
num_leaves=8
num_cat=0
split_feature=39 39 39 122 23 75 116
split_gain=35240.9 63548.9 75784 77907.9 67691.8 62150.5 53174.4
threshold=-2.2173373699188228 -1.9924272894859312 -1.9131523966789243 0.0019164127879776063 1.9552690982818606 -1.5202830433845518 18.864021301269535
decision_type=2 2 2 2 2 2 2
left_child=-1 4 3 -3 5 -2 -4
right_child=1 2 6 -5 -6 -7 -8
leaf_value=0.34441805714279189 0.4070769337536817 -0.12871722989939968 0.16587399071679254 0.28788184234849845 -0.65417349730507801 -0.17871695067057775 -0.009875386813921307
leaf_weight=256 177 538 1597 1555 226 1280 43203
leaf_count=256 177 538 1597 1555 226 1280 43203
internal_value=5.36676e-05 -0.00183168 0.00468653 0.180693 -0.182402 -0.105263 -0.00357477
internal_weight=48832 48576 46893 2093 1683 1457 44800
internal_count=48832 48576 46893 2093 1683 1457 44800
is_linear=0
shrinkage=0.03


Tree=99
num_leaves=15
num_cat=0
split_feature=11 74 31 35 170 26 3 31 38 9 46 25 33 76
split_gain=35226 119025 61044.3 88568.4 52183.5 88777.8 71504.8 224114 51944.6 72536.9 47225.2 47147 42788.5 30867.8
threshold=0.081221431493759169 0.44033758342266088 -0.34969998896121973 0.42738094925880438 0.0012002714793197813 0.0020218831486999993 0.00030252337455749517 0.058199999853968627 -0.60372295975685109 0.0018050279468297961 0.76942089200019848 53.137830734252937 0.49099999666213995 0.45513078570365911
decision_type=2 2 2 2 2 2 2 2 2 2 2 2 2 2
left_child=1 2 3 -1 5 13 7 -6 -3 -10 -4 -7 -8 -2
right_child=4 8 10 -5 6 11 12 -9 9 -11 -12 -13 -14 -15
leaf_value=-0.14541043582012358 -0.076524565118657295 0.059649633639356464 0.018477926822023951 0.4032873910066393 -1.302685768264203 0.93022639850713307 -0.39215501496868749 -0.056846113674890633 1.1399675967910072 0.283344088038889 0.15473933334802378 0.23185847699305048 -0.018751704067284068 0.14473664397848152
leaf_weight=2965 1086 196 10625 281 153 150 269 646 155 213 2909 211 27805 1168
leaf_count=2965 1086 196 10625 281 153 150 269 646 155 213 2909 211 27805 1168
internal_value=5.34933e-05 0.034374 0.0198307 -0.096818 -0.0188556 0.109221 -0.0304892 -0.308565 0.459178 0.664763 0.0478586 0.539291 -0.0224679 0.0382636
internal_weight=48832 17344 16780 3246 31488 2615 28873 799 564 368 13534 361 28074 2254
internal_count=48832 17344 16780 3246 31488 2615 28873 799 564 368 13534 361 28074 2254
is_linear=0
shrinkage=0.03


Tree=100
num_leaves=6
num_cat=0
split_feature=32 38 32 69 162
split_gain=34296.3 69203.6 72660.1 42360.1 27687.8
threshold=1.3599675297737124 -1.3004761934280393 1.2604437470436098 0.18221528083086017 0.2613756805658341
decision_type=2 2 2 2 2
left_child=1 -1 3 -3 -2
right_child=4 2 -4 -5 -6
leaf_value=0.51700290525570891 -0.52506827794793831 -0.0066461531063657141 -0.5766061127687595 0.091980309087116241 -0.022741081169218691
leaf_weight=224 191 43740 186 4295 196
leaf_count=224 191 43740 186 4295 196
internal_value=6.03277e-05 0.00233557 -0.000161903 0.00218974 -0.277641
internal_weight=48832 48445 48221 48035 387
internal_count=48832 48445 48221 48035 387
is_linear=0
shrinkage=0.03


Tree=101
num_leaves=11
num_cat=0
split_feature=153 121 57 36 42 122 95 32 77 75
split_gain=34131.6 58629.6 39455.8 61922.4 75054.7 63677.6 43817.6 81525.2 55448.1 30802.2
threshold=0.00097423151601105939 48.569543838500984 0.0028343715239316229 3.1750000715255742 0.010144927538931372 0.0024352116743102674 0.65450850129127514 0.14853571355342868 -0.41072510182857508 0.26620946824550634
decision_type=2 2 2 2 2 2 2 2 2 2
left_child=1 9 3 4 -2 -5 8 -8 -4 -1
right_child=2 -3 6 5 -6 -7 7 -9 -10 -11
leaf_value=0.17996022063307462 -0.069259998615648369 -0.091876743250253343 0.50185486845048188 0.15128556837345183 0.26419968148959533 -0.063564202937429898 0.31381585501174086 0.0014094369788566477 0.0037622186687764881 0.78877996468938971
leaf_weight=150 17222 273 193 2946 620 2133 1257 1849 22033 156
leaf_count=150 17222 273 193 2946 620 2133 1257 1849 22033 156
internal_value=5.53111e-05 0.227046 -0.00271488 -0.0312267 -0.0575309 0.0611087 0.0230855 0.128442 0.00831117 0.505478
internal_weight=48832 579 48253 22921 17842 5079 25332 3106 22226 306
internal_count=48832 579 48253 22921 17842 5079 25332 3106 22226 306
is_linear=0
shrinkage=0.03


Tree=102
num_leaves=12
num_cat=0
split_feature=99 147 40 25 35 105 32 32 37 169 51
split_gain=35480.8 74686.7 73495 69639.5 129543 76957.1 63255.7 83621.3 60681.3 58095.4 47596.6
threshold=0.00052791635971516382 0.00039277970790863043 0.86947727203369152 35.922214508056648 0.35568921267986303 0.0022580503718927507 1.09481817483902 1.0039502382278445 0.1357499957084656 65.764801025390639 0.087447546422481551
decision_type=2 2 2 2 2 2 2 2 2 2 2
left_child=6 2 8 4 -3 -5 7 10 -2 -4 -1
right_child=1 3 9 5 -6 -7 -8 -9 -10 -11 -12
leaf_value=-0.049147654162445605 -0.030658946797446518 0.051370661329532677 0.1789059375560455 -0.1356086924363975 0.85794461473089756 -0.0052372126811178251 -0.57551960955347581 0.51190081854338765 0.33832967119204604 0.59275762403295151 -0.41742619671177728
leaf_weight=5624 2663 8817 1685 4926 173 23366 202 221 462 368 325
leaf_count=5624 2663 8817 1685 4926 173 23366 202 221 462 368 325
internal_value=6.58155e-05 0.00997672 0.116625 -0.00486262 0.0678281 -0.0279765 -0.0658879 -0.0482988 0.0247975 0.255602 -0.0699338
internal_weight=48832 42460 5178 37282 8990 28292 6372 6170 3125 2053 5949
internal_count=48832 42460 5178 37282 8990 28292 6372 6170 3125 2053 5949
is_linear=0
shrinkage=0.03


Tree=103
num_leaves=9
num_cat=0
split_feature=42 103 10 56 170 41 84 80
split_gain=34368.6 42784.3 66520.2 47921.3 50077.1 41469.1 34322.5 13236.9
threshold=-0.081363637000322328 -35.375879287719719 6.2999370098114023 -168.22814941406247 0.0059966146945953378 -0.92749997973442067 1.6309999823570254 0.21978260576725009
decision_type=2 2 2 2 2 2 2 2
left_child=6 2 5 -3 -5 -2 -1 -8
right_child=1 3 -4 4 -6 -7 7 -9
leaf_value=-0.60848234624136233 0.027607412312446563 -0.50185546416983084 0.58459426141062454 -0.0040873876015994296 0.39481695419079377 0.50805238024211286 0.11849035005822692 -0.23793359815359005
leaf_weight=150 1781 163 248 45687 275 168 163 197
leaf_count=150 1781 163 248 45687 275 168 163 197
internal_value=7.19341e-05 0.00268195 0.131719 -0.00349148 -0.0016153 0.0714029 -0.24252 -0.077712
internal_weight=48832 48322 2197 46125 45962 1949 510 360
internal_count=48832 48322 2197 46125 45962 1949 510 360
is_linear=0
shrinkage=0.03


Tree=104
num_leaves=14
num_cat=0
split_feature=169 122 44 122 25 170 47 41 28 40 59 74 151
split_gain=34420.2 49425.8 49221.3 63621.8 47044.8 63566.8 76545.6 54203.9 171440 61716.8 50289.7 16463.4 11704.7
threshold=21.916713714599613 0.0019164127879776063 0.33172981441020971 0.0031169609865173702 59.470685958862312 0.0030499994754791264 0.65450850129127514 -0.50199998915195454 -0.45692880451679224 1.9779040217399599 0.11157237365841867 0.15962519496679309 -5.3786487579345694
decision_type=2 2 2 2 2 2 2 2 2 2 2 2 2
left_child=1 12 3 -3 7 10 -7 9 -9 -2 -6 -4 -1
right_child=4 2 11 -5 5 6 -8 8 -10 -11 -12 -13 -14
leaf_value=0.028014201240407096 0.018089232601036394 0.46049524070411596 0.13829721393310107 0.066059511821440334 -0.082158350111955741 -0.26606380616468367 0.32457619632971851 1.0430960454656459 -0.20353571189101785 -0.17895198406569657 0.045582690330501385 -0.13594068513525104 -0.29377330357377607
leaf_weight=152 30941 726 315 744 6209 1881 212 171 214 1490 4998 491 288
leaf_count=152 30941 726 315 744 6209 1881 212 171 214 1490 4998 491 288
internal_value=7.15035e-05 0.103656 0.159918 0.262658 -0.00605028 -0.053624 -0.204979 0.0132413 0.362553 0.00898406 -0.0251997 -0.028382 -0.184458
internal_weight=48832 2716 2276 1470 46116 13300 2093 32816 385 32431 11207 806 440
internal_count=48832 2716 2276 1470 46116 13300 2093 32816 385 32431 11207 806 440
is_linear=0
shrinkage=0.03


Tree=105
num_leaves=12
num_cat=0
split_feature=99 39 30 34 46 33 117 170 32 32 63
split_gain=33342.2 72810.7 95498.2 123673 94469.5 147373 75073.1 63860.1 59752.2 78951.4 54611.6
threshold=0.00052791635971516382 -1.4374071359634397 3.3775000572204594 -0.58499997854232777 -0.76942089200019825 3.5995000600814824 0.0014207490603439512 0.001222865888848901 1.09481817483902 1.0039502382278445 0.79199299216270458
decision_type=2 2 2 2 2 2 2 2 2 2 2
left_child=8 4 7 -4 5 -2 -6 -3 9 10 -1
right_child=1 2 3 -5 6 -7 -8 -9 -10 -11 -12
leaf_value=-0.083076331750918345 0.57284963413247147 0.18373692618732274 -0.041346311915952422 -1.0150467899681064 0.11664238065095674 -0.053426673138211242 -0.11469943495160889 -0.011060316307387505 -0.55917644988112858 0.49756645380096004 0.467439573657013
leaf_weight=5792 820 1577 302 183 3964 568 1841 33205 202 221 157
leaf_count=5792 820 1577 302 183 3964 568 1841 33205 202 221 157
internal_value=7.52782e-05 0.00968285 -0.00806707 -0.421826 0.0966004 0.318015 0.0432035 -0.00217803 -0.0638599 -0.0467651 -0.0677876
internal_weight=48832 42460 35267 485 7193 1388 5805 34782 6372 6170 5949
internal_count=48832 42460 35267 485 7193 1388 5805 34782 6372 6170 5949
is_linear=0
shrinkage=0.03


Tree=106
num_leaves=13
num_cat=0
split_feature=172 165 124 76 34 75 122 167 165 110 116 88
split_gain=34226.9 65532.4 75154.6 72231.5 65957.4 48001.1 46417.9 91536.7 81370 60135 46683.5 27214
threshold=2.8272920846939091 0.0010235990630462768 0.11184361577033998 -0.042940605431795113 0.50499999523162853 0.1831471994519234 0.0070748373400419959 0.76246231794357311 0.0031449368689209227 0.93692630529403698 21.359294891357425 0.86947727203369152
decision_type=2 2 2 2 2 2 2 2 2 2 2 2
left_child=6 4 3 -3 5 -2 8 9 10 -8 -1 -6
right_child=1 2 -4 -5 11 -7 7 -9 -10 -11 -12 -13
leaf_value=0.14399355947046327 -0.41662654285748563 0.059556259751244817 -0.75014995347176283 -0.34587072947958641 0.11850485522785911 0.084499548827933563 0.29676877991494716 0.74279199160978593 -0.66608771480071394 -0.38007395109722336 -0.0013505325529112632 0.50136921148629399
leaf_weight=2076 324 784 200 783 519 349 267 218 153 196 42720 243
leaf_count=2076 324 784 200 783 519 349 267 218 153 196 42720 243
internal_value=7.27764e-05 -0.0945834 -0.216387 -0.143936 0.0558599 -0.159323 0.00673436 0.250747 0.0029825 0.00826579 0.00541584 0.245512
internal_weight=48832 3202 1767 1567 1435 673 45630 681 44949 463 44796 762
internal_count=48832 3202 1767 1567 1435 673 45630 681 44949 463 44796 762
is_linear=0
shrinkage=0.03


Tree=107
num_leaves=11
num_cat=0
split_feature=138 52 39 151 159 136 148 51 159 8
split_gain=33608.2 48099.4 83353.8 59382.4 63620.6 42605.4 32966.6 21138.3 14332.6 14401.7
threshold=-0.0021536797285079952 0.0040981816127896318 -0.24903181195259091 -40.682033538818352 2.5260838270187382 2.5766004323959355 0.0088183647021651285 0.11458587646484376 2.1221634149551396 -64.040233612060533
decision_type=2 2 2 2 2 2 2 2 2 2
left_child=7 2 5 6 -5 -2 -3 8 9 -1
right_child=1 3 -4 4 -6 -7 -8 -9 -10 -11
leaf_value=0.22362417828725892 -0.00024296886091486951 0.012785592274640196 -0.60346563415949417 0.07443741891361022 0.39285387501321933 -0.40628790512107887 -0.45599185572316248 -0.37659870633743875 -0.2770205671746378 -0.066535711372024756
leaf_weight=153 38140 269 199 5627 619 224 260 207 267 2867
leaf_count=153 38140 269 199 5627 619 224 260 207 267 2867
internal_value=6.68304e-05 0.00698362 -0.00597477 0.0806423 0.106571 -0.00271904 -0.221801 -0.0894489 -0.0702782 -0.051146
internal_weight=48832 45338 38563 6775 6246 38364 529 3494 3287 3020
internal_count=48832 45338 38563 6775 6246 38364 529 3494 3287 3020
is_linear=0
shrinkage=0.03


Tree=108
num_leaves=9
num_cat=0
split_feature=39 39 39 122 164 169 116 74
split_gain=33318.2 58637.4 68238.1 75044.4 65055.8 77281.5 46810.9 37153.4
threshold=-2.2173373699188228 -1.9924272894859312 -1.9131523966789243 0.0020887638675048952 53.605400085449226 29.418796539306644 16.773330688476566 0.24342891573905948
decision_type=2 2 2 2 2 2 2 2
left_child=-1 4 3 -3 5 -2 -4 -6
right_child=1 2 6 -5 7 -7 -8 -9
leaf_value=0.33489421635305971 0.18699913909716395 -0.053185831814094191 0.19278451395676044 0.31408334101281293 0.40516302965455137 -0.49497276039680632 -0.008147118275126956 -0.085455784130460899
leaf_weight=256 184 815 1059 1278 167 696 43741 636
leaf_count=256 184 815 1059 1278 167 696 43741 636
internal_value=5.57195e-05 -0.00177748 0.00448379 0.171498 -0.175229 -0.35188 -0.00335545 0.0203068
internal_weight=48832 48576 46893 2093 1683 880 44800 803
internal_count=48832 48576 46893 2093 1683 880 44800 803
is_linear=0
shrinkage=0.03


Tree=109
num_leaves=13
num_cat=0
split_feature=72 45 168 171 148 12 50 53 159 123 50 76
split_gain=32793.3 54009.4 43958.6 48321.8 38409.5 64361.2 54262 45875.7 39275.8 38223.8 49349.6 36016.6
threshold=-0.0020201206207275386 -0.86046862602233876 -0.001880228519439697 -0.99620333313941944 0.0080020264722406882 0.96549668908119213 0.18992538750171664 0.67401409149169933 2.8736276626586919 0.5886749029159547 0.095587160438299193 1.2841827273368838
decision_type=2 2 2 2 2 2 2 2 2 2 2 2
left_child=1 9 3 -3 6 7 8 -6 -2 10 -1 -4
right_child=4 2 11 -5 5 -7 -8 -9 -10 -11 -12 -13
leaf_value=0.2348907498051758 -0.0084098225868829493 -0.0076596177549123068 0.12645871772236333 -0.56788315151696611 0.10168825035114833 -0.56978488049738341 0.50926724829981407 -0.31115299814421199 0.18802910481209459 0.040256533746389635 0.90119003293769695 -0.33370505634560643
leaf_weight=273 42949 420 2025 197 628 271 176 381 926 272 158 156
leaf_count=273 42949 420 2025 197 628 271 176 381 926 272 158 156
internal_value=5.89137e-05 0.0883877 0.0288828 -0.192736 -0.00678088 -0.168134 -0.0020553 -0.0557249 -0.004222 0.321496 0.494045 0.0921718
internal_weight=48832 3501 2798 617 45331 1280 44051 1009 43875 703 431 2181
internal_count=48832 3501 2798 617 45331 1280 44051 1009 43875 703 431 2181
is_linear=0
shrinkage=0.03


Tree=110
num_leaves=11
num_cat=0
split_feature=124 165 55 23 121 87 26 44 26 73
split_gain=32891.2 52944.2 38989 68520.7 57929.2 43784.4 97232.1 77304.8 40251.1 21042.4
threshold=3.7550886869430546 0.0016035565058700743 -26.834011077880856 1.2335484623908999 39.077445983886726 -1.0655976533889768 0.0025024882052093749 -0.39271505177021021 0.0035474981414154176 33.159675598144538
decision_type=2 2 2 2 2 2 2 2 2 2
left_child=2 9 3 8 -5 6 -4 -7 -1 -2
right_child=1 -3 5 4 -6 7 -8 -9 -10 -11
leaf_value=0.12488651254541502 0.11381249021983049 -0.67731751201053458 -0.0072221990104937408 -0.43703998996194487 0.033794539749258903 -0.11598476484423099 0.1417953511865753 0.0093250606047389495 0.41724231683485319 -0.23838463743438745
leaf_weight=1513 295 152 21053 281 1220 7264 4838 11332 587 297
leaf_count=1513 295 152 21053 281 1220 7264 4838 11332 587 297
internal_value=5.90086e-05 -0.196547 0.00314106 0.0979464 -0.0566587 -0.00455324 0.0206673 -0.0396597 0.208197 -0.0639058
internal_weight=48832 744 48088 3601 1501 44487 25891 18596 2100 592
internal_count=48832 744 48088 3601 1501 44487 25891 18596 2100 592
is_linear=0
shrinkage=0.03


Tree=111
num_leaves=13
num_cat=0
split_feature=138 55 50 8 38 107 37 26 25 69 50 15
split_gain=32038.2 44584.2 60458.9 52246.3 61106.9 42379.8 38904.5 18042.5 33530.3 29119.8 16890.6 5998.25
threshold=-0.0021536797285079952 -26.018619537353512 0.18992538750171664 23.816321372985843 -0.0857500024139881 0.061523182317614562 0.36030000448226934 0.0022391123929992322 23.187740325927738 0.16500063985586169 0.090932846069335951 0.20735290646553042
decision_type=2 2 2 2 2 2 2 2 2 2 2 2
left_child=7 3 6 4 -2 -5 -3 10 -9 -10 11 -1
right_child=1 2 -4 5 -6 -7 -8 8 9 -11 -12 -13
leaf_value=-0.21320801264620179 0.089425619211020824 0.0087529939591155393 0.54443633349837506 0.39491396254058492 0.44882448938934633 -0.11481009421350935 -0.071173134358702289 0.2493362545939507 -0.14357782955797241 -0.50046877558071778 0.20021863032664569 -0.038817305557087102
leaf_weight=193 1229 35667 172 162 647 995 6466 152 1174 244 249 1482
leaf_count=193 1229 35667 172 162 647 995 6466 152 1174 244 249 1482
internal_value=5.33369e-05 0.00680665 -0.00117096 0.117718 0.215099 -0.0406675 -0.00352696 -0.0873467 -0.162483 -0.208064 -0.0255119 -0.0600574
internal_weight=48832 45338 42305 3033 1876 1157 42133 3494 1570 1418 1924 1675
internal_count=48832 45338 42305 3033 1876 1157 42133 3494 1570 1418 1924 1675
is_linear=0
shrinkage=0.03


Tree=112
num_leaves=16
num_cat=0
split_feature=11 34 26 34 57 44 33 29 170 26 3 37 172 72 73
split_gain=32991.7 73392.4 143809 72230.6 53366 83816.6 63577.6 48760.4 47394.7 79782 65753.8 209699 58928.9 44393.3 25541.4
threshold=0.081221431493759169 0.16499999910593036 0.0025914119323715572 0.034999999217689044 0.0020065545104444031 -0.54643493890762318 1.4490000009536745 1.8036547899246218 0.0012002714793197813 0.0020218831486999993 0.00030252337455749517 -0.032649999484419816 2.8272920846939091 0.00021624565124511721 52.388389587402351
decision_type=2 2 2 2 2 2 2 2 2 2 2 2 2 2 2
left_child=1 2 3 -1 5 -3 -6 -4 9 14 11 -10 -12 -11 -2
right_child=8 4 7 -5 6 -7 -8 -9 10 13 12 -13 -14 -15 -16
leaf_value=-0.025617024925509522 -0.073065991539424904 -0.3026894123440676 0.92081939434809401 0.34096262221145401 0.14304346020789116 0.018562459302236673 -0.010356227049181427 0.24445452462448627 -0.052538786262171573 0.8312100690166363 -0.0099936723232638292 -1.2576010799581654 -0.1838801426650124 0.16321606394177987 0.12879756927027972
leaf_weight=1660 1031 1173 264 672 3478 1910 8025 162 646 181 26204 153 1870 180 1223
leaf_count=1660 1031 1173 264 672 3478 1910 8025 162 646 181 26204 153 1870 180 1223
internal_value=5.69814e-05 0.0332712 0.174894 0.0810231 0.00639091 -0.104249 0.036109 0.675116 -0.0182426 0.103816 -0.0293295 -0.295988 -0.0216375 0.511515 0.0365485
internal_weight=48832 17344 2758 2332 14586 3083 11503 426 31488 2615 28873 799 28074 361 2254
internal_count=48832 17344 2758 2332 14586 3083 11503 426 31488 2615 28873 799 28074 361 2254
is_linear=0
shrinkage=0.03


Tree=113
num_leaves=9
num_cat=0
split_feature=153 9 27 32 121 58 50 158
split_gain=32269.6 61318.1 57437.8 57258.4 54492.1 37238.5 37981.6 34958.1
threshold=0.00097423151601105939 0.00049651152221485983 0.5611344873905183 0.074404764920473113 48.569543838500984 11.65361261367798 0.17293815314769748 0.78363850712776195
decision_type=2 2 2 2 2 2 2 2
left_child=4 2 3 -2 7 6 -3 -1
right_child=1 5 -4 -5 -6 -7 -8 -9
leaf_value=0.14830213152982802 -0.85368352703965467 0.0013144268324874419 0.12159540142203652 -0.22198963783261641 -0.08674695502242645 -0.41245104238544539 0.27010297551380941 0.79216946272416544
leaf_weight=151 163 46591 289 558 273 184 468 155
leaf_count=151 163 46591 289 558 273 184 468 155
internal_value=6.06487e-05 -0.00263293 -0.232765 -0.374524 0.220773 0.00233524 0.00404434 0.489192
internal_weight=48832 48253 1010 721 579 47243 47059 306
internal_count=48832 48253 1010 721 579 47243 47059 306
is_linear=0
shrinkage=0.03


Tree=114
num_leaves=13
num_cat=0
split_feature=169 122 44 9 25 170 47 105 41 40 12 74
split_gain=32659.2 46219.8 46127.5 62429.1 43925.8 59588.5 71981.5 57403.9 85822.8 46782.3 15941.2 15551.2
threshold=21.916713714599613 0.0019164127879776063 0.33172981441020971 0.0048744364175945529 59.470685958862312 0.0030499994754791264 0.65450850129127514 0.00081889075227081787 -0.50199998915195454 -0.034772726707160466 0.11063721776008607 0.15962519496679309
decision_type=2 2 2 2 2 2 2 2 2 2 2 2
left_child=1 10 3 -3 7 9 -7 -2 -9 -6 -1 -4
right_child=4 2 11 -5 5 6 -8 8 -10 -11 -12 -13
leaf_value=-0.32759983663150871 -0.40748530716171233 0.33547592772513984 0.1350554335795916 -0.20996762047807374 -0.15607913891902489 -0.25765439434127713 0.31510015491094134 0.011414962847028387 0.48575777802283548 0.0041365169272847844 0.03335654464759389 -0.13147288768435131
leaf_weight=254 280 1255 315 215 1985 1881 212 32199 337 9222 186 491
leaf_count=254 280 1255 315 215 1985 1881 212 32199 337 9222 186 491
internal_value=5.73466e-05 0.100958 0.155363 0.25482 -0.00590578 -0.0518754 -0.198418 0.0127354 0.0164758 -0.024355 -0.177663 -0.02693
internal_weight=48832 2716 2276 1470 46116 13300 2093 32816 32536 11207 440 806
internal_count=48832 2716 2276 1470 46116 13300 2093 32816 32536 11207 440 806
is_linear=0
shrinkage=0.03


Tree=115
num_leaves=13
num_cat=0
split_feature=42 107 30 33 34 170 123 32 63 74 169 12
split_gain=31361.4 40683.1 37323 44459.3 147790 108622 35813.2 37089.3 29666.5 21102.8 14408.7 6113.68
threshold=0.039761904627084739 0.19099847972393039 3.5874999761581425 2.1035000085830693 0.24499999731779101 0.004505361896008254 0.085168182849884047 0.7425062656402589 0.57215523719787609 0.19035694003105166 51.956674575805671 -0.6419498324394225
decision_type=2 2 2 2 2 2 2 2 2 2 2 2
left_child=2 9 3 4 -1 -5 7 -4 -8 11 -11 -2
right_child=1 -3 6 5 -6 -7 8 -9 -10 10 -12 -13
leaf_value=0.40268573458112467 -0.063883442451341407 -0.22975845903444747 -0.28143524373513318 -0.03630279408730458 0.0035403209489133672 -0.81634901983870389 0.13464921737604296 0.17922812671255015 0.5601845134148058 0.14889876586085718 0.39747676246579394 0.11616520093208726
leaf_weight=854 244 250 248 19926 24779 152 352 393 255 438 430 511
leaf_count=854 244 250 248 19926 24779 152 352 393 255 438 430 511
internal_value=5.45821e-05 0.120104 -0.00475822 -0.0091927 0.0169903 -0.0426116 0.156447 -0.000585803 0.319598 0.175072 0.275167 0.0579028
internal_weight=48832 1873 46959 45711 25633 20078 1248 641 607 1623 868 755
internal_count=48832 1873 46959 45711 25633 20078 1248 641 607 1623 868 755
is_linear=0
shrinkage=0.03


Tree=116
num_leaves=10
num_cat=0
split_feature=171 159 72 45 28 153 9 34 123
split_gain=31277.9 42476.4 36379.9 48868 39384.5 39151.6 63414.3 49511 35304
threshold=-3.1751174926757808 1.1938439011573794 -0.0020201206207275386 -0.86046862602233876 -0.27335996925830836 0.00097423151601105939 0.00049651152221485983 0.79500001668930065 0.5886749029159547
decision_type=2 2 2 2 2 2 2 2 2
left_child=1 -1 3 8 -5 7 -7 -4 -2
right_child=2 -3 5 4 -6 6 -8 -9 -10
leaf_value=-0.0020922037265246798 0.48639514591878857 -0.62742054444870776 -0.11552226304546545 0.19243975947813413 -0.045112143998138357 -0.24936827573696066 -0.0027417670374291761 0.46520067356290662 0.046279514832455758
leaf_weight=234 425 158 208 961 1771 949 43522 337 267
leaf_count=234 425 158 208 961 1771 949 43522 337 267
internal_value=5.61084e-05 -0.263475 0.00224267 0.0963645 0.0388455 -0.00493621 -0.00805959 0.245479 0.31966
internal_weight=48832 392 48440 3424 2732 45016 44471 545 692
internal_count=48832 392 48440 3424 2732 45016 44471 545 692
is_linear=0
shrinkage=0.03


Tree=117
num_leaves=12
num_cat=0
split_feature=172 147 34 121 76 27 76 28 128 40 155
split_gain=31500.6 89767.7 71970.3 63842.8 64495.5 44591.2 41367.1 40343.5 39217.1 21534 17548.3
threshold=2.8272920846939091 0.00056150852469727408 0.50499999523162853 52.868852615356452 -0.10848344862461089 -3.3481484651565547 4.4112229347229013 -2.592195868492126 1.1487143039703371 0.86947727203369152 0.12412510067224504
decision_type=2 2 2 2 2 2 2 2 2 2 2
left_child=5 2 7 4 -3 -1 8 -2 -7 -4 -8
right_child=1 3 9 -5 -6 6 10 -9 -10 -11 -12
leaf_value=-0.37303342082440205 0.2647529450411627 0.026470583393553595 0.16921285310934764 -0.74911478220950811 -0.35138644180350725 0.01027301268387598 0.40670374092198569 -0.27188644983623861 -0.16579683017402519 0.51278314559405191 0.039566861248646792
leaf_weight=267 159 788 502 182 827 43698 321 497 1159 247 185
leaf_count=267 159 788 502 182 827 43698 321 497 1159 247 185
internal_value=5.53349e-05 -0.0907528 0.0885647 -0.230668 -0.167992 0.00644611 0.0087614 -0.139795 0.00568784 0.287776 0.275842
internal_weight=48832 3202 1405 1797 1615 45630 45363 656 44857 749 506
internal_count=48832 3202 1405 1797 1615 45630 45363 656 44857 749 506
is_linear=0
shrinkage=0.03


Tree=118
num_leaves=9
num_cat=0
split_feature=39 39 39 122 82 142 77 116
split_gain=31420.1 53088.2 63917.3 69451 62974.5 136792 97778.1 43712
threshold=-2.2173373699188228 -1.9924272894859312 -1.9131523966789243 0.0020887638675048952 0.49500000476837164 -1.0000000180025095e-35 1.8860714435577395 16.773330688476566
decision_type=2 2 2 2 2 2 2 2
left_child=-1 4 3 -3 6 -6 -2 -4
right_child=1 2 7 -5 5 -7 -8 -9
leaf_value=0.32521162137781318 0.53640692272900481 -0.050289134310321372 0.18617790918670057 0.30303587596930032 -0.90902093006349116 -0.051028472545776478 -0.17125453867252849 -0.0079891421650922743
leaf_weight=256 217 815 1059 1278 263 435 768 43741
leaf_count=256 217 815 1059 1278 263 435 768 43741
internal_value=5.07175e-05 -0.00172949 0.00422815 0.165869 -0.16677 -0.382585 -0.0115293 -0.00335882
internal_weight=48832 48576 46893 2093 1683 698 985 44800
internal_count=48832 48576 46893 2093 1683 698 985 44800
is_linear=0
shrinkage=0.03


Tree=119
num_leaves=8
num_cat=0
split_feature=26 26 56 76 171 32 32
split_gain=31287.9 57826.9 67911.2 55194.8 37140.9 86726.4 69417.8
threshold=0.0066485491115599879 0.0055435982067137965 -50.008296966552727 -0.14407157152891156 0.35196532309055334 -0.05382894724607467 0.40281385183334356
decision_type=2 2 2 2 2 2 2
left_child=1 4 -3 -4 6 -6 -1
right_child=-2 2 3 -5 5 -7 -8
leaf_value=0.06284824236359228 0.3802784543507492 0.21671592678049367 -0.88397868825329673 -0.17620375399188748 -0.20456631604052308 -0.0069027364957291214 -0.029651110540418371
leaf_weight=16857 184 157 179 222 2271 16094 12868
leaf_count=16857 184 157 179 222 2271 16094 12868
internal_value=5.01864e-05 -0.0014658 -0.302394 -0.505964 0.00208808 -0.0314437 0.0228086
internal_weight=48832 48648 558 401 48090 18365 29725
internal_count=48832 48648 558 401 48090 18365 29725
is_linear=0
shrinkage=0.03


Tree=120
num_leaves=12
num_cat=0
split_feature=169 39 122 46 25 37 47 72 105 34 149
split_gain=30774.6 44395.4 49372 79156.4 41227.8 58599.8 79300.7 53234.1 55769.6 47829.6 35223.9
threshold=21.916713714599613 -0.40119004249572748 0.004035353660583497 -0.76942089200019825 59.470685958862312 0.5038999915122987 1.0000000180025095e-35 -0.0021026134490966793 0.00081889075227081787 -0.73500001430511464 0.89079770445823681
decision_type=2 2 2 2 2 2 2 2 2 2 2
left_child=1 2 3 -1 7 9 -7 10 -9 -6 -2
right_child=4 -3 -4 -5 5 6 -8 8 -10 -11 -12
leaf_value=0.49249320726151813 0.11627638177587113 0.56917515565525501 -0.31377786336893382 0.030288904006756531 0.40967145687883549 -0.47505452861154984 -0.022749792328888647 -0.42249845698259092 0.0066354152414573866 -0.036850260438655358 0.5058091034514528
leaf_weight=395 1668 159 265 1897 210 644 750 265 30652 11696 231
leaf_count=395 1668 159 265 1897 210 644 750 265 30652 11696 231
internal_value=4.47409e-05 0.0979906 0.0665881 0.111738 -0.00574377 -0.0502793 -0.233601 0.0123158 0.00282174 -0.0286372 0.166062
internal_weight=48832 2716 2557 2292 46116 13300 1394 32816 30917 11906 1899
internal_count=48832 2716 2557 2292 46116 13300 1394 32816 30917 11906 1899
is_linear=0
shrinkage=0.03


Tree=121
num_leaves=9
num_cat=0
split_feature=42 103 10 56 170 41 30 80
split_gain=30461.3 36665.8 61154.4 42872.9 44620.6 38197.7 32338.7 12479.5
threshold=-0.081363637000322328 -35.375879287719719 6.2999370098114023 -168.22814941406247 0.0059966146945953378 -0.92749997973442067 1.6309999823570254 0.21978260576725009
decision_type=2 2 2 2 2 2 2 2
left_child=6 2 5 -3 -5 -2 -1 -8
right_child=1 3 -4 4 -6 -7 7 -9
leaf_value=-0.58350440252199764 0.022146315672801467 -0.4745922651628538 0.5561634814115457 -0.0037680795683665844 0.37277690443082862 0.48321284163533967 0.12166414066675424 -0.22426490328882051
leaf_weight=150 1781 163 248 45687 275 168 163 197
leaf_count=150 1781 163 248 45687 275 168 163 197
internal_value=4.86773e-05 0.00250586 0.12196 -0.00320912 -0.00143454 0.0641531 -0.228338 -0.0685809
internal_weight=48832 48322 2197 46125 45962 1949 510 360
internal_count=48832 48322 2197 46125 45962 1949 510 360
is_linear=0
shrinkage=0.03


Tree=122
num_leaves=13
num_cat=0
split_feature=11 74 73 122 74 134 28 89 39 89 88 146
split_gain=30280.2 104319 90131.5 57876.6 97428.7 48871.6 45043 119972 80179.9 58523.4 61959.2 31394.6
threshold=0.081221431493759169 0.44033758342266088 23.122669219970707 0.0037442998727783565 0.37145479023456579 0.21651515364646914 -0.029406567104160782 -0.52750000357627858 -2.0005352497100826 -0.5649999976158141 1.9779040217399599 0.00095928012160584341
decision_type=2 2 2 2 2 2 2 2 2 2 2 2
left_child=1 3 -3 5 -5 -1 9 8 -8 10 -2 -4
right_child=6 2 11 4 -6 -7 7 -9 -10 -11 -12 -13
leaf_value=0.058566704064605291 0.024413779351713686 1.0151982740206376 -0.040998419429506029 -0.037311181455870472 -0.56684672953722448 -0.25050506995188138 -0.37782653109830561 -0.73752806007205651 -0.029203555953160275 0.52892809904068705 -0.29067695364773855 0.48418254269726485
leaf_weight=12706 14686 158 238 3270 336 468 608 217 15213 190 574 168
leaf_count=12706 14686 158 238 3270 336 468 608 217 15213 190 574 168
internal_value=4.88743e-05 0.0318689 0.429565 0.0182539 -0.0880834 0.0474054 -0.0174826 -0.0526845 -0.0428313 0.0190695 0.0123791 0.182733
internal_weight=48832 17344 564 16780 3606 13174 31488 16038 15821 15450 15260 406
internal_count=48832 17344 564 16780 3606 13174 31488 16038 15821 15450 15260 406
is_linear=0
shrinkage=0.03


Tree=123
num_leaves=13
num_cat=0
split_feature=99 39 30 46 46 33 117 30 122 30 30 74
split_gain=30269.4 67724.9 92053.7 118295 88667.3 131247 73736 57117.7 54429 53638.5 118732 71969.5
threshold=0.00052791635971516382 -1.4374071359634397 3.3775000572204594 -1.0000000180025095e-35 -0.76942089200019825 3.5995000600814824 0.0014207490603439512 3.2024999856948857 0.0026321369223296647 3.2925000190734868 2.9025000333786015 0.26146478950977331
decision_type=2 2 2 2 2 2 2 2 2 2 2 2
left_child=8 4 7 -4 5 -2 -6 -3 9 10 -1 -11
right_child=1 2 3 -5 6 -7 -8 -9 -10 11 -12 -13
leaf_value=-0.022610385905134256 0.54801562726748987 -0.0057017220637904653 -0.76838995057934767 0.18491180866025389 0.11408108674659996 -0.043115760369492599 -0.11518914321728799 0.41211859460355654 -0.59381929899083574 0.0016132898462290705 -0.40773920820906345 0.54055152319599009
leaf_weight=4153 820 34495 303 182 3964 568 1841 287 158 914 862 285
leaf_count=4153 820 34495 303 182 3964 568 1841 287 158 914 862 285
internal_value=4.60592e-05 0.00920022 -0.00791852 -0.414147 0.0930272 0.307534 0.0412972 -0.00213666 -0.0608718 -0.0463885 -0.0894877 0.133129
internal_weight=48832 42460 35267 485 7193 1388 5805 34782 6372 6214 5015 1199
internal_count=48832 42460 35267 485 7193 1388 5805 34782 6372 6214 5015 1199
is_linear=0
shrinkage=0.03


Tree=124
num_leaves=13
num_cat=0
split_feature=172 29 29 29 29 25 122 124 26 155 169 26
split_gain=30254.1 79886 145536 79055.6 63922.6 63622.8 56556.6 105052 92217.8 67707 61198 48755.2
threshold=2.234472513198853 0.4093636423349381 0.23045454919338229 1.2137954831123354 1.3942857384681704 59.308109283447273 0.0070748373400419959 -0.40171909332275385 0.0055435982067137965 0.14531350880861285 63.591472625732429 0.004104277817532421
decision_type=2 2 2 2 2 2 2 2 2 2 2 2
left_child=6 2 11 5 -5 -3 8 -8 10 -9 -1 -2
right_child=1 3 -4 4 -6 -7 7 9 -10 -11 -12 -13
leaf_value=-0.0070778777520000115 -0.29311276263811376 0.35784630100828418 -0.97884865763394735 -0.52079170179982903 -0.042488750221511599 -0.3066352124903351 0.81932353782111944 -0.27705448840254099 -0.52439167786250684 0.47051326139013194 0.094723604604000672 0.25359321075443847
leaf_weight=36197 386 712 220 261 3530 150 210 269 285 169 6219 224
leaf_count=36197 386 712 220 261 3530 150 210 269 285 169 6219 224
internal_value=4.37237e-05 -0.0662859 -0.335556 -0.017637 -0.0767021 0.240027 0.00844678 0.28446 0.00419257 0.0154546 0.00786698 -0.091503
internal_weight=48832 5483 830 4653 3791 862 43349 648 42701 438 42416 610
internal_count=48832 5483 830 4653 3791 862 43349 648 42701 438 42416 610
is_linear=0
shrinkage=0.03


Tree=125
num_leaves=9
num_cat=0
split_feature=39 39 39 122 164 178 33 120
split_gain=30094.4 47552.5 59894.8 65293.3 59562.2 54283.2 42376.8 33905.2
threshold=-2.2173373699188228 -1.9924272894859312 -1.9131523966789243 0.0019164127879776063 53.605400085449226 0.49500000476837164 2.1035000085830693 -0.00065465271472930897
decision_type=2 2 2 2 2 2 2 2
left_child=-1 4 3 -3 5 -2 -4 -6
right_child=1 2 6 -5 7 -7 -8 -9
leaf_value=0.31826407643581239 -0.12245224335758219 -0.12278880726280927 0.020520270707415546 0.25854212972078439 -0.23097069293490213 -0.59941542239593082 -0.038968855553998927 0.17153800481246353
leaf_weight=256 511 538 26780 1555 282 369 18020 521
leaf_count=256 511 538 26780 1555 282 369 18020 521
internal_value=3.65499e-05 -0.0017057 0.00393279 0.160404 -0.157905 -0.326939 -0.00341152 0.0290815
internal_weight=48832 48576 46893 2093 1683 880 44800 803
internal_count=48832 48576 46893 2093 1683 880 44800 803
is_linear=0
shrinkage=0.03


Tree=126
num_leaves=13
num_cat=0
split_feature=39 29 29 122 107 39 105 26 39 122 39 21
split_gain=29844.4 100871 91874.6 106535 70160.3 102914 86274.3 67461.6 61942.8 61863 117730 91929.2
threshold=-1.0655976533889768 1.0463635921478274 1.1009091138839724 0.0023614423116669063 0.044222513213753707 -0.41949139535427088 0.0021844697184860711 0.0025024882052093749 -1.1486428976058958 0.0067178437020629653 -0.24903181195259091 0.0026222382439300422
decision_type=2 2 2 2 2 2 2 2 2 2 2 2
left_child=1 8 3 -3 5 6 -2 -4 -1 10 -6 -11
right_child=4 2 7 -5 9 -7 -8 -9 -10 11 -12 -13
leaf_value=-0.70578843996856699 -0.92154882943126515 -0.15398637441404028 -0.0023231633229377048 0.83012374070106765 -0.014998572212454875 0.29862395345360038 -0.23320879702237318 0.11749748193462307 0.0007522599297490987 0.59007989756460932 -0.65063663410849137 -0.077714701222758434
leaf_weight=265 203 153 21899 257 18649 240 763 5231 188 360 256 368
leaf_count=265 203 153 21899 257 18649 240 763 5231 188 360 256 368
internal_value=3.33298e-05 0.0202659 0.0276388 0.46796 -0.0271418 -0.248277 -0.38582 0.0208145 -0.418883 -0.0134386 -0.0239454 0.256034
internal_weight=48832 27993 27540 410 20839 1206 966 27130 453 19633 18905 728
internal_count=48832 27993 27540 410 20839 1206 966 27130 453 19633 18905 728
is_linear=0
shrinkage=0.03


Tree=127
num_leaves=11
num_cat=0
split_feature=153 9 27 121 38 15 88 59 11 145
split_gain=30019.9 52599.4 56974.7 49540.8 48620.8 41009 99209.7 35828.7 35077.4 25755.8
threshold=0.00097423151601105939 0.00052841121214441966 0.45769234001636511 47.644035339355476 -0.073722943663597093 0.17297325283288958 0.20252941548824313 0.08696871250867845 0.099767778068780913 0.00060832998133264493
decision_type=2 2 2 2 2 2 2 2 2 2
left_child=3 2 4 7 -2 6 -3 -1 -7 -4
right_child=1 5 9 -5 -6 8 -8 -9 -10 -11
leaf_value=0.78692042592493805 -0.213799164139793 0.73395324732296352 -0.098502632966380066 -0.075575001152853163 -0.77932904620220256 0.024023562336229039 0.020617056614484545 0.1320502184229608 -0.028290824704983945 0.39176446777970891
leaf_weight=150 629 224 233 278 170 23562 704 151 22580 151
leaf_count=150 629 224 233 278 170 23562 704 151 22580 151
internal_value=2.66598e-05 -0.00257132 -0.199295 0.212906 -0.342271 0.00241417 0.198791 0.473207 -0.00157753 0.0993349
internal_weight=48832 48253 1183 579 799 47070 928 301 46142 384
internal_count=48832 48253 1183 579 799 47070 928 301 46142 384
is_linear=0
shrinkage=0.03


Tree=128
num_leaves=14
num_cat=0
split_feature=169 122 44 122 32 59 44 159 56 170 124 29 155
split_gain=29445.9 42609.9 43573.6 58419.2 37516.1 81441.1 61920.9 55907.6 82755.9 59365.8 39029.3 15058.6 12957.2
threshold=21.916713714599613 0.0019164127879776063 0.33172981441020971 0.0031169609865173702 -0.24618182331323621 0.072074137628078475 -0.49049438536167139 2.8736276626586919 -58.062076568603509 0.0040180513169616469 -1.0686816573143003 1.7951309680938723 0.11003809049725534
decision_type=2 2 2 2 2 2 2 2 2 2 2 2 2
left_child=1 12 3 -3 5 10 -7 9 -9 -6 -2 -4 -1
right_child=4 2 11 -5 7 6 -8 8 -10 -11 -12 -13 -14
leaf_value=0.049626622475438004 -0.13268968138013568 0.43430747519855878 0.042278981757780554 0.056464796173200993 0.00060796390166039434 -0.62866341348058663 -0.12969018508742253 0.80024973934888843 0.093668253686637976 -0.18791190368135896 0.46833826657114547 -0.25997869561858394 -0.28734015155621245
leaf_weight=153 165 726 622 744 42126 333 665 170 893 1549 215 184 287
leaf_count=153 165 726 622 744 42126 333 665 170 893 1549 215 184 287
internal_value=3.13502e-05 0.0958394 0.148079 0.244746 -0.00563082 -0.159234 -0.300766 -0.000865069 0.213073 -0.00611966 0.210655 -0.0290632 -0.171669
internal_weight=48832 2716 2276 1470 46116 1378 998 44738 1063 43675 380 806 440
internal_count=48832 2716 2276 1470 46116 1378 998 44738 1063 43675 380 806 440
is_linear=0
shrinkage=0.03


Tree=129
num_leaves=13
num_cat=0
split_feature=1 29 165 155 26 25 29 105 26 106 71 124
split_gain=29588.5 62040.3 55091.2 69263.2 68397.5 55383.2 108088 74883.2 41801.3 51306.5 39828.2 22582.1
threshold=0.0003608167171478272 0.68750000000000011 0.00070893127121962618 0.19821401685476306 0.0026244904147461061 35.922214508056648 -0.35568921267986292 0.0022580503718927507 0.0020308153470978145 1.8749858736991885 0.1700084134936333 1.4353126883506777
decision_type=2 2 2 2 2 2 2 2 2 2 2 2
left_child=1 -1 3 4 -2 6 -4 -7 10 -10 -3 -5
right_child=2 8 5 11 -6 7 -8 -9 9 -11 -12 -13
leaf_value=-0.62402242284941378 0.081718033609362972 -0.12897963618912556 0.78495997772689474 -0.31774804702056264 0.37479915547761072 -0.13607268852871382 0.047392372878040642 -0.001901202839731198 0.58294064323469319 0.032349975692150285 0.0057013517852052917 0.091784378431299149
leaf_weight=156 4789 3845 173 445 835 4545 7965 21022 189 655 4053 160
leaf_count=156 4789 3845 173 445 835 4545 7965 21022 189 655 4053 160
internal_value=3.2371e-05 -0.0494075 0.0110581 0.0929473 0.12582 -0.00409893 0.0640159 -0.0257965 -0.0384522 0.161028 -0.0599459 -0.209711
internal_weight=48832 8898 39934 6229 5624 33705 8138 25567 8742 844 7898 605
internal_count=48832 8898 39934 6229 5624 33705 8138 25567 8742 844 7898 605
is_linear=0
shrinkage=0.03


end of trees

feature_importances:
Column_32=56
Column_74=56
Column_26=55
Column_39=52
Column_122=45
Column_170=43
Column_169=41
Column_30=36
Column_25=27
Column_38=26
Column_69=25
Column_31=24
Column_34=24
Column_9=23
Column_44=22
Column_87=22
Column_29=21
Column_57=21
Column_33=20
Column_59=20
Column_76=20
Column_35=19
Column_121=19
Column_41=18
Column_73=18
Column_159=18
Column_56=17
Column_8=16
Column_40=16
Column_46=16
Column_28=15
Column_50=15
Column_147=15
Column_11=14
Column_105=14
Column_51=13
Column_99=13
Column_165=13
Column_15=12
Column_151=12
Column_153=12
Column_81=11
Column_36=10
Column_37=10
Column_42=10
Column_82=10
Column_124=10
Column_155=10
Column_45=9
Column_92=9
Column_104=9
Column_123=9
Column_172=9
Column_27=8
Column_47=8
Column_75=8
Column_88=8
Column_52=7
Column_63=7
Column_80=7
Column_146=7
Column_152=7
Column_3=6
Column_77=6
Column_107=6
Column_116=6
Column_117=6
Column_138=6
Column_171=6
Column_23=5
Column_94=5
Column_4=4
Column_10=4
Column_12=4
Column_58=4
Column_72=4
Column_83=4
Column_84=4
Column_89=4
Column_98=4
Column_103=4
Column_110=4
Column_145=4
Column_164=4
Column_168=4
Column_21=3
Column_24=3
Column_49=3
Column_55=3
Column_135=3
Column_142=3
Column_148=3
Column_154=3
Column_162=3
Column_183=3
Column_7=2
Column_20=2
Column_93=2
Column_95=2
Column_106=2
Column_111=2
Column_128=2
Column_129=2
Column_134=2
Column_136=2
Column_158=2
Column_176=2
Column_1=1
Column_53=1
Column_71=1
Column_78=1
Column_79=1
Column_86=1
Column_100=1
Column_120=1
Column_125=1
Column_130=1
Column_140=1
Column_149=1
Column_156=1
Column_167=1
Column_178=1
Column_186=1
Column_188=1

parameters:
[boosting: gbdt]
[objective: regression]
[metric: l2]
[tree_learner: serial]
[device_type: cpu]
[data_sample_strategy: bagging]
[data: ]
[valid: ]
[num_iterations: 130]
[learning_rate: 0.03]
[num_leaves: 31]
[num_threads: 4]
[seed: 42]
[deterministic: 0]
[force_col_wise: 0]
[force_row_wise: 0]
[histogram_pool_size: -1]
[max_depth: 4]
[min_data_in_leaf: 150]
[min_sum_hessian_in_leaf: 0.001]
[bagging_fraction: 0.8]
[pos_bagging_fraction: 1]
[neg_bagging_fraction: 1]
[bagging_freq: 0]
[bagging_seed: 400]
[bagging_by_query: 0]
[feature_fraction: 0.7]
[feature_fraction_bynode: 1]
[feature_fraction_seed: 30056]
[extra_trees: 0]
[extra_seed: 12879]
[early_stopping_round: 0]
[early_stopping_min_delta: 0]
[first_metric_only: 0]
[max_delta_step: 0]
[lambda_l1: 0]
[lambda_l2: 10]
[linear_lambda: 0]
[min_gain_to_split: 0]
[drop_rate: 0.1]
[max_drop: 50]
[skip_drop: 0.5]
[xgboost_dart_mode: 0]
[uniform_drop: 0]
[drop_seed: 17869]
[top_rate: 0.2]
[other_rate: 0.1]
[min_data_per_group: 100]
[max_cat_threshold: 32]
[cat_l2: 10]
[cat_smooth: 10]
[max_cat_to_onehot: 4]
[top_k: 20]
[monotone_constraints: ]
[monotone_constraints_method: basic]
[monotone_penalty: 0]
[feature_contri: ]
[forcedsplits_filename: ]
[refit_decay_rate: 0.9]
[cegb_tradeoff: 1]
[cegb_penalty_split: 0]
[cegb_penalty_feature_lazy: ]
[cegb_penalty_feature_coupled: ]
[path_smooth: 0]
[interaction_constraints: ]
[verbosity: -1]
[saved_feature_importance_type: 0]
[use_quantized_grad: 0]
[num_grad_quant_bins: 4]
[quant_train_renew_leaf: 0]
[stochastic_rounding: 1]
[linear_tree: 0]
[max_bin: 255]
[max_bin_by_feature: ]
[min_data_in_bin: 3]
[bin_construct_sample_cnt: 200000]
[data_random_seed: 175]
[is_enable_sparse: 1]
[enable_bundle: 1]
[use_missing: 1]
[zero_as_missing: 0]
[feature_pre_filter: 1]
[pre_partition: 0]
[two_round: 0]
[header: 0]
[label_column: ]
[weight_column: ]
[group_column: ]
[ignore_column: ]
[categorical_feature: ]
[forcedbins_filename: ]
[precise_float_parser: 0]
[parser_config_file: ]
[objective_seed: 16083]
[num_class: 1]
[is_unbalance: 0]
[scale_pos_weight: 1]
[sigmoid: 1]
[boost_from_average: 1]
[reg_sqrt: 0]
[alpha: 0.9]
[fair_c: 1]
[poisson_max_delta_step: 0.7]
[tweedie_variance_power: 1.5]
[lambdarank_truncation_level: 30]
[lambdarank_norm: 1]
[label_gain: ]
[lambdarank_position_bias_regularization: 0]
[eval_at: ]
[multi_error_top_k: 1]
[auc_mu_weights: ]
[num_machines: 1]
[local_listen_port: 12400]
[time_out: 120]
[machine_list_filename: ]
[machines: ]
[gpu_platform_id: -1]
[gpu_device_id: -1]
[gpu_device_id_list: ]
[gpu_use_dp: 0]
[num_gpu: 1]

end of parameters

pandas_categorical:null
